date,scheme,block,chainage_m,elevation_m,pipe_diameter_mm,pipe_material,pipe_length_m,flow_lps,expected_pressure_m,measured_pressure_m,number_of_offtakes,irrigation_duration_hr,pressure_difference_m,estimated_head_loss_m,hydraulic_status
2024-01-01,Embu Green,H,4343.2,987.8,90,PVC,139.5,3.25,53.85,56.38,1,1.74,2.53,0.0,High Pressure
2024-01-01,Mwea Smallholder,H,245.1,1172.0,63,PVC,591.6,4.33,35.18,39.29,1,1.52,4.11,0.0,Normal
2024-01-01,Kibugu-Nguviu,F,1396.7,1079.6,40,PVC,86.5,4.04,49.69,46.06,8,5.71,-3.63,3.63,Normal
2024-01-01,Kibugu-Nguviu,E,601.9,1198.1,32,PVC,199.0,6.19,40.45,35.4,6,3.64,-5.05,5.05,Normal
2024-01-01,Embu Green,C,1910.7,1212.9,75,PVC,104.8,4.71,38.55,31.26,10,2.92,-7.29,7.29,Normal
2024-01-01,Kibugu-Nguviu,H,2906.1,1110.8,40,PVC,560.1,7.36,42.58,41.08,11,3.52,-1.5,1.5,Normal
2024-01-01,Runyenjes East,H,3351.6,1285.2,50,HDPE,481.9,3.71,35.49,32.98,11,3.42,-2.51,2.51,Normal
2024-01-01,Kibugu-Nguviu,F,4139.7,1112.7,63,PVC,258.5,4.62,45.99,39.34,8,7.97,-6.65,6.65,Normal
2024-01-01,Runyenjes East,E,4479.6,1196.2,90,HDPE,231.4,5.05,39.72,33.12,4,3.32,-6.6,6.6,Normal
2024-01-01,Embu Green,F,2240.8,1061.3,63,HDPE,57.6,7.75,50.7,60.72,9,0.93,10.02,0.0,High Pressure
2024-01-01,Embu Green,G,4107.8,1294.8,40,HDPE,132.3,6.91,35.99,36.49,10,0.97,0.5,0.0,Normal
2024-01-01,Kibugu-Nguviu,E,4284.3,1272.1,50,PVC,60.7,3.36,34.84,22.69,4,2.95,-12.15,12.15,Normal
2024-01-02,Runyenjes East,C,2590.1,1267.8,50,PVC,632.6,5.59,29.24,30.53,7,7.66,1.29,0.0,Normal
2024-01-02,Runyenjes East,D,4556.1,1220.8,90,GI,377.8,5.11,43.74,37.8,4,6.09,-5.94,5.94,Normal
2024-01-02,Kibugu-Nguviu,G,4216.6,1321.6,50,GI,751.1,5.27,31.68,18.46,11,5.97,-13.22,13.22,Normal
2024-01-02,Runyenjes East,B,1972.9,1005.3,40,PVC,488.4,4.42,43.86,35.15,9,4.16,-8.71,8.71,Normal
2024-01-02,Mwea Smallholder,D,2484.6,982.4,32,GI,701.2,4.25,46.86,48.12,1,4.25,1.26,0.0,Normal
2024-01-03,Runyenjes East,E,1247.3,1221.6,25,HDPE,426.6,4.31,40.91,38.14,4,1.57,-2.77,2.77,Normal
2024-01-03,Runyenjes East,E,630.5,1267.4,25,HDPE,96.4,4.8,37.16,38.53,1,4.47,1.37,0.0,Normal
2024-01-03,Mwea Smallholder,H,1910.9,1234.5,75,GI,204.6,2.38,38.44,31.82,1,2.13,-6.62,6.62,Normal
2024-01-03,Mwea Smallholder,E,1209.5,962.7,40,PVC,546.7,6.7,45.88,34.45,5,2.77,-11.43,11.43,Normal
2024-01-03,Embu Green,G,415.7,1118.5,63,HDPE,238.6,6.17,47.6,43.32,5,4.58,-4.28,4.28,Normal
2024-01-03,Kibugu-Nguviu,D,1269.6,1246.0,63,PVC,191.1,2.7,37.62,35.16,1,0.71,-2.46,2.46,Normal
2024-01-04,Mwea Smallholder,E,2064.7,1294.9,63,PVC,334.6,9.24,37.42,39.15,8,5.95,1.73,0.0,Normal
2024-01-04,Kibugu-Nguviu,E,4511.7,1010.3,90,PVC,619.9,2.56,45.57,44.64,5,5.65,-0.93,0.93,Normal
2024-01-04,Runyenjes East,C,3710.4,1185.8,40,PVC,401.1,2.58,36.19,32.8,7,6.29,-3.39,3.39,Normal
2024-01-04,Mwea Smallholder,E,1101.1,961.2,50,PVC,71.6,6.08,54.36,51.46,8,5.16,-2.9,2.9,High Pressure
2024-01-04,Kibugu-Nguviu,D,2273.0,1122.4,40,PVC,145.7,3.16,42.05,35.44,1,2.75,-6.61,6.61,Normal
2024-01-04,Runyenjes East,B,1793.8,1148.3,25,HDPE,449.0,3.72,37.68,35.75,2,2.33,-1.93,1.93,Normal
2024-01-05,Kibugu-Nguviu,C,1144.7,1220.0,90,PVC,484.3,4.62,42.72,29.36,10,6.1,-13.36,13.36,Normal
2024-01-05,Mwea Smallholder,E,917.2,1315.5,50,PVC,666.2,3.87,28.48,29.09,4,2.89,0.61,0.0,Normal
2024-01-05,Runyenjes East,H,3633.5,985.1,50,PVC,558.5,5.87,49.51,46.55,7,6.75,-2.96,2.96,Normal
2024-01-05,Runyenjes East,G,523.3,1219.4,63,PVC,772.7,3.51,36.19,37.22,7,1.72,1.03,0.0,Normal
2024-01-05,Kibugu-Nguviu,C,2990.5,1310.2,63,PVC,435.5,8.09,36.79,31.2,5,7.26,-5.59,5.59,Normal
2024-01-05,Mwea Smallholder,D,3391.4,1153.3,75,PVC,639.3,3.47,38.15,30.0,1,1.63,-8.15,8.15,Normal
2024-01-05,Mwea Smallholder,B,295.2,971.8,50,PVC,731.0,5.97,42.29,47.04,3,6.78,4.75,0.0,Normal
2024-01-05,Runyenjes East,C,4946.3,1128.1,25,PVC,792.1,4.92,34.91,25.62,11,5.37,-9.29,9.29,Normal
2024-01-05,Runyenjes East,E,4752.0,969.6,63,HDPE,50.9,8.43,60.0,64.92,8,4.62,4.92,0.0,High Pressure
2024-01-05,Mwea Smallholder,E,4994.4,1097.5,63,PVC,264.0,9.46,38.55,34.2,2,0.79,-4.35,4.35,Normal
2024-01-05,Runyenjes East,E,4757.1,1202.7,63,HDPE,523.6,5.98,35.8,30.22,2,7.89,-5.58,5.58,Normal
2024-01-06,Mwea Smallholder,D,2226.8,1339.1,63,PVC,496.2,4.19,28.72,27.99,2,5.48,-0.73,0.73,Normal
2024-01-06,Embu Green,F,3106.1,1174.3,40,PVC,798.8,3.47,34.23,24.79,1,4.08,-9.44,9.44,Normal
2024-01-06,Mwea Smallholder,F,2967.5,1170.0,25,GI,797.6,2.61,38.75,44.85,1,1.49,6.1,0.0,Normal
2024-01-06,Mwea Smallholder,A,135.6,997.5,75,HDPE,212.6,1.7,55.38,54.88,9,7.8,-0.5,0.5,High Pressure
2024-01-06,Embu Green,A,2164.0,1256.0,40,PVC,41.1,7.19,34.89,36.36,8,2.79,1.47,0.0,Normal
2024-01-06,Mwea Smallholder,A,4230.4,957.6,32,PVC,776.8,4.7,41.87,31.0,1,3.61,-10.87,10.87,Normal
2024-01-07,Runyenjes East,D,3860.8,1143.6,50,HDPE,98.9,6.47,49.56,39.89,5,3.01,-9.67,9.67,Normal
2024-01-07,Kibugu-Nguviu,A,3176.8,1141.7,25,GI,179.4,7.97,50.09,51.29,6,3.85,1.2,0.0,High Pressure
2024-01-07,Kibugu-Nguviu,E,523.4,1222.3,90,PVC,180.2,6.61,39.19,39.04,10,4.46,-0.15,0.15,Normal
2024-01-07,Kibugu-Nguviu,E,1452.2,958.0,32,PVC,560.1,6.46,46.89,47.9,4,6.1,1.01,0.0,Normal
2024-01-07,Kibugu-Nguviu,C,2899.5,1021.1,90,PVC,463.5,5.41,51.64,48.23,11,4.13,-3.41,3.41,Normal
2024-01-07,Kibugu-Nguviu,B,3944.8,1068.5,25,PVC,150.5,1.23,52.41,52.64,11,7.28,0.23,0.0,High Pressure
2024-01-07,Embu Green,H,3333.4,1009.1,50,PVC,771.5,5.2,43.31,37.9,10,5.23,-5.41,5.41,Normal
2024-01-08,Embu Green,F,4477.7,1215.9,90,PVC,105.4,6.58,35.16,33.34,4,5.8,-1.82,1.82,Normal
2024-01-08,Mwea Smallholder,G,907.1,1067.9,90,PVC,34.8,1.22,53.03,52.94,10,7.76,-0.09,0.09,High Pressure
2024-01-08,Embu Green,G,3164.0,1285.9,50,HDPE,80.3,4.21,37.15,39.92,4,2.0,2.77,0.0,Normal
2024-01-08,Kibugu-Nguviu,E,682.1,1295.4,75,PVC,51.5,1.81,40.59,44.36,11,2.31,3.77,0.0,Normal
2024-01-08,Embu Green,F,3693.8,995.9,63,HDPE,506.5,5.53,50.95,47.64,2,4.65,-3.31,3.31,Normal
2024-01-08,Embu Green,G,336.0,1237.7,63,PVC,471.9,5.22,38.71,35.57,10,1.94,-3.14,3.14,Normal
2024-01-08,Runyenjes East,F,253.2,1149.9,25,HDPE,433.4,6.99,42.84,36.37,6,1.02,-6.47,6.47,Normal
2024-01-08,Embu Green,B,1704.3,1167.1,50,HDPE,517.5,3.6,37.48,27.84,7,2.43,-9.64,9.64,Normal
2024-01-08,Embu Green,F,561.3,1218.5,75,PVC,115.9,2.82,40.4,43.65,3,0.8,3.25,0.0,Normal
2024-01-08,Embu Green,F,4595.6,1343.7,40,GI,423.2,10.55,31.92,31.64,8,0.82,-0.28,0.28,Normal
2024-01-08,Embu Green,B,2561.6,1039.4,25,PVC,478.2,6.26,46.44,51.34,6,7.05,4.9,0.0,High Pressure
2024-01-08,Runyenjes East,F,3709.7,962.4,25,HDPE,30.1,6.14,59.87,56.11,11,2.76,-3.76,3.76,High Pressure
2024-01-09,Kibugu-Nguviu,H,3619.4,1128.1,25,PVC,249.3,6.09,43.87,46.88,4,3.95,3.01,0.0,Normal
2024-01-09,Kibugu-Nguviu,G,1273.4,1031.6,63,PVC,168.9,7.39,48.32,49.51,11,6.71,1.19,0.0,Normal
2024-01-09,Mwea Smallholder,A,4122.4,972.3,40,PVC,453.8,2.98,52.39,45.3,8,5.56,-7.09,7.09,Normal
2024-01-09,Runyenjes East,G,4406.3,1297.3,90,PVC,154.2,5.32,35.59,33.24,4,4.09,-2.35,2.35,Normal
2024-01-09,Embu Green,B,773.3,985.9,25,GI,364.7,3.78,49.29,46.77,4,6.54,-2.52,2.52,Normal
2024-01-09,Mwea Smallholder,B,248.4,1237.0,90,PVC,387.8,4.99,41.12,43.32,6,1.15,2.2,0.0,Normal
2024-01-09,Runyenjes East,H,220.4,950.7,40,PVC,429.8,4.74,47.69,47.98,8,3.96,0.29,0.0,Normal
2024-01-09,Mwea Smallholder,H,826.0,1289.4,90,GI,222.2,1.56,39.7,35.46,4,1.23,-4.24,4.24,Normal
2024-01-09,Embu Green,H,3328.4,1149.9,25,PVC,146.7,3.42,43.55,46.11,8,1.38,2.56,0.0,Normal
2024-01-10,Embu Green,E,873.6,1279.6,63,PVC,159.3,2.48,36.32,39.91,11,2.71,3.59,0.0,Normal
2024-01-10,Kibugu-Nguviu,C,4743.6,976.2,25,GI,687.7,4.98,47.0,45.76,6,1.65,-1.24,1.24,Normal
2024-01-10,Runyenjes East,C,3665.8,1333.1,40,PVC,288.4,9.56,35.04,36.26,6,3.44,1.22,0.0,Normal
2024-01-10,Embu Green,F,296.3,950.9,75,PVC,522.3,2.88,60.0,55.47,9,2.01,-4.53,4.53,High Pressure
2024-01-10,Embu Green,G,529.5,972.7,25,PVC,311.6,3.78,49.69,48.51,7,3.03,-1.18,1.18,Normal
2024-01-10,Mwea Smallholder,E,444.4,1077.2,90,PVC,738.3,5.41,41.49,42.11,1,6.07,0.62,0.0,Normal
2024-01-10,Runyenjes East,B,305.8,1012.9,90,PVC,388.4,8.35,51.13,48.96,7,0.86,-2.17,2.17,Normal
2024-01-10,Embu Green,B,4516.9,1076.2,90,PVC,271.2,6.06,43.6,46.67,6,2.72,3.07,0.0,Normal
2024-01-10,Mwea Smallholder,G,364.7,1237.8,40,HDPE,127.9,1.9,44.88,42.01,4,7.23,-2.87,2.87,Normal
2024-01-10,Kibugu-Nguviu,A,2253.4,1184.9,32,PVC,402.6,4.81,40.78,37.84,5,2.19,-2.94,2.94,Normal
2024-01-10,Embu Green,E,2563.1,985.5,63,PVC,304.1,5.66,48.11,42.56,5,7.25,-5.55,5.55,Normal
2024-01-11,Mwea Smallholder,G,3762.1,1016.3,90,PVC,214.9,7.92,47.56,55.64,3,7.63,8.08,0.0,High Pressure
2024-01-11,Embu Green,H,2849.8,952.0,90,HDPE,545.3,2.59,44.37,41.39,3,0.72,-2.98,2.98,Normal
2024-01-11,Kibugu-Nguviu,F,3205.8,1241.6,50,HDPE,381.5,8.09,41.16,40.92,10,6.85,-0.24,0.24,Normal
2024-01-11,Kibugu-Nguviu,G,3188.3,1273.3,40,PVC,347.6,5.77,35.59,36.59,6,1.53,1.0,0.0,Normal
2024-01-11,Kibugu-Nguviu,D,4528.6,1095.1,32,PVC,704.7,4.68,35.38,41.09,4,3.48,5.71,0.0,Normal
2024-01-11,Kibugu-Nguviu,C,4509.8,1185.4,40,PVC,588.7,3.12,40.08,37.98,9,6.23,-2.1,2.1,Normal
2024-01-12,Kibugu-Nguviu,D,3319.2,1264.7,40,PVC,295.9,5.98,34.66,26.15,4,3.19,-8.51,8.51,Normal
2024-01-12,Mwea Smallholder,D,4080.3,1080.6,32,PVC,337.8,4.36,41.08,35.5,4,0.54,-5.58,5.58,Normal
2024-01-12,Runyenjes East,E,2786.2,1087.0,63,PVC,522.9,4.23,47.52,54.87,4,1.26,7.35,0.0,High Pressure
2024-01-12,Runyenjes East,B,528.1,1225.0,40,PVC,347.3,4.64,38.53,41.33,3,6.05,2.8,0.0,Normal
2024-01-12,Embu Green,A,3073.2,1092.2,63,PVC,71.0,7.14,50.55,47.58,8,4.93,-2.97,2.97,Normal
2024-01-12,Runyenjes East,A,1814.3,1189.7,63,HDPE,324.9,3.99,43.14,39.27,9,7.96,-3.87,3.87,Normal
2024-01-12,Runyenjes East,E,2651.3,1085.5,40,PVC,567.1,1.67,41.4,34.15,7,7.38,-7.25,7.25,Normal
2024-01-12,Embu Green,A,4061.2,1337.2,63,PVC,787.3,3.11,32.88,29.29,10,3.71,-3.59,3.59,Normal
2024-01-12,Kibugu-Nguviu,D,3990.3,1263.4,90,HDPE,128.0,7.76,39.37,37.37,1,5.28,-2.0,2.0,Normal
2024-01-12,Embu Green,G,1568.1,1090.7,25,HDPE,552.8,3.76,43.95,37.52,10,5.26,-6.43,6.43,Normal
2024-01-12,Kibugu-Nguviu,G,2412.6,965.0,40,HDPE,725.9,2.4,44.31,36.46,10,5.53,-7.85,7.85,Normal
2024-01-13,Runyenjes East,A,3539.0,1226.7,50,PVC,285.1,2.95,37.92,35.71,3,0.89,-2.21,2.21,Normal
2024-01-13,Mwea Smallholder,C,4899.7,1041.5,32,PVC,272.0,4.48,46.23,36.73,2,1.37,-9.5,9.5,Normal
2024-01-13,Mwea Smallholder,E,4323.4,1184.1,50,PVC,573.6,2.44,33.73,33.19,1,5.95,-0.54,0.54,Normal
2024-01-13,Mwea Smallholder,H,1223.7,1166.2,75,PVC,375.0,5.44,36.0,35.96,10,7.97,-0.04,0.04,Normal
2024-01-13,Mwea Smallholder,A,2522.7,1144.9,63,PVC,532.7,3.45,45.41,45.9,9,5.04,0.49,0.0,Normal
2024-01-13,Mwea Smallholder,C,4477.6,1090.2,40,HDPE,40.4,5.37,50.27,54.57,8,3.99,4.3,0.0,High Pressure
2024-01-14,Runyenjes East,A,96.8,1302.6,25,GI,134.5,5.28,29.47,18.39,6,4.61,-11.08,11.08,Normal
2024-01-14,Mwea Smallholder,H,423.6,1325.2,50,HDPE,549.7,2.3,27.53,27.85,1,6.92,0.32,0.0,Normal
2024-01-14,Kibugu-Nguviu,A,208.6,1290.0,40,PVC,744.6,7.84,29.63,24.79,6,0.61,-4.84,4.84,Normal
2024-01-14,Runyenjes East,G,2827.5,1349.0,50,GI,400.7,5.09,30.81,35.58,2,4.8,4.77,0.0,Normal
2024-01-14,Kibugu-Nguviu,E,2040.2,1308.2,90,PVC,670.4,5.77,31.29,30.39,11,1.43,-0.9,0.9,Normal
2024-01-14,Embu Green,H,4581.8,985.8,63,PVC,512.7,4.07,47.32,50.71,11,4.8,3.39,0.0,High Pressure
2024-01-14,Embu Green,C,3326.6,1107.9,50,PVC,343.0,5.11,41.52,35.39,9,6.95,-6.13,6.13,Normal
2024-01-14,Mwea Smallholder,G,2957.0,1218.0,40,PVC,621.2,3.06,36.15,34.99,2,2.73,-1.16,1.16,Normal
2024-01-14,Kibugu-Nguviu,C,412.4,1095.6,40,PVC,493.8,6.9,41.58,46.17,11,4.87,4.59,0.0,Normal
2024-01-14,Embu Green,H,668.4,1065.0,75,PVC,413.5,2.43,43.03,35.07,6,7.45,-7.96,7.96,Normal
2024-01-15,Kibugu-Nguviu,A,1619.7,995.1,63,PVC,420.4,3.33,50.53,50.68,10,2.71,0.15,0.0,High Pressure
2024-01-15,Kibugu-Nguviu,E,3821.4,1304.6,32,PVC,561.2,4.39,27.79,25.88,4,3.52,-1.91,1.91,Normal
2024-01-15,Embu Green,E,3499.1,1194.7,75,PVC,450.6,5.74,36.92,35.49,5,6.59,-1.43,1.43,Normal
2024-01-15,Mwea Smallholder,E,1373.5,1120.8,40,GI,405.0,6.62,43.39,39.68,4,6.88,-3.71,3.71,Normal
2024-01-15,Runyenjes East,G,3750.9,1219.7,32,PVC,601.4,6.22,31.81,34.31,6,4.61,2.5,0.0,Normal
2024-01-16,Embu Green,B,3199.3,965.3,40,PVC,434.8,4.77,48.23,51.45,3,3.67,3.22,0.0,High Pressure
2024-01-16,Mwea Smallholder,G,4399.8,1098.5,40,PVC,314.7,6.47,42.76,50.28,9,1.79,7.52,0.0,High Pressure
2024-01-16,Embu Green,C,819.5,1104.0,40,HDPE,240.0,4.36,44.89,48.24,5,5.6,3.35,0.0,Normal
2024-01-16,Embu Green,D,4916.8,1104.5,75,PVC,358.2,6.14,46.8,35.02,5,6.16,-11.78,11.78,Normal
2024-01-17,Mwea Smallholder,D,3512.3,1234.8,50,HDPE,36.5,6.82,42.99,42.24,4,4.76,-0.75,0.75,Normal
2024-01-17,Embu Green,G,3749.3,988.4,40,PVC,368.7,4.1,45.59,47.74,11,0.64,2.15,0.0,Normal
2024-01-17,Kibugu-Nguviu,H,2895.4,991.4,63,GI,298.3,2.99,55.34,42.11,3,3.5,-13.23,13.23,Normal
2024-01-17,Embu Green,F,1768.5,1334.2,75,PVC,523.4,4.86,24.65,20.28,7,6.11,-4.37,4.37,Normal
2024-01-17,Mwea Smallholder,F,4145.8,1250.7,63,HDPE,357.1,5.96,34.36,27.21,7,1.37,-7.15,7.15,Normal
2024-01-17,Runyenjes East,D,4985.6,1001.9,32,PVC,783.0,9.45,40.47,34.94,1,7.28,-5.53,5.53,Normal
2024-01-17,Embu Green,B,1640.5,1183.8,40,PVC,149.7,4.76,48.01,47.25,5,2.95,-0.76,0.76,Normal
2024-01-18,Runyenjes East,G,1534.5,1075.8,40,PVC,147.7,5.44,46.85,43.39,10,1.52,-3.46,3.46,Normal
2024-01-18,Mwea Smallholder,F,2615.3,1107.9,63,PVC,257.5,1.02,53.43,53.41,11,4.63,-0.02,0.02,High Pressure
2024-01-18,Runyenjes East,D,4888.2,1184.8,75,PVC,300.0,5.49,42.91,38.58,2,0.97,-4.33,4.33,Normal
2024-01-18,Kibugu-Nguviu,G,2657.8,1178.2,90,HDPE,604.4,4.28,34.81,33.27,11,5.23,-1.54,1.54,Normal
2024-01-18,Runyenjes East,D,4614.5,1261.5,25,PVC,203.7,6.31,41.83,32.39,6,6.25,-9.44,9.44,Normal
2024-01-18,Kibugu-Nguviu,H,3910.3,1222.0,63,PVC,376.4,7.18,37.28,41.86,5,3.86,4.58,0.0,Normal
2024-01-18,Embu Green,A,3175.3,995.9,40,GI,333.5,9.65,49.96,54.5,8,3.55,4.54,0.0,High Pressure
2024-01-18,Embu Green,H,4178.1,1084.4,50,PVC,318.5,5.81,44.15,47.0,9,7.62,2.85,0.0,Normal
2024-01-19,Runyenjes East,A,2485.5,1271.6,75,HDPE,575.1,2.85,26.66,25.7,9,7.45,-0.96,0.96,Normal
2024-01-19,Mwea Smallholder,A,1409.0,966.7,75,HDPE,399.6,4.29,50.44,60.55,9,4.82,10.11,0.0,High Pressure
2024-01-19,Kibugu-Nguviu,G,703.0,1161.1,75,HDPE,301.6,6.17,40.47,38.69,9,3.69,-1.78,1.78,Normal
2024-01-19,Kibugu-Nguviu,C,2804.6,1002.6,40,HDPE,411.9,3.44,46.8,44.45,3,6.64,-2.35,2.35,Normal
2024-01-19,Runyenjes East,D,2023.1,1164.7,40,HDPE,672.8,4.13,34.24,34.72,11,3.05,0.48,0.0,Normal
2024-01-19,Mwea Smallholder,H,1950.2,1059.6,40,PVC,604.0,5.76,46.28,40.5,9,3.87,-5.78,5.78,Normal
2024-01-19,Kibugu-Nguviu,B,324.4,1181.8,40,HDPE,357.1,3.66,39.42,50.16,10,4.93,10.74,0.0,High Pressure
2024-01-19,Mwea Smallholder,E,4734.7,1342.6,32,HDPE,338.3,4.68,33.64,34.67,11,1.7,1.03,0.0,Normal
2024-01-19,Mwea Smallholder,B,4061.0,1312.3,32,PVC,180.2,5.35,35.04,37.0,8,3.17,1.96,0.0,Normal
2024-01-20,Runyenjes East,B,1894.0,1136.3,32,PVC,452.6,4.1,42.04,35.17,7,2.63,-6.87,6.87,Normal
2024-01-20,Mwea Smallholder,C,654.6,1211.6,75,PVC,415.9,6.19,38.15,42.94,1,1.29,4.79,0.0,Normal
2024-01-20,Kibugu-Nguviu,E,2684.3,1118.6,40,PVC,771.7,7.66,36.37,23.5,2,4.65,-12.87,12.87,Normal
2024-01-20,Mwea Smallholder,A,458.4,1013.3,32,HDPE,411.2,8.86,42.3,45.53,4,5.36,3.23,0.0,Normal
2024-01-20,Mwea Smallholder,E,1858.4,1079.3,50,PVC,320.2,6.8,45.68,47.26,4,3.75,1.58,0.0,Normal
2024-01-20,Runyenjes East,C,788.3,1302.2,40,PVC,693.2,3.09,28.58,21.51,4,3.77,-7.07,7.07,Normal
2024-01-20,Runyenjes East,H,3689.2,999.0,40,HDPE,755.7,2.83,40.92,35.04,3,2.31,-5.88,5.88,Normal
2024-01-21,Runyenjes East,A,4204.6,1132.2,90,HDPE,407.1,5.49,41.62,44.81,1,2.84,3.19,0.0,Normal
2024-01-21,Runyenjes East,E,1472.6,1154.8,90,PVC,46.5,5.47,42.13,39.1,6,0.89,-3.03,3.03,Normal
2024-01-21,Runyenjes East,C,3149.0,1287.8,32,PVC,790.2,2.69,33.86,34.6,2,7.21,0.74,0.0,Normal
2024-01-21,Mwea Smallholder,B,2092.7,975.3,32,PVC,235.5,6.3,53.62,54.77,4,4.24,1.15,0.0,High Pressure
2024-01-21,Embu Green,H,2559.4,1002.2,75,GI,136.2,6.83,52.72,53.39,4,2.56,0.67,0.0,High Pressure
2024-01-21,Embu Green,A,4112.4,1136.3,40,PVC,386.3,6.07,46.22,39.32,2,4.36,-6.9,6.9,Normal
2024-01-21,Embu Green,E,2743.3,952.2,63,HDPE,534.9,4.76,55.2,65.0,4,3.67,9.8,0.0,High Pressure
2024-01-21,Mwea Smallholder,G,3429.4,957.5,32,HDPE,506.9,3.71,50.02,54.17,3,7.72,4.15,0.0,High Pressure
2024-01-21,Mwea Smallholder,A,652.2,1295.9,32,HDPE,43.0,7.34,39.41,36.98,5,1.76,-2.43,2.43,Normal
2024-01-21,Embu Green,C,1504.7,1022.0,32,PVC,430.2,0.59,51.63,47.19,9,6.27,-4.44,4.44,Normal
2024-01-21,Mwea Smallholder,C,4520.9,975.6,50,HDPE,84.7,7.95,48.0,53.2,1,4.4,5.2,0.0,High Pressure
2024-01-21,Runyenjes East,A,2932.3,1056.6,75,GI,343.3,4.65,47.5,42.75,7,0.96,-4.75,4.75,Normal
2024-01-22,Kibugu-Nguviu,B,3270.3,1333.0,63,PVC,212.0,5.79,35.96,26.92,8,7.38,-9.04,9.04,Normal
2024-01-22,Kibugu-Nguviu,E,2288.7,1302.5,75,GI,300.2,6.79,35.0,43.8,4,6.43,8.8,0.0,Normal
2024-01-22,Kibugu-Nguviu,C,4555.9,1295.5,50,HDPE,483.6,3.85,31.58,26.64,6,1.22,-4.94,4.94,Normal
2024-01-22,Embu Green,C,1306.0,958.5,90,PVC,317.4,7.21,52.22,56.21,1,0.51,3.99,0.0,High Pressure
2024-01-22,Mwea Smallholder,H,814.2,1176.5,63,PVC,578.8,7.16,37.25,41.03,9,3.01,3.78,0.0,Normal
2024-01-22,Embu Green,G,1687.6,989.9,50,PVC,90.3,8.58,56.84,56.73,11,7.39,-0.11,0.11,High Pressure
2024-01-23,Mwea Smallholder,B,497.6,1211.2,90,HDPE,469.7,5.39,36.92,31.04,5,5.02,-5.88,5.88,Normal
2024-01-23,Mwea Smallholder,H,4679.6,1071.8,50,PVC,316.2,5.11,44.09,35.57,6,6.77,-8.52,8.52,Normal
2024-01-23,Kibugu-Nguviu,F,3680.2,1228.0,40,PVC,178.5,2.88,42.61,42.02,5,3.51,-0.59,0.59,Normal
2024-01-23,Runyenjes East,C,2936.8,1341.9,75,PVC,64.4,2.61,35.32,29.39,3,6.5,-5.93,5.93,Normal
2024-01-23,Mwea Smallholder,B,925.0,1195.8,32,PVC,799.2,7.6,34.56,35.28,9,4.42,0.72,0.0,Normal
2024-01-23,Runyenjes East,E,3928.2,1260.8,50,HDPE,302.1,2.98,35.63,36.48,11,6.3,0.85,0.0,Normal
2024-01-23,Mwea Smallholder,A,4422.5,951.0,40,PVC,787.4,1.6,46.16,48.66,3,4.99,2.5,0.0,Normal
2024-01-23,Mwea Smallholder,H,3773.2,1319.0,90,HDPE,91.2,3.9,37.75,32.78,7,0.88,-4.97,4.97,Normal
2024-01-24,Runyenjes East,B,237.5,1231.6,63,PVC,74.0,6.62,42.31,41.29,2,2.83,-1.02,1.02,Normal
2024-01-24,Kibugu-Nguviu,A,2798.2,1066.5,40,HDPE,699.1,5.84,46.19,41.67,3,7.76,-4.52,4.52,Normal
2024-01-24,Mwea Smallholder,C,771.6,1035.4,40,PVC,88.6,7.68,48.32,48.82,4,2.79,0.5,0.0,Normal
2024-01-24,Kibugu-Nguviu,E,2058.6,1001.3,50,PVC,156.2,5.74,47.64,49.67,1,6.03,2.03,0.0,Normal
2024-01-24,Runyenjes East,G,4348.7,1031.5,50,GI,301.8,6.06,45.96,45.45,7,1.65,-0.51,0.51,Normal
2024-01-24,Runyenjes East,E,3717.6,1207.7,32,HDPE,754.0,2.68,35.19,28.77,2,2.03,-6.42,6.42,Normal
2024-01-24,Embu Green,D,4001.3,1101.9,40,PVC,553.4,6.08,39.9,37.13,5,7.19,-2.77,2.77,Normal
2024-01-24,Embu Green,A,4213.6,1285.5,50,PVC,717.6,6.17,41.91,31.69,6,4.04,-10.22,10.22,Normal
2024-01-24,Kibugu-Nguviu,B,4356.4,1332.2,75,PVC,651.4,11.54,31.68,33.79,2,2.37,2.11,0.0,Normal
2024-01-24,Kibugu-Nguviu,C,526.3,1175.2,25,HDPE,162.1,4.1,43.74,44.86,2,4.24,1.12,0.0,Normal
2024-01-24,Kibugu-Nguviu,D,3868.2,1109.2,25,GI,89.5,2.0,44.65,35.47,11,4.04,-9.18,9.18,Normal
2024-01-24,Runyenjes East,G,2454.8,1106.6,40,PVC,578.4,8.05,40.73,32.78,3,4.38,-7.95,7.95,Normal
2024-01-24,Kibugu-Nguviu,D,4912.0,995.5,32,PVC,86.1,2.96,51.33,39.62,9,6.76,-11.71,11.71,Normal
2024-01-24,Runyenjes East,G,791.5,1043.7,50,PVC,58.5,3.76,48.65,38.2,11,2.74,-10.45,10.45,Normal
2024-01-24,Runyenjes East,B,3068.3,1294.7,63,HDPE,656.2,2.08,28.34,31.03,11,2.88,2.69,0.0,Normal
2024-01-25,Mwea Smallholder,D,4579.9,994.1,90,HDPE,731.8,3.71,45.5,43.2,11,2.94,-2.3,2.3,Normal
2024-01-25,Runyenjes East,D,1620.8,1182.4,63,PVC,436.3,5.03,36.92,32.99,11,1.86,-3.93,3.93,Normal
2024-01-25,Embu Green,H,382.2,1089.9,40,PVC,579.1,2.58,37.69,34.87,11,5.43,-2.82,2.82,Normal
2024-01-25,Runyenjes East,F,3128.5,1275.0,40,PVC,315.1,5.43,38.22,37.91,4,7.87,-0.31,0.31,Normal
2024-01-26,Mwea Smallholder,E,841.2,1045.5,63,HDPE,415.8,6.49,47.98,47.35,8,6.97,-0.63,0.63,Normal
2024-01-26,Runyenjes East,H,3462.2,1162.6,50,PVC,264.7,2.6,37.75,31.86,2,4.68,-5.89,5.89,Normal
2024-01-26,Embu Green,H,3565.8,996.1,75,HDPE,261.8,5.84,52.68,56.43,8,4.21,3.75,0.0,High Pressure
2024-01-26,Kibugu-Nguviu,A,289.7,1210.2,50,PVC,186.0,6.61,43.31,37.83,6,7.43,-5.48,5.48,Normal
2024-01-26,Kibugu-Nguviu,B,4724.6,1285.6,50,PVC,625.3,0.5,33.87,33.88,3,5.01,0.01,0.0,Normal
2024-01-27,Embu Green,F,4613.6,1009.1,50,PVC,545.8,10.09,49.13,43.2,2,1.64,-5.93,5.93,Normal
2024-01-27,Embu Green,H,3640.4,1330.8,75,GI,764.6,6.32,26.51,23.98,9,5.12,-2.53,2.53,Normal
2024-01-27,Mwea Smallholder,E,1153.5,1190.1,75,PVC,438.1,4.71,39.81,32.38,9,7.82,-7.43,7.43,Normal
2024-01-27,Mwea Smallholder,H,4504.2,1309.3,32,HDPE,410.8,7.28,36.96,35.43,1,1.99,-1.53,1.53,Normal
2024-01-27,Embu Green,H,3217.3,1037.9,50,HDPE,381.9,2.84,48.05,49.2,7,4.54,1.15,0.0,Normal
2024-01-27,Embu Green,G,3939.0,1136.6,32,HDPE,539.0,3.84,40.58,41.08,5,3.69,0.5,0.0,Normal
2024-01-27,Embu Green,G,4209.8,1168.7,40,PVC,180.2,2.36,41.55,34.79,11,4.37,-6.76,6.76,Normal
2024-01-27,Embu Green,B,4066.0,1207.4,90,GI,784.4,3.96,33.8,36.08,3,7.88,2.28,0.0,Normal
2024-01-27,Mwea Smallholder,D,4758.4,1125.7,40,HDPE,779.6,2.55,39.33,41.97,1,7.64,2.64,0.0,Normal
2024-01-27,Runyenjes East,C,726.2,1037.9,50,GI,507.5,8.49,39.39,34.85,6,0.51,-4.54,4.54,Normal
2024-01-28,Runyenjes East,F,847.2,1317.6,75,HDPE,777.6,5.13,32.22,32.95,8,4.74,0.73,0.0,Normal
2024-01-28,Embu Green,C,3521.1,1181.9,50,GI,327.6,5.03,42.1,29.5,7,2.87,-12.6,12.6,Normal
2024-01-28,Kibugu-Nguviu,F,3987.7,1244.1,32,PVC,202.1,7.88,42.97,44.06,6,0.9,1.09,0.0,Normal
2024-01-28,Mwea Smallholder,C,3229.9,1142.3,25,HDPE,710.4,2.81,40.92,37.11,8,1.41,-3.81,3.81,Normal
2024-01-28,Runyenjes East,A,3689.0,1003.6,40,PVC,507.2,5.22,47.24,44.67,3,6.7,-2.57,2.57,Normal
2024-01-29,Mwea Smallholder,F,4605.5,991.5,75,HDPE,235.2,7.5,55.05,45.28,1,3.77,-9.77,9.77,Normal
2024-01-29,Runyenjes East,F,3454.0,1286.0,25,PVC,400.3,4.08,37.81,26.4,11,7.8,-11.41,11.41,Normal
2024-01-29,Mwea Smallholder,E,1988.1,1058.3,63,PVC,400.8,7.83,48.84,47.41,4,1.1,-1.43,1.43,Normal
2024-01-29,Kibugu-Nguviu,C,3749.6,1163.7,90,GI,698.1,3.14,39.05,40.11,3,5.69,1.06,0.0,Normal
2024-01-29,Runyenjes East,E,3041.5,1040.5,63,HDPE,351.8,5.59,45.16,35.3,10,7.25,-9.86,9.86,Normal
2024-01-30,Kibugu-Nguviu,H,4423.8,1132.3,50,PVC,506.9,5.34,37.69,35.47,1,3.58,-2.22,2.22,Normal
2024-01-30,Kibugu-Nguviu,D,2564.8,1322.8,40,PVC,777.1,3.03,28.03,32.15,4,6.33,4.12,0.0,Normal
2024-01-30,Runyenjes East,A,673.5,1040.0,32,PVC,608.8,3.2,44.76,46.92,8,7.16,2.16,0.0,Normal
2024-01-30,Embu Green,E,4416.2,1164.8,75,PVC,261.5,5.51,40.17,40.08,4,3.6,-0.09,0.09,Normal
2024-01-30,Mwea Smallholder,A,4934.4,1127.6,40,GI,401.3,4.84,44.09,46.32,1,4.96,2.23,0.0,Normal
2024-01-30,Mwea Smallholder,C,1185.8,1277.4,32,PVC,385.0,4.71,38.85,34.85,9,7.24,-4.0,4.0,Normal
2024-01-30,Runyenjes East,G,4681.4,1277.4,50,PVC,514.9,3.42,33.95,36.17,3,3.64,2.22,0.0,Normal
2024-01-30,Kibugu-Nguviu,A,750.7,1260.9,50,PVC,303.0,2.17,37.78,35.78,1,2.1,-2.0,2.0,Normal
2024-01-31,Mwea Smallholder,F,2449.4,1119.8,40,GI,158.4,5.36,46.25,50.62,7,1.68,4.37,0.0,High Pressure
2024-01-31,Mwea Smallholder,D,2865.3,1097.0,63,GI,585.6,5.34,43.89,41.01,11,1.0,-2.88,2.88,Normal
2024-01-31,Kibugu-Nguviu,G,3582.8,1078.9,50,HDPE,593.8,4.35,43.26,42.97,10,4.04,-0.29,0.29,Normal
2024-01-31,Kibugu-Nguviu,F,4512.9,1081.8,63,HDPE,93.7,3.81,47.1,50.91,10,2.26,3.81,0.0,High Pressure
2024-01-31,Runyenjes East,E,3926.9,1251.3,32,HDPE,164.5,8.19,38.08,40.81,3,6.56,2.73,0.0,Normal
2024-01-31,Kibugu-Nguviu,H,3803.8,1299.2,25,HDPE,144.2,6.1,41.31,43.96,3,2.45,2.65,0.0,Normal
2024-01-31,Embu Green,B,1629.3,990.7,40,HDPE,31.7,3.46,51.44,53.76,7,5.37,2.32,0.0,High Pressure
2024-01-31,Mwea Smallholder,G,1110.9,1011.3,40,PVC,504.3,4.37,46.02,34.58,9,3.63,-11.44,11.44,Normal
2024-02-01,Kibugu-Nguviu,A,462.5,1257.8,90,PVC,566.8,9.53,34.07,32.2,3,4.88,-1.87,1.87,Normal
2024-02-01,Embu Green,B,1816.6,1212.5,40,GI,267.5,3.27,39.54,42.55,5,5.26,3.01,0.0,Normal
2024-02-01,Embu Green,C,4007.4,1013.4,63,PVC,372.2,4.83,45.38,39.39,10,2.16,-5.99,5.99,Normal
2024-02-02,Embu Green,E,2773.6,1016.4,50,PVC,789.8,3.29,48.06,53.33,6,3.8,5.27,0.0,High Pressure
2024-02-02,Runyenjes East,C,3819.6,1071.5,50,PVC,476.6,6.23,43.45,47.93,4,1.75,4.48,0.0,Normal
2024-02-02,Mwea Smallholder,G,1361.5,1159.3,32,HDPE,451.3,4.38,41.9,39.8,8,4.83,-2.1,2.1,Normal
2024-02-02,Kibugu-Nguviu,E,4667.7,1150.6,50,HDPE,183.3,5.28,44.57,46.46,9,0.67,1.89,0.0,Normal
2024-02-02,Embu Green,B,2865.3,1267.0,63,HDPE,721.1,7.54,32.74,34.49,8,6.91,1.75,0.0,Normal
2024-02-03,Embu Green,B,730.1,1138.8,40,PVC,565.7,3.06,43.24,42.15,3,7.17,-1.09,1.09,Normal
2024-02-03,Embu Green,E,2252.8,1307.6,40,GI,179.9,8.3,40.62,34.09,1,2.64,-6.53,6.53,Normal
2024-02-03,Kibugu-Nguviu,B,3700.8,1147.1,90,HDPE,565.8,7.39,40.5,47.68,8,3.83,7.18,0.0,Normal
2024-02-03,Embu Green,B,2419.1,1142.0,32,PVC,87.9,5.58,45.88,45.26,10,2.58,-0.62,0.62,Normal
2024-02-03,Kibugu-Nguviu,E,1788.2,1326.6,50,HDPE,559.8,4.8,30.44,32.75,7,3.78,2.31,0.0,Normal
2024-02-03,Kibugu-Nguviu,H,3049.1,1311.2,32,PVC,98.5,4.46,40.84,45.7,8,2.69,4.86,0.0,Normal
2024-02-03,Runyenjes East,G,4121.2,1220.3,50,GI,421.3,6.51,42.59,44.75,8,7.25,2.16,0.0,Normal
2024-02-03,Runyenjes East,G,1834.5,1220.7,40,PVC,263.2,8.31,34.06,35.25,10,6.61,1.19,0.0,Normal
2024-02-04,Embu Green,G,2806.6,1256.7,25,GI,382.5,2.45,38.18,29.79,8,2.19,-8.39,8.39,Normal
2024-02-04,Kibugu-Nguviu,C,2278.8,1294.0,90,PVC,75.3,2.4,37.82,32.23,9,2.54,-5.59,5.59,Normal
2024-02-04,Embu Green,E,1357.6,1077.6,75,PVC,436.1,4.02,43.72,40.55,10,6.09,-3.17,3.17,Normal
2024-02-04,Mwea Smallholder,F,563.0,1014.6,50,PVC,255.7,6.81,49.52,45.76,5,3.85,-3.76,3.76,Normal
2024-02-04,Embu Green,H,4960.9,1192.3,25,HDPE,681.6,2.08,32.26,31.68,8,6.35,-0.58,0.58,Normal
2024-02-04,Runyenjes East,A,3600.0,1279.8,40,HDPE,213.6,7.94,36.87,25.72,6,3.01,-11.15,11.15,Normal
2024-02-04,Kibugu-Nguviu,B,4828.1,1142.2,63,GI,74.5,3.29,43.4,49.11,5,1.12,5.71,0.0,Normal
2024-02-04,Kibugu-Nguviu,E,417.2,1315.8,50,PVC,264.0,2.46,33.66,31.43,7,3.45,-2.23,2.23,Normal
2024-02-04,Mwea Smallholder,A,1643.0,1158.1,32,GI,455.9,6.6,32.94,33.07,7,5.48,0.13,0.0,Normal
2024-02-05,Kibugu-Nguviu,C,848.2,1045.3,40,PVC,97.1,5.01,45.18,47.02,4,3.9,1.84,0.0,Normal
2024-02-05,Runyenjes East,G,2477.6,1106.5,40,HDPE,604.9,3.42,44.95,44.73,1,4.51,-0.22,0.22,Normal
2024-02-05,Mwea Smallholder,D,4903.3,1300.6,75,PVC,212.8,9.0,34.1,32.29,9,4.44,-1.81,1.81,Normal
2024-02-05,Runyenjes East,C,750.0,1173.9,63,PVC,149.8,4.2,43.62,43.09,3,5.29,-0.53,0.53,Normal
2024-02-05,Embu Green,B,579.7,1336.5,90,HDPE,664.0,3.85,29.94,30.77,11,1.77,0.83,0.0,Normal
2024-02-05,Runyenjes East,A,4173.3,1192.0,25,HDPE,402.1,2.7,39.86,38.38,3,2.43,-1.48,1.48,Normal
2024-02-06,Runyenjes East,C,4307.8,1030.3,32,GI,176.8,2.88,54.07,51.87,9,5.27,-2.2,2.2,High Pressure
2024-02-06,Embu Green,C,1501.4,1078.0,25,PVC,358.9,6.85,51.33,48.59,6,7.29,-2.74,2.74,Normal
2024-02-06,Runyenjes East,A,3596.5,1117.3,63,PVC,374.7,4.84,40.52,46.28,10,2.79,5.76,0.0,Normal
2024-02-06,Kibugu-Nguviu,E,1599.5,976.2,63,PVC,515.0,4.84,45.92,50.26,8,5.17,4.34,0.0,High Pressure
2024-02-06,Kibugu-Nguviu,F,918.5,1214.9,75,GI,608.7,2.38,37.72,26.43,2,0.94,-11.29,11.29,Normal
2024-02-06,Runyenjes East,H,987.0,983.0,63,PVC,615.5,7.08,50.99,55.36,1,6.37,4.37,0.0,High Pressure
2024-02-07,Mwea Smallholder,G,4795.2,1254.1,40,PVC,278.6,4.0,40.78,34.41,7,1.36,-6.37,6.37,Normal
2024-02-07,Embu Green,F,3908.0,1092.6,90,PVC,431.8,4.29,45.12,43.5,7,3.3,-1.62,1.62,Normal
2024-02-07,Embu Green,D,1729.5,1027.0,32,PVC,99.0,3.22,53.63,48.15,6,1.81,-5.48,5.48,Normal
2024-02-07,Runyenjes East,H,2929.3,1027.1,40,PVC,206.7,3.13,45.9,47.04,3,6.18,1.14,0.0,Normal
2024-02-07,Embu Green,B,1284.9,1135.3,40,PVC,672.1,5.34,46.83,45.31,7,1.24,-1.52,1.52,Normal
2024-02-07,Runyenjes East,C,1754.4,955.8,50,PVC,400.6,7.16,49.31,46.36,4,1.66,-2.95,2.95,Normal
2024-02-08,Runyenjes East,F,178.5,1273.3,40,HDPE,420.3,2.98,38.62,40.31,2,3.21,1.69,0.0,Normal
2024-02-08,Mwea Smallholder,B,173.3,1312.1,50,PVC,494.9,3.85,33.72,28.32,8,1.45,-5.4,5.4,Normal
2024-02-08,Mwea Smallholder,B,1808.4,1179.0,40,PVC,363.5,3.22,39.77,50.76,4,1.04,10.99,0.0,High Pressure
2024-02-08,Embu Green,A,536.2,1214.9,25,PVC,108.6,6.93,45.93,47.53,3,3.54,1.6,0.0,Normal
2024-02-08,Embu Green,H,1414.2,1173.3,40,HDPE,226.7,6.02,40.51,34.81,6,6.48,-5.7,5.7,Normal
2024-02-08,Runyenjes East,C,4168.4,1329.9,40,HDPE,86.4,4.13,39.19,43.1,5,4.41,3.91,0.0,Normal
2024-02-09,Kibugu-Nguviu,C,2390.1,1101.6,32,PVC,338.1,6.52,43.16,46.06,11,7.41,2.9,0.0,Normal
2024-02-09,Embu Green,F,2832.0,1330.7,50,PVC,302.3,4.16,35.11,40.14,10,3.41,5.03,0.0,Normal
2024-02-09,Mwea Smallholder,A,3375.8,1206.3,75,HDPE,557.6,2.06,33.66,31.24,5,4.96,-2.42,2.42,Normal
2024-02-09,Runyenjes East,G,2913.3,1169.3,40,PVC,512.4,3.33,41.41,40.46,10,2.27,-0.95,0.95,Normal
2024-02-09,Runyenjes East,E,2349.9,1333.0,32,PVC,499.7,5.29,33.39,38.18,2,7.19,4.79,0.0,Normal
2024-02-09,Kibugu-Nguviu,D,407.9,1152.2,75,PVC,148.7,2.2,47.8,53.37,9,6.71,5.57,0.0,High Pressure
2024-02-09,Mwea Smallholder,B,1992.8,1076.9,75,PVC,796.6,7.01,38.56,37.98,6,7.28,-0.58,0.58,Normal
2024-02-09,Kibugu-Nguviu,B,1016.0,955.0,75,PVC,162.4,3.14,52.54,45.07,2,4.12,-7.47,7.47,Normal
2024-02-09,Mwea Smallholder,A,2846.8,1028.0,32,PVC,268.1,5.08,46.15,44.79,11,6.2,-1.36,1.36,Normal
2024-02-09,Embu Green,C,2711.9,1297.3,63,PVC,665.3,7.0,31.74,17.76,9,6.23,-13.98,13.98,Normal
2024-02-09,Mwea Smallholder,B,1093.6,1340.4,63,HDPE,286.4,4.97,35.24,26.07,2,7.81,-9.17,9.17,Normal
2024-02-09,Runyenjes East,F,702.9,1213.7,75,PVC,246.6,7.36,40.61,33.74,7,1.83,-6.87,6.87,Normal
2024-02-09,Kibugu-Nguviu,C,133.5,1167.1,40,HDPE,339.6,5.29,40.19,38.08,6,7.58,-2.11,2.11,Normal
2024-02-10,Embu Green,B,3651.4,975.7,90,PVC,420.3,5.74,46.08,44.16,3,5.15,-1.92,1.92,Normal
2024-02-10,Kibugu-Nguviu,A,2956.7,1174.6,50,PVC,536.7,4.88,38.01,39.58,6,1.92,1.57,0.0,Normal
2024-02-10,Runyenjes East,A,3172.1,1338.8,40,PVC,272.2,1.39,38.25,29.42,11,6.09,-8.83,8.83,Normal
2024-02-10,Runyenjes East,A,664.6,1342.8,25,HDPE,723.0,5.4,30.42,19.85,2,5.8,-10.57,10.57,Normal
2024-02-10,Kibugu-Nguviu,B,3778.5,1023.7,50,PVC,108.3,3.13,46.4,50.91,7,5.97,4.51,0.0,High Pressure
2024-02-10,Runyenjes East,E,687.7,1001.7,63,PVC,673.5,8.65,44.66,39.54,10,4.98,-5.12,5.12,Normal
2024-02-10,Mwea Smallholder,A,4674.6,1268.5,40,PVC,396.7,5.56,37.66,30.02,2,6.02,-7.64,7.64,Normal
2024-02-10,Embu Green,G,3170.1,1341.5,32,PVC,576.8,6.39,29.92,31.7,4,2.55,1.78,0.0,Normal
2024-02-10,Runyenjes East,B,1707.3,1089.2,63,PVC,199.1,3.97,41.07,40.99,9,2.87,-0.08,0.08,Normal
2024-02-10,Embu Green,F,4356.9,1183.0,50,PVC,664.7,5.27,34.97,36.42,5,3.14,1.45,0.0,Normal
2024-02-10,Mwea Smallholder,H,1615.6,1094.2,50,PVC,294.6,4.89,43.95,41.59,11,7.98,-2.36,2.36,Normal
2024-02-11,Kibugu-Nguviu,D,2075.5,970.6,32,HDPE,532.0,3.69,51.29,46.93,4,1.66,-4.36,4.36,Normal
2024-02-11,Runyenjes East,D,1162.1,1306.9,25,PVC,655.4,3.4,33.01,26.8,4,4.2,-6.21,6.21,Normal
2024-02-11,Kibugu-Nguviu,E,23.2,1063.2,50,PVC,367.9,7.95,44.82,48.88,11,6.08,4.06,0.0,Normal
2024-02-11,Runyenjes East,B,3894.8,1187.1,40,HDPE,370.5,4.64,35.57,34.96,10,6.06,-0.61,0.61,Normal
2024-02-11,Embu Green,C,1968.3,962.5,40,HDPE,509.5,6.88,44.68,33.88,6,5.28,-10.8,10.8,Normal
2024-02-11,Kibugu-Nguviu,A,72.6,1125.3,63,PVC,98.9,3.19,45.35,45.85,2,3.78,0.5,0.0,Normal
2024-02-11,Embu Green,D,4983.4,1211.9,50,PVC,143.1,6.65,44.34,45.74,1,2.49,1.4,0.0,Normal
2024-02-12,Kibugu-Nguviu,H,523.6,978.8,63,PVC,634.5,5.85,53.84,60.66,8,4.98,6.82,0.0,High Pressure
2024-02-12,Mwea Smallholder,F,4755.0,1055.1,50,GI,259.0,6.64,48.8,43.71,10,6.36,-5.09,5.09,Normal
2024-02-12,Embu Green,A,4628.8,1268.4,32,PVC,626.6,3.85,31.96,38.19,4,0.51,6.23,0.0,Normal
2024-02-12,Mwea Smallholder,B,3925.6,1280.3,63,GI,711.8,5.54,29.23,31.93,9,7.91,2.7,0.0,Normal
2024-02-12,Kibugu-Nguviu,B,4606.7,1089.4,32,HDPE,719.4,5.77,40.41,35.2,2,1.53,-5.21,5.21,Normal
2024-02-12,Mwea Smallholder,B,3428.9,993.4,63,PVC,245.8,7.72,56.96,56.91,4,1.27,-0.05,0.05,High Pressure
2024-02-12,Runyenjes East,G,4580.3,1342.8,75,PVC,239.1,6.62,41.07,40.82,6,1.76,-0.25,0.25,Normal
2024-02-12,Embu Green,A,1545.2,1070.8,40,PVC,758.5,7.31,43.62,44.06,10,6.02,0.44,0.0,Normal
2024-02-12,Embu Green,A,1353.8,1037.6,90,HDPE,695.2,7.95,44.87,48.66,7,7.56,3.79,0.0,Normal
2024-02-12,Embu Green,B,1971.3,1136.0,40,HDPE,463.1,7.31,39.92,38.69,6,7.09,-1.23,1.23,Normal
2024-02-12,Runyenjes East,E,559.5,962.8,90,PVC,389.0,3.74,47.49,53.41,6,1.55,5.92,0.0,High Pressure
2024-02-13,Runyenjes East,H,1387.6,1335.9,75,PVC,210.0,8.81,35.9,30.66,5,7.52,-5.24,5.24,Normal
2024-02-13,Mwea Smallholder,G,322.8,1295.2,50,PVC,695.8,4.7,34.2,36.99,1,6.1,2.79,0.0,Normal
2024-02-13,Runyenjes East,A,1738.4,1240.2,90,HDPE,720.3,0.5,38.41,31.75,4,1.92,-6.66,6.66,Normal
2024-02-13,Kibugu-Nguviu,A,4481.2,1258.1,40,PVC,651.5,4.37,34.95,40.26,6,5.91,5.31,0.0,Normal
2024-02-13,Runyenjes East,E,2177.7,1266.2,25,PVC,609.6,6.98,32.09,33.08,6,1.71,0.99,0.0,Normal
2024-02-13,Mwea Smallholder,F,433.9,1091.9,63,PVC,641.4,6.82,34.77,24.13,6,2.17,-10.64,10.64,Normal
2024-02-13,Kibugu-Nguviu,F,3017.5,986.3,32,HDPE,415.3,3.79,48.82,35.99,10,4.67,-12.83,12.83,Normal
2024-02-13,Mwea Smallholder,C,4166.6,987.7,90,HDPE,37.5,8.81,54.09,46.93,11,2.44,-7.16,7.16,Normal
2024-02-13,Embu Green,A,190.2,1106.6,90,HDPE,354.8,3.66,43.73,43.12,5,4.46,-0.61,0.61,Normal
2024-02-13,Embu Green,B,253.2,1162.6,50,GI,45.8,4.41,45.91,40.63,11,6.53,-5.28,5.28,Normal
2024-02-14,Runyenjes East,C,2896.7,1040.6,40,PVC,667.5,4.33,40.64,38.64,2,7.62,-2.0,2.0,Normal
2024-02-14,Runyenjes East,E,3110.3,1315.3,50,HDPE,149.0,6.16,33.09,34.51,5,2.28,1.42,0.0,Normal
2024-02-14,Runyenjes East,B,1575.3,1268.1,75,PVC,548.5,5.58,28.21,18.4,4,1.03,-9.81,9.81,Normal
2024-02-14,Runyenjes East,B,1478.9,1039.4,63,PVC,700.3,5.19,46.13,41.69,11,6.04,-4.44,4.44,Normal
2024-02-14,Runyenjes East,H,4819.6,1178.3,50,PVC,567.3,3.52,41.06,37.94,2,5.66,-3.12,3.12,Normal
2024-02-15,Kibugu-Nguviu,B,1012.8,1286.9,63,HDPE,652.9,1.2,27.65,29.26,10,2.56,1.61,0.0,Normal
2024-02-15,Embu Green,B,4565.6,1187.2,50,PVC,329.6,10.06,39.36,24.56,2,1.51,-14.8,14.8,Normal
2024-02-15,Mwea Smallholder,B,665.2,1333.2,50,HDPE,705.3,7.6,33.21,31.65,4,0.51,-1.56,1.56,Normal
2024-02-15,Runyenjes East,F,3156.9,1254.5,50,PVC,82.3,4.52,38.14,32.18,2,6.03,-5.96,5.96,Normal
2024-02-15,Runyenjes East,A,3522.5,1009.3,32,PVC,677.0,7.5,40.27,38.69,8,2.86,-1.58,1.58,Normal
2024-02-16,Embu Green,C,4151.2,1337.1,75,PVC,320.5,3.91,31.36,28.24,8,5.12,-3.12,3.12,Normal
2024-02-16,Embu Green,H,2286.8,1279.6,75,PVC,32.7,6.95,38.3,33.64,11,8.0,-4.66,4.66,Normal
2024-02-16,Kibugu-Nguviu,H,4177.3,1053.3,40,PVC,698.3,4.71,36.53,36.96,9,1.19,0.43,0.0,Normal
2024-02-16,Kibugu-Nguviu,H,2247.5,1243.0,25,PVC,363.5,7.01,31.01,29.94,6,3.92,-1.07,1.07,Normal
2024-02-16,Kibugu-Nguviu,G,4554.8,1141.6,90,PVC,71.3,3.15,50.17,45.26,6,7.51,-4.91,4.91,Normal
2024-02-16,Mwea Smallholder,D,2333.9,1330.1,50,PVC,484.0,6.53,33.8,33.04,4,6.43,-0.76,0.76,Normal
2024-02-17,Runyenjes East,E,1165.5,1056.3,25,HDPE,367.9,2.18,44.57,46.91,9,0.97,2.34,0.0,Normal
2024-02-17,Embu Green,F,467.8,1343.1,75,GI,376.3,2.57,34.43,36.74,11,7.31,2.31,0.0,Normal
2024-02-17,Runyenjes East,F,4843.6,1065.3,63,PVC,319.2,3.79,46.06,44.9,4,7.29,-1.16,1.16,Normal
2024-02-17,Kibugu-Nguviu,G,2506.3,1266.4,40,PVC,573.2,5.39,37.18,39.31,4,5.06,2.13,0.0,Normal
2024-02-17,Kibugu-Nguviu,B,2482.3,979.1,50,PVC,291.0,4.47,49.04,46.08,11,0.54,-2.96,2.96,Normal
2024-02-17,Embu Green,C,51.3,1144.0,50,PVC,95.7,2.58,43.53,35.94,6,1.9,-7.59,7.59,Normal
2024-02-18,Kibugu-Nguviu,E,1742.9,1115.5,40,PVC,245.3,6.07,46.61,42.65,8,2.21,-3.96,3.96,Normal
2024-02-18,Kibugu-Nguviu,D,4014.4,1088.1,90,HDPE,564.5,6.17,46.05,36.91,10,7.53,-9.14,9.14,Normal
2024-02-18,Mwea Smallholder,F,1144.6,1116.4,63,HDPE,711.5,5.6,44.83,40.27,2,6.62,-4.56,4.56,Normal
2024-02-18,Kibugu-Nguviu,G,1353.1,1159.4,50,PVC,413.6,9.13,46.14,48.2,11,4.39,2.06,0.0,Normal
2024-02-18,Kibugu-Nguviu,A,2132.6,1211.2,75,PVC,488.3,2.63,37.99,33.55,6,4.47,-4.44,4.44,Normal
2024-02-18,Kibugu-Nguviu,E,1675.3,1055.6,63,PVC,95.1,5.38,50.25,50.7,6,3.13,0.45,0.0,High Pressure
2024-02-18,Runyenjes East,C,941.7,1230.8,32,PVC,186.5,6.63,40.14,38.12,10,5.73,-2.02,2.02,Normal
2024-02-19,Embu Green,H,2649.8,1116.9,50,PVC,661.3,5.03,38.93,35.06,4,1.43,-3.87,3.87,Normal
2024-02-19,Embu Green,H,692.1,977.8,90,GI,156.4,3.53,50.31,46.84,9,2.82,-3.47,3.47,Normal
2024-02-19,Kibugu-Nguviu,A,3246.3,1321.2,50,HDPE,523.6,5.79,37.71,34.28,7,0.82,-3.43,3.43,Normal
2024-02-19,Mwea Smallholder,G,2267.2,1343.1,25,GI,617.6,4.96,28.08,19.01,8,4.05,-9.07,9.07,Normal
2024-02-19,Embu Green,H,4928.3,1109.6,75,HDPE,31.6,5.09,46.79,48.5,6,1.66,1.71,0.0,Normal
2024-02-19,Embu Green,A,3532.6,1143.8,25,PVC,353.4,8.95,41.52,43.46,11,7.62,1.94,0.0,Normal
2024-02-20,Embu Green,A,4388.5,1153.5,40,PVC,472.5,6.3,34.51,34.07,11,4.11,-0.44,0.44,Normal
2024-02-20,Embu Green,E,4778.9,1230.7,32,PVC,175.6,5.91,38.25,30.8,2,3.04,-7.45,7.45,Normal
2024-02-20,Mwea Smallholder,H,1624.5,1096.8,75,PVC,590.7,8.03,43.58,41.45,6,1.65,-2.13,2.13,Normal
2024-02-20,Kibugu-Nguviu,C,3888.6,1217.0,40,PVC,727.6,3.41,35.21,33.99,11,1.95,-1.22,1.22,Normal
2024-02-20,Runyenjes East,H,1169.8,1253.9,50,GI,553.7,4.95,34.85,31.0,10,6.89,-3.85,3.85,Normal
2024-02-20,Embu Green,A,3635.4,1010.8,75,PVC,352.4,6.44,49.29,39.14,3,6.69,-10.15,10.15,Normal
2024-02-20,Embu Green,G,4349.8,1249.2,40,PVC,44.8,9.03,45.4,44.48,5,2.45,-0.92,0.92,Normal
2024-02-20,Mwea Smallholder,D,4499.4,1218.8,50,GI,133.0,4.8,41.28,42.55,5,1.14,1.27,0.0,Normal
2024-02-20,Mwea Smallholder,E,3753.0,1279.5,32,PVC,706.4,5.55,28.63,27.48,7,4.16,-1.15,1.15,Normal
2024-02-20,Runyenjes East,B,3382.4,1241.8,50,HDPE,537.4,1.89,38.81,36.0,8,4.23,-2.81,2.81,Normal
2024-02-20,Embu Green,D,2821.7,1139.3,32,HDPE,385.6,7.03,39.81,38.16,4,6.85,-1.65,1.65,Normal
2024-02-20,Embu Green,E,2903.8,1274.2,25,HDPE,392.4,8.74,36.09,44.48,8,5.53,8.39,0.0,Normal
2024-02-20,Embu Green,D,3199.9,1243.6,50,PVC,410.6,6.95,37.69,41.17,1,2.99,3.48,0.0,Normal
2024-02-20,Embu Green,A,2938.4,1345.9,50,PVC,261.0,6.2,30.45,29.72,10,0.5,-0.73,0.73,Normal
2024-02-21,Runyenjes East,D,4944.0,981.3,40,HDPE,552.8,4.73,49.98,49.17,4,1.35,-0.81,0.81,Normal
2024-02-21,Runyenjes East,H,4131.2,978.3,75,PVC,332.2,7.51,50.45,58.42,2,2.28,7.97,0.0,High Pressure
2024-02-21,Runyenjes East,E,966.5,979.6,32,PVC,120.3,3.99,53.29,50.27,10,4.94,-3.02,3.02,High Pressure
2024-02-21,Runyenjes East,D,361.7,1120.7,32,HDPE,42.7,4.77,49.62,51.7,11,4.59,2.08,0.0,High Pressure
2024-02-21,Runyenjes East,G,880.0,1108.3,63,PVC,698.4,3.79,42.27,45.09,10,1.21,2.82,0.0,Normal
2024-02-21,Kibugu-Nguviu,G,1446.5,1111.9,50,PVC,321.5,5.77,40.32,45.11,4,6.86,4.79,0.0,Normal
2024-02-22,Embu Green,A,2137.3,1173.5,63,PVC,311.9,4.52,34.62,32.09,3,6.02,-2.53,2.53,Normal
2024-02-22,Embu Green,E,4985.2,1181.9,40,PVC,404.2,8.82,37.19,39.06,11,6.0,1.87,0.0,Normal
2024-02-22,Runyenjes East,E,1069.0,1086.2,50,HDPE,435.4,7.42,41.63,49.1,11,2.12,7.47,0.0,Normal
2024-02-22,Mwea Smallholder,G,3810.4,1076.8,32,PVC,298.0,9.49,41.08,40.13,3,2.09,-0.95,0.95,Normal
2024-02-22,Kibugu-Nguviu,A,1264.1,1052.2,50,PVC,524.9,3.95,40.45,31.36,4,5.69,-9.09,9.09,Normal
2024-02-22,Mwea Smallholder,C,1631.7,1081.6,50,PVC,517.1,3.5,46.37,44.54,3,6.53,-1.83,1.83,Normal
2024-02-22,Runyenjes East,C,2091.9,1103.7,50,PVC,291.4,6.68,46.87,43.49,8,4.28,-3.38,3.38,Normal
2024-02-23,Kibugu-Nguviu,F,4306.9,1148.1,32,GI,625.8,3.61,35.91,33.82,6,5.78,-2.09,2.09,Normal
2024-02-23,Mwea Smallholder,B,3540.9,1249.3,50,HDPE,560.8,7.39,37.73,39.1,3,4.06,1.37,0.0,Normal
2024-02-23,Mwea Smallholder,F,4262.6,1152.7,50,PVC,308.0,6.48,39.68,42.42,8,4.2,2.74,0.0,Normal
2024-02-23,Embu Green,B,4408.2,1207.2,75,GI,210.5,3.94,40.64,43.43,4,5.6,2.79,0.0,Normal
2024-02-23,Kibugu-Nguviu,F,3209.2,1214.5,40,HDPE,778.9,7.64,31.87,35.23,6,4.67,3.36,0.0,Normal
2024-02-23,Embu Green,D,48.8,1035.9,90,HDPE,394.3,7.95,41.49,35.18,4,3.13,-6.31,6.31,Normal
2024-02-23,Kibugu-Nguviu,H,241.9,1214.1,63,HDPE,299.2,5.64,45.62,43.28,8,1.29,-2.34,2.34,Normal
2024-02-23,Embu Green,H,2590.0,1217.5,40,PVC,218.1,2.26,42.84,40.74,4,2.41,-2.1,2.1,Normal
2024-02-23,Embu Green,D,224.9,1207.6,50,PVC,780.9,4.09,35.3,30.29,3,1.77,-5.01,5.01,Normal
2024-02-24,Runyenjes East,E,3804.2,1192.5,40,PVC,713.9,5.15,39.02,37.02,9,4.18,-2.0,2.0,Normal
2024-02-24,Mwea Smallholder,A,3755.0,955.8,75,PVC,529.5,9.54,51.28,45.43,10,2.55,-5.85,5.85,Normal
2024-02-24,Runyenjes East,E,4341.5,1255.7,75,HDPE,337.7,8.75,35.2,32.29,2,2.11,-2.91,2.91,Normal
2024-02-24,Embu Green,F,1885.6,1013.7,75,PVC,37.2,4.03,50.26,41.19,3,6.83,-9.07,9.07,Normal
2024-02-24,Kibugu-Nguviu,A,406.1,1324.4,40,PVC,501.1,5.75,28.81,26.88,5,7.86,-1.93,1.93,Normal
2024-02-24,Runyenjes East,G,844.4,969.7,63,PVC,612.1,2.98,51.82,53.45,2,2.98,1.63,0.0,High Pressure
2024-02-24,Mwea Smallholder,B,4698.2,1216.6,63,PVC,578.5,6.08,36.58,39.83,3,5.73,3.25,0.0,Normal
2024-02-24,Embu Green,G,2352.5,1076.2,90,GI,719.4,3.53,39.95,40.6,6,6.41,0.65,0.0,Normal
2024-02-25,Runyenjes East,H,3280.1,1247.7,40,GI,623.0,8.11,31.68,31.47,8,2.82,-0.21,0.21,Normal
2024-02-25,Kibugu-Nguviu,D,684.8,1080.7,32,GI,501.9,3.75,39.44,29.11,10,4.26,-10.33,10.33,Normal
2024-02-25,Embu Green,E,471.6,1046.2,40,PVC,102.9,3.68,50.83,40.29,11,0.78,-10.54,10.54,Normal
2024-02-26,Runyenjes East,B,600.3,1009.9,40,PVC,510.3,3.84,43.99,32.53,10,7.28,-11.46,11.46,Normal
2024-02-26,Embu Green,B,2563.4,1316.8,40,PVC,232.8,7.9,38.0,41.63,8,4.3,3.63,0.0,Normal
2024-02-26,Runyenjes East,H,4183.1,1291.1,40,PVC,560.9,4.27,37.05,38.92,2,4.53,1.87,0.0,Normal
2024-02-26,Mwea Smallholder,E,3611.9,1334.9,90,GI,84.6,4.4,37.25,37.27,2,2.16,0.02,0.0,Normal
2024-02-26,Runyenjes East,B,1851.8,1153.4,50,PVC,115.7,2.84,49.11,51.37,1,0.97,2.26,0.0,High Pressure
2024-02-26,Kibugu-Nguviu,H,2282.2,1295.8,25,HDPE,725.9,9.18,33.58,34.92,4,6.47,1.34,0.0,Normal
2024-02-26,Kibugu-Nguviu,A,3282.6,1207.6,90,PVC,317.7,4.42,39.25,33.29,10,4.18,-5.96,5.96,Normal
2024-02-26,Kibugu-Nguviu,G,4453.9,1055.2,50,PVC,613.4,6.53,42.8,42.2,8,1.6,-0.6,0.6,Normal
2024-02-26,Mwea Smallholder,E,509.8,1253.0,50,HDPE,218.4,11.3,33.72,35.01,8,4.54,1.29,0.0,Normal
2024-02-27,Kibugu-Nguviu,F,4631.0,1265.6,90,PVC,332.7,6.99,37.72,31.98,4,4.42,-5.74,5.74,Normal
2024-02-27,Embu Green,D,97.7,1189.3,25,PVC,396.8,3.52,38.45,41.85,11,4.4,3.4,0.0,Normal
2024-02-27,Mwea Smallholder,A,2811.6,1330.1,32,PVC,238.8,4.16,34.66,27.22,7,1.43,-7.44,7.44,Normal
2024-02-27,Embu Green,A,3251.7,1181.7,50,PVC,613.9,5.77,37.79,32.01,5,4.13,-5.78,5.78,Normal
2024-02-27,Mwea Smallholder,E,1329.7,1142.5,75,PVC,686.2,3.41,33.42,35.31,8,5.22,1.89,0.0,Normal
2024-02-27,Mwea Smallholder,E,2874.5,1346.1,50,PVC,231.3,7.72,34.68,32.12,10,0.6,-2.56,2.56,Normal
2024-02-28,Mwea Smallholder,H,4680.1,1036.9,90,HDPE,478.7,3.23,50.76,46.37,6,7.36,-4.39,4.39,Normal
2024-02-28,Mwea Smallholder,H,2919.6,1001.2,63,HDPE,647.6,3.65,46.76,40.73,5,6.78,-6.03,6.03,Normal
2024-02-28,Embu Green,H,4887.2,1207.1,50,PVC,179.4,6.96,39.14,37.18,5,5.03,-1.96,1.96,Normal
2024-02-28,Mwea Smallholder,F,858.4,1281.4,75,PVC,760.2,5.33,31.35,25.6,10,4.23,-5.75,5.75,Normal
2024-02-28,Runyenjes East,F,4152.6,1213.3,32,PVC,712.6,4.96,35.75,35.37,7,6.06,-0.38,0.38,Normal
2024-02-28,Mwea Smallholder,B,1846.2,1006.4,90,PVC,614.4,2.04,42.69,43.02,2,7.01,0.33,0.0,Normal
2024-02-28,Embu Green,G,3119.0,1066.5,75,GI,519.3,1.57,45.76,45.82,3,1.72,0.06,0.0,Normal
2024-02-28,Kibugu-Nguviu,D,2900.1,1135.8,32,PVC,770.6,5.0,40.92,35.6,3,3.64,-5.32,5.32,Normal
2024-02-28,Kibugu-Nguviu,H,1768.4,960.8,75,PVC,78.9,7.07,55.75,53.03,6,1.04,-2.72,2.72,High Pressure
2024-02-29,Mwea Smallholder,F,630.4,1225.1,90,HDPE,373.7,5.64,36.44,39.35,11,3.3,2.91,0.0,Normal
2024-02-29,Embu Green,B,3005.2,1038.0,40,PVC,521.3,3.05,46.64,35.33,5,3.0,-11.31,11.31,Normal
2024-02-29,Mwea Smallholder,E,4838.8,1032.5,63,PVC,459.0,6.12,42.48,37.04,4,2.8,-5.44,5.44,Normal
2024-02-29,Kibugu-Nguviu,F,3782.3,1133.4,50,PVC,266.8,5.52,43.42,36.78,8,1.84,-6.64,6.64,Normal
2024-02-29,Embu Green,G,1579.5,1025.2,63,PVC,263.7,6.16,51.41,58.95,9,2.56,7.54,0.0,High Pressure
2024-02-29,Kibugu-Nguviu,A,4729.4,1084.9,25,PVC,792.3,1.98,38.75,41.97,4,6.85,3.22,0.0,Normal
2024-02-29,Embu Green,D,2811.2,1335.4,32,PVC,413.1,4.94,28.83,28.53,3,5.31,-0.3,0.3,Normal
2024-02-29,Mwea Smallholder,H,4302.1,1069.9,50,PVC,790.9,5.08,38.7,41.5,11,5.04,2.8,0.0,Normal
2024-03-01,Kibugu-Nguviu,D,4946.1,1301.1,75,PVC,794.6,4.17,30.28,25.76,1,7.94,-4.52,4.52,Normal
2024-03-01,Kibugu-Nguviu,F,256.4,1176.4,90,PVC,106.8,7.72,46.24,43.11,8,0.53,-3.13,3.13,Normal
2024-03-01,Runyenjes East,D,3495.3,1077.0,32,PVC,484.1,4.86,42.31,41.03,10,3.97,-1.28,1.28,Normal
2024-03-01,Embu Green,G,4167.0,1197.2,75,PVC,472.4,2.92,38.39,39.64,2,2.74,1.25,0.0,Normal
2024-03-01,Runyenjes East,G,1889.1,1334.0,50,PVC,313.4,6.94,31.29,31.8,8,2.43,0.51,0.0,Normal
2024-03-01,Embu Green,H,4030.1,973.9,40,GI,156.8,2.4,51.86,52.11,4,7.11,0.25,0.0,High Pressure
2024-03-01,Mwea Smallholder,B,1688.2,1113.7,63,PVC,187.9,6.84,46.47,47.59,5,1.06,1.12,0.0,Normal
2024-03-01,Kibugu-Nguviu,D,4903.6,999.7,50,PVC,606.0,5.54,45.59,47.06,3,3.61,1.47,0.0,Normal
2024-03-02,Runyenjes East,C,4529.6,1292.8,40,PVC,524.5,3.37,32.79,37.27,2,3.55,4.48,0.0,Normal
2024-03-02,Runyenjes East,G,2329.3,1106.1,90,HDPE,95.7,5.69,44.77,43.73,7,6.55,-1.04,1.04,Normal
2024-03-02,Mwea Smallholder,H,2078.8,1087.2,50,PVC,197.9,6.79,47.43,47.88,10,2.03,0.45,0.0,Normal
2024-03-02,Mwea Smallholder,A,2418.9,1053.1,50,PVC,116.2,9.47,48.5,44.43,11,3.91,-4.07,4.07,Normal
2024-03-02,Kibugu-Nguviu,H,1017.1,969.1,90,PVC,730.1,5.81,45.64,43.22,2,4.86,-2.42,2.42,Normal
2024-03-02,Kibugu-Nguviu,B,4820.1,1284.5,40,PVC,54.4,5.18,45.81,46.24,2,3.04,0.43,0.0,Normal
2024-03-02,Runyenjes East,B,4780.5,1331.9,63,PVC,330.9,4.92,32.44,24.86,1,5.72,-7.58,7.58,Normal
2024-03-03,Embu Green,F,3042.5,1298.0,25,HDPE,213.0,4.07,37.79,35.27,6,2.62,-2.52,2.52,Normal
2024-03-03,Embu Green,C,1068.3,1260.8,40,PVC,565.3,4.48,32.92,33.14,1,1.54,0.22,0.0,Normal
2024-03-03,Kibugu-Nguviu,H,3004.5,1258.4,63,GI,771.2,1.36,28.84,20.89,7,5.09,-7.95,7.95,Normal
2024-03-03,Kibugu-Nguviu,A,1270.1,1006.9,63,PVC,673.9,2.58,39.23,37.06,8,2.38,-2.17,2.17,Normal
2024-03-03,Runyenjes East,H,2414.9,982.5,75,PVC,559.4,1.84,50.2,48.18,5,6.61,-2.02,2.02,Normal
2024-03-03,Embu Green,F,4965.4,1313.6,63,PVC,466.7,3.96,32.6,32.7,3,7.79,0.1,0.0,Normal
2024-03-03,Mwea Smallholder,C,3238.2,1148.6,63,HDPE,95.1,4.57,45.68,40.85,11,1.41,-4.83,4.83,Normal
2024-03-03,Mwea Smallholder,E,2097.2,1136.9,25,HDPE,308.0,6.59,38.91,37.12,2,3.02,-1.79,1.79,Normal
2024-03-03,Runyenjes East,E,3687.6,1301.0,63,PVC,513.5,5.08,31.4,30.93,4,4.96,-0.47,0.47,Normal
2024-03-04,Kibugu-Nguviu,D,674.8,1050.9,63,HDPE,662.1,6.83,41.79,39.45,7,1.49,-2.34,2.34,Normal
2024-03-04,Mwea Smallholder,A,2334.8,959.9,40,HDPE,504.7,1.0,51.71,49.72,6,7.73,-1.99,1.99,Normal
2024-03-04,Mwea Smallholder,H,1144.7,1112.8,90,PVC,462.3,6.06,41.29,40.65,5,1.37,-0.64,0.64,Normal
2024-03-04,Runyenjes East,D,0.6,1309.7,32,PVC,343.0,5.71,33.98,28.31,9,5.32,-5.67,5.67,Normal
2024-03-04,Runyenjes East,B,3121.0,1196.2,25,HDPE,214.1,5.3,44.9,46.49,2,7.38,1.59,0.0,Normal
2024-03-04,Kibugu-Nguviu,D,2972.1,1229.6,90,PVC,193.2,2.88,41.0,33.62,5,1.14,-7.38,7.38,Normal
2024-03-04,Runyenjes East,C,4864.2,1208.9,90,PVC,689.5,1.09,34.34,37.99,9,1.01,3.65,0.0,Normal
2024-03-04,Kibugu-Nguviu,B,1345.2,1102.1,32,HDPE,681.2,3.32,38.34,32.46,9,6.72,-5.88,5.88,Normal
2024-03-05,Kibugu-Nguviu,A,2393.2,1064.4,63,PVC,263.1,5.23,47.23,47.43,4,5.26,0.2,0.0,Normal
2024-03-05,Runyenjes East,A,3199.5,1248.3,40,PVC,706.4,6.84,32.55,38.72,11,1.42,6.17,0.0,Normal
2024-03-05,Runyenjes East,B,4568.9,1295.5,75,PVC,74.0,5.04,38.13,32.52,7,4.74,-5.61,5.61,Normal
2024-03-05,Mwea Smallholder,C,4149.0,1132.8,32,PVC,416.6,6.26,37.47,33.55,10,4.08,-3.92,3.92,Normal
2024-03-05,Mwea Smallholder,H,3660.6,985.2,63,HDPE,320.5,5.9,48.17,43.51,3,3.47,-4.66,4.66,Normal
2024-03-05,Embu Green,F,3366.4,1217.8,75,PVC,755.2,3.23,26.95,24.71,3,1.84,-2.24,2.24,Normal
2024-03-05,Mwea Smallholder,D,52.8,1346.9,90,GI,544.5,6.76,29.35,21.81,5,6.78,-7.54,7.54,Normal
2024-03-05,Kibugu-Nguviu,B,955.6,1206.1,25,PVC,164.5,5.58,43.8,46.57,3,3.51,2.77,0.0,Normal
2024-03-05,Embu Green,H,3914.7,1248.3,75,PVC,280.9,7.47,37.88,41.85,6,4.28,3.97,0.0,Normal
2024-03-05,Embu Green,D,209.5,1137.1,90,HDPE,395.5,5.94,47.99,42.82,2,4.43,-5.17,5.17,Normal
2024-03-05,Embu Green,B,809.5,1155.8,63,PVC,792.8,4.76,34.45,34.18,7,2.02,-0.27,0.27,Normal
2024-03-05,Kibugu-Nguviu,G,320.8,1150.4,75,PVC,648.5,5.99,42.61,38.64,5,7.64,-3.97,3.97,Normal
2024-03-05,Kibugu-Nguviu,D,535.2,1323.6,63,PVC,676.8,6.38,32.56,40.82,9,4.98,8.26,0.0,Normal
2024-03-05,Embu Green,A,458.1,1197.5,40,PVC,589.0,2.21,41.03,37.8,6,2.54,-3.23,3.23,Normal
2024-03-05,Mwea Smallholder,C,4226.1,1320.2,32,PVC,525.1,4.22,29.85,29.96,3,4.85,0.11,0.0,Normal
2024-03-05,Runyenjes East,F,1895.3,1249.5,75,PVC,731.9,7.86,29.6,32.79,8,1.34,3.19,0.0,Normal
2024-03-05,Embu Green,G,3523.3,1246.6,75,HDPE,44.2,4.17,34.05,26.36,10,4.59,-7.69,7.69,Normal
2024-03-05,Embu Green,F,3879.5,1248.5,40,PVC,189.4,5.67,40.02,43.51,4,2.98,3.49,0.0,Normal
2024-03-05,Kibugu-Nguviu,G,542.5,1177.6,75,GI,71.1,4.76,47.46,49.16,4,7.56,1.7,0.0,Normal
2024-03-06,Embu Green,H,3633.8,1324.5,50,HDPE,564.7,4.13,28.08,28.1,5,1.85,0.02,0.0,Normal
2024-03-06,Kibugu-Nguviu,B,4724.4,970.9,40,PVC,111.0,3.79,49.18,50.85,5,4.9,1.67,0.0,High Pressure
2024-03-06,Mwea Smallholder,H,2223.2,1227.8,50,PVC,738.8,3.46,31.56,28.11,3,4.47,-3.45,3.45,Normal
2024-03-06,Runyenjes East,F,1618.3,1002.0,50,PVC,711.5,4.53,40.69,42.09,9,2.32,1.4,0.0,Normal
2024-03-06,Mwea Smallholder,C,742.9,1189.0,50,PVC,86.1,8.78,41.79,45.86,2,6.28,4.07,0.0,Normal
2024-03-06,Runyenjes East,E,3649.2,1333.9,75,PVC,517.1,3.41,33.7,40.57,11,1.92,6.87,0.0,Normal
2024-03-06,Runyenjes East,G,3528.7,1268.5,32,HDPE,100.2,6.4,40.1,40.19,5,2.29,0.09,0.0,Normal
2024-03-06,Runyenjes East,E,4768.0,1007.0,75,HDPE,399.6,4.24,40.26,35.36,7,1.14,-4.9,4.9,Normal
2024-03-06,Kibugu-Nguviu,D,4496.1,1066.7,75,PVC,686.6,2.3,39.33,41.27,2,6.71,1.94,0.0,Normal
2024-03-06,Embu Green,E,4585.4,1057.4,25,PVC,142.4,3.59,46.13,32.4,9,7.14,-13.73,13.73,Normal
2024-03-06,Kibugu-Nguviu,D,3870.3,1324.2,32,PVC,484.6,5.92,34.82,30.28,4,4.08,-4.54,4.54,Normal
2024-03-07,Embu Green,C,2543.5,1322.3,50,PVC,504.2,6.3,32.91,37.37,3,3.42,4.46,0.0,Normal
2024-03-07,Runyenjes East,B,3821.1,1225.8,90,PVC,59.2,6.74,37.73,32.82,8,0.52,-4.91,4.91,Normal
2024-03-07,Embu Green,E,2113.3,1129.3,90,PVC,638.1,5.38,37.58,41.7,7,6.84,4.12,0.0,Normal
2024-03-07,Kibugu-Nguviu,A,3808.8,994.4,40,HDPE,334.6,3.03,47.35,40.06,4,5.93,-7.29,7.29,Normal
2024-03-08,Kibugu-Nguviu,G,2543.9,1331.6,40,PVC,400.0,6.07,32.5,36.61,5,1.94,4.11,0.0,Normal
2024-03-08,Embu Green,E,4688.0,1245.2,32,PVC,643.1,4.11,38.0,38.61,7,5.0,0.61,0.0,Normal
2024-03-08,Runyenjes East,G,4318.6,1150.0,50,PVC,671.1,3.05,32.37,21.67,9,0.58,-10.7,10.7,Normal
2024-03-08,Kibugu-Nguviu,F,867.1,1077.3,50,PVC,117.6,8.75,53.17,52.53,5,1.51,-0.64,0.64,High Pressure
2024-03-09,Mwea Smallholder,C,4395.7,1133.3,63,HDPE,298.2,3.07,43.14,43.33,1,2.7,0.19,0.0,Normal
2024-03-09,Embu Green,A,3982.8,1171.5,40,GI,665.7,8.64,38.02,35.2,1,2.57,-2.82,2.82,Normal
2024-03-09,Runyenjes East,C,4574.2,1152.6,25,PVC,71.2,9.6,43.34,45.57,2,6.24,2.23,0.0,Normal
2024-03-09,Embu Green,H,712.6,1008.5,50,HDPE,502.9,9.47,44.18,47.69,1,6.68,3.51,0.0,Normal
2024-03-09,Runyenjes East,D,1003.5,1302.0,63,PVC,405.0,8.19,32.27,25.64,6,1.47,-6.63,6.63,Normal
2024-03-09,Embu Green,F,1939.3,1193.8,90,PVC,630.4,8.09,39.89,33.52,1,1.89,-6.37,6.37,Normal
2024-03-09,Kibugu-Nguviu,E,12.2,1188.6,50,PVC,738.0,3.08,38.41,29.78,1,4.35,-8.63,8.63,Normal
2024-03-10,Runyenjes East,D,2292.7,1107.3,63,GI,82.2,6.16,50.17,51.68,3,0.61,1.51,0.0,High Pressure
2024-03-10,Mwea Smallholder,B,3722.4,1099.6,90,PVC,789.2,4.52,35.84,37.96,4,7.88,2.12,0.0,Normal
2024-03-10,Runyenjes East,H,364.2,1261.0,50,PVC,498.0,6.33,31.19,22.62,7,3.89,-8.57,8.57,Normal
2024-03-10,Embu Green,F,347.7,1236.8,75,PVC,627.1,4.22,36.41,33.04,2,2.3,-3.37,3.37,Normal
2024-03-10,Embu Green,C,4878.2,1084.7,32,GI,351.1,6.59,46.78,52.61,5,4.79,5.83,0.0,High Pressure
2024-03-11,Mwea Smallholder,H,1725.4,1127.2,32,HDPE,652.0,5.68,39.81,37.36,10,4.35,-2.45,2.45,Normal
2024-03-11,Kibugu-Nguviu,C,235.2,1292.3,90,PVC,755.6,6.67,37.04,34.53,9,5.59,-2.51,2.51,Normal
2024-03-11,Kibugu-Nguviu,G,1443.6,1190.2,90,PVC,215.2,3.78,41.15,39.85,4,1.15,-1.3,1.3,Normal
2024-03-11,Kibugu-Nguviu,E,767.0,994.3,40,GI,277.3,1.86,55.92,51.41,8,7.51,-4.51,4.51,High Pressure
2024-03-11,Mwea Smallholder,A,1768.4,1254.1,75,PVC,347.8,6.97,39.55,30.87,3,3.37,-8.68,8.68,Normal
2024-03-12,Mwea Smallholder,G,826.6,965.6,40,GI,408.5,2.86,50.59,53.63,5,5.04,3.04,0.0,High Pressure
2024-03-12,Mwea Smallholder,D,4009.3,1012.2,75,HDPE,609.8,5.24,44.52,40.61,1,2.92,-3.91,3.91,Normal
2024-03-12,Kibugu-Nguviu,F,1697.1,1143.8,40,PVC,631.2,3.36,41.69,40.01,11,0.59,-1.68,1.68,Normal
2024-03-12,Runyenjes East,G,1106.1,1037.6,90,GI,799.9,3.72,38.21,30.08,8,1.92,-8.13,8.13,Normal
2024-03-12,Runyenjes East,H,1271.8,1059.1,63,PVC,40.4,6.25,53.04,47.33,4,6.53,-5.71,5.71,Normal
2024-03-12,Runyenjes East,A,783.0,1279.2,63,HDPE,501.2,5.72,29.76,26.22,6,4.64,-3.54,3.54,Normal
2024-03-13,Kibugu-Nguviu,H,4730.8,1275.4,50,HDPE,484.2,3.92,36.19,33.5,4,7.13,-2.69,2.69,Normal
2024-03-13,Kibugu-Nguviu,F,2683.2,1345.2,63,PVC,595.1,3.58,32.08,30.96,8,8.0,-1.12,1.12,Normal
2024-03-13,Embu Green,B,3483.9,1311.2,90,HDPE,379.7,5.6,36.45,39.93,8,3.88,3.48,0.0,Normal
2024-03-13,Embu Green,H,4388.0,982.7,75,PVC,682.4,2.6,47.9,46.06,6,7.0,-1.84,1.84,Normal
2024-03-13,Embu Green,F,4367.5,1204.5,25,PVC,500.9,0.5,31.71,28.66,8,1.56,-3.05,3.05,Normal
2024-03-14,Runyenjes East,C,4252.5,1043.4,90,GI,710.2,2.12,43.11,36.65,3,5.54,-6.46,6.46,Normal
2024-03-14,Runyenjes East,C,1915.5,1156.9,63,HDPE,344.3,4.21,38.81,41.74,4,2.73,2.93,0.0,Normal
2024-03-14,Kibugu-Nguviu,B,3818.1,1213.4,32,HDPE,742.9,3.67,32.01,26.24,11,1.27,-5.77,5.77,Normal
2024-03-14,Mwea Smallholder,F,3930.7,1331.7,75,HDPE,57.6,1.52,37.0,29.04,8,7.89,-7.96,7.96,Normal
2024-03-14,Kibugu-Nguviu,D,2687.0,1209.4,63,HDPE,707.3,6.13,42.04,39.27,8,1.63,-2.77,2.77,Normal
2024-03-14,Embu Green,D,181.8,1341.4,32,PVC,667.3,7.64,32.24,34.86,1,4.64,2.62,0.0,Normal
2024-03-15,Runyenjes East,F,4432.8,1260.2,40,HDPE,588.2,4.67,30.06,24.14,1,2.97,-5.92,5.92,Normal
2024-03-15,Runyenjes East,F,845.1,1181.0,40,HDPE,192.0,3.64,44.33,43.96,6,5.59,-0.37,0.37,Normal
2024-03-15,Embu Green,A,4334.3,1149.2,32,HDPE,151.2,6.32,49.16,43.72,10,2.87,-5.44,5.44,Normal
2024-03-15,Kibugu-Nguviu,F,734.3,1311.9,63,PVC,401.9,0.67,37.13,30.78,9,5.34,-6.35,6.35,Normal
2024-03-15,Mwea Smallholder,A,2883.9,1209.6,90,PVC,338.5,4.21,33.48,32.08,10,5.05,-1.4,1.4,Normal
2024-03-15,Embu Green,H,2040.7,1316.3,90,PVC,782.8,6.23,27.32,27.22,3,7.77,-0.1,0.1,Normal
2024-03-16,Runyenjes East,G,1032.9,1024.0,25,HDPE,230.5,4.82,51.9,52.99,6,2.45,1.09,0.0,High Pressure
2024-03-16,Runyenjes East,F,691.8,1218.2,32,PVC,482.8,5.33,40.65,39.75,2,5.11,-0.9,0.9,Normal
2024-03-16,Mwea Smallholder,F,2909.2,1307.3,90,PVC,320.7,5.75,37.16,37.89,6,4.62,0.73,0.0,Normal
2024-03-16,Kibugu-Nguviu,D,4205.3,1280.6,40,PVC,403.9,3.84,37.9,40.87,11,1.48,2.97,0.0,Normal
2024-03-16,Kibugu-Nguviu,A,529.8,1232.4,40,PVC,340.0,5.67,31.53,36.79,6,0.9,5.26,0.0,Normal
2024-03-16,Embu Green,B,1953.3,1089.3,32,PVC,470.5,9.3,47.65,44.33,10,6.35,-3.32,3.32,Normal
2024-03-16,Runyenjes East,H,531.8,1165.9,75,HDPE,250.0,5.19,43.95,42.08,5,3.39,-1.87,1.87,Normal
2024-03-16,Kibugu-Nguviu,F,1386.2,1275.2,75,GI,71.5,5.52,42.36,42.26,11,2.12,-0.1,0.1,Normal
2024-03-16,Kibugu-Nguviu,B,4013.7,1096.3,63,PVC,251.1,3.92,49.1,48.45,11,2.49,-0.65,0.65,Normal
2024-03-16,Mwea Smallholder,B,1018.2,1017.1,40,HDPE,80.3,3.41,51.71,52.78,11,5.4,1.07,0.0,High Pressure
2024-03-16,Mwea Smallholder,C,346.4,1004.4,40,PVC,425.6,6.31,44.81,41.15,3,4.03,-3.66,3.66,Normal
2024-03-16,Runyenjes East,E,4496.3,1199.0,50,PVC,528.0,6.19,35.73,38.53,5,4.35,2.8,0.0,Normal
2024-03-17,Kibugu-Nguviu,E,3370.6,1037.0,75,PVC,734.1,5.56,41.83,34.48,10,5.35,-7.35,7.35,Normal
2024-03-17,Kibugu-Nguviu,G,3822.7,1147.3,63,HDPE,604.4,3.54,46.0,40.64,8,2.59,-5.36,5.36,Normal
2024-03-17,Embu Green,C,1070.1,1291.4,40,HDPE,699.9,5.78,35.85,32.1,6,0.58,-3.75,3.75,Normal
2024-03-17,Runyenjes East,F,1536.6,1103.0,63,PVC,303.4,2.69,42.14,41.87,11,4.08,-0.27,0.27,Normal
2024-03-17,Kibugu-Nguviu,A,4567.9,1296.2,75,PVC,246.0,3.44,40.68,44.36,6,7.36,3.68,0.0,Normal
2024-03-17,Embu Green,F,541.6,1130.9,50,PVC,395.1,5.66,40.02,38.76,11,1.59,-1.26,1.26,Normal
2024-03-17,Mwea Smallholder,H,2736.5,1327.1,40,PVC,499.4,6.49,35.16,45.88,5,4.72,10.72,0.0,Normal
2024-03-17,Runyenjes East,C,2965.0,1025.7,63,PVC,136.4,3.24,54.23,53.85,6,1.85,-0.38,0.38,High Pressure
2024-03-17,Embu Green,F,2898.0,953.5,63,HDPE,297.9,4.12,44.18,40.6,10,3.29,-3.58,3.58,Normal
2024-03-18,Runyenjes East,B,4534.9,964.7,75,GI,383.3,7.5,50.78,49.53,4,1.05,-1.25,1.25,Normal
2024-03-18,Runyenjes East,A,1032.8,1060.7,25,PVC,239.9,5.2,46.62,44.48,6,5.2,-2.14,2.14,Normal
2024-03-18,Mwea Smallholder,G,1960.4,1259.1,40,PVC,246.3,6.19,42.28,40.07,11,2.25,-2.21,2.21,Normal
2024-03-18,Runyenjes East,E,1212.4,1129.8,50,HDPE,490.1,6.6,37.3,43.44,10,4.55,6.14,0.0,Normal
2024-03-18,Kibugu-Nguviu,B,3608.8,1064.9,75,PVC,522.8,5.42,42.45,40.26,2,4.48,-2.19,2.19,Normal
2024-03-18,Mwea Smallholder,A,1064.3,1137.9,75,HDPE,190.7,7.89,44.06,37.25,8,2.68,-6.81,6.81,Normal
2024-03-18,Mwea Smallholder,F,1746.6,1340.4,90,PVC,473.5,2.58,33.6,29.27,1,7.98,-4.33,4.33,Normal
2024-03-18,Runyenjes East,E,1201.9,1203.5,32,HDPE,143.0,5.8,41.14,36.96,10,2.4,-4.18,4.18,Normal
2024-03-18,Mwea Smallholder,D,2496.2,1334.3,40,PVC,396.4,5.46,29.04,22.01,1,5.04,-7.03,7.03,Normal
2024-03-18,Runyenjes East,C,3401.5,1076.8,50,PVC,50.2,1.47,47.94,44.95,5,3.15,-2.99,2.99,Normal
2024-03-19,Embu Green,H,2282.9,1077.0,40,GI,453.1,5.43,46.53,32.98,8,4.7,-13.55,13.55,Normal
2024-03-19,Runyenjes East,C,20.3,984.7,32,HDPE,786.1,3.81,44.19,42.29,1,0.53,-1.9,1.9,Normal
2024-03-19,Runyenjes East,D,2606.6,1292.0,50,HDPE,110.2,2.85,43.12,39.31,11,6.3,-3.81,3.81,Normal
2024-03-19,Mwea Smallholder,F,4971.9,1097.2,75,HDPE,177.2,4.63,49.29,47.43,8,6.43,-1.86,1.86,Normal
2024-03-19,Kibugu-Nguviu,A,3972.9,1190.5,32,HDPE,345.1,6.47,38.0,38.07,3,3.11,0.07,0.0,Normal
2024-03-19,Runyenjes East,B,3555.2,950.1,32,PVC,581.8,6.5,46.98,46.75,10,3.68,-0.23,0.23,Normal
2024-03-19,Mwea Smallholder,A,3285.2,1051.5,32,HDPE,437.3,4.25,41.34,44.77,3,0.7,3.43,0.0,Normal
2024-03-19,Embu Green,D,4761.2,995.4,75,PVC,247.9,4.22,53.87,52.35,11,1.67,-1.52,1.52,High Pressure
2024-03-19,Mwea Smallholder,D,2265.4,1280.0,75,PVC,291.0,4.27,37.54,39.41,6,0.9,1.87,0.0,Normal
2024-03-19,Mwea Smallholder,G,3329.8,1137.8,25,PVC,32.0,7.97,49.07,53.03,8,1.25,3.96,0.0,High Pressure
2024-03-20,Kibugu-Nguviu,B,51.3,1183.5,63,PVC,303.0,4.45,46.11,46.83,4,4.79,0.72,0.0,Normal
2024-03-20,Kibugu-Nguviu,B,1905.9,1253.1,50,PVC,193.0,2.7,29.55,29.55,5,4.51,0.0,0.0,Normal
2024-03-20,Mwea Smallholder,A,796.2,1135.5,50,HDPE,324.5,1.88,43.13,40.16,3,2.02,-2.97,2.97,Normal
2024-03-20,Embu Green,F,1007.4,1278.7,90,PVC,753.1,7.07,33.36,32.42,7,6.24,-0.94,0.94,Normal
2024-03-20,Kibugu-Nguviu,B,283.4,1261.1,50,GI,555.1,6.8,32.44,40.18,1,1.42,7.74,0.0,Normal
2024-03-20,Mwea Smallholder,E,2820.0,1326.2,50,PVC,667.6,4.06,35.11,42.27,5,7.97,7.16,0.0,Normal
2024-03-20,Runyenjes East,H,3247.8,1226.6,63,PVC,636.4,4.93,32.13,30.1,5,5.21,-2.03,2.03,Normal
2024-03-20,Mwea Smallholder,D,3725.2,1276.7,75,PVC,65.7,7.23,37.29,42.09,6,6.35,4.8,0.0,Normal
2024-03-21,Runyenjes East,H,3352.4,1225.3,63,PVC,59.7,2.19,41.89,36.83,9,4.96,-5.06,5.06,Normal
2024-03-21,Embu Green,G,3749.3,1092.9,50,PVC,118.3,4.29,44.59,41.14,8,6.61,-3.45,3.45,Normal
2024-03-21,Mwea Smallholder,C,2654.7,1269.4,50,PVC,536.3,6.62,34.49,40.73,2,6.19,6.24,0.0,Normal
2024-03-21,Mwea Smallholder,F,2769.9,1051.6,32,HDPE,104.4,6.24,55.28,52.61,9,6.36,-2.67,2.67,High Pressure
2024-03-21,Kibugu-Nguviu,E,1490.1,1242.9,32,GI,251.2,5.67,40.13,31.39,9,1.98,-8.74,8.74,Normal
2024-03-21,Runyenjes East,D,2789.6,1326.9,40,HDPE,426.0,6.23,33.86,38.93,9,4.44,5.07,0.0,Normal
2024-03-21,Runyenjes East,E,2545.3,1276.9,32,PVC,502.2,2.4,26.5,23.39,6,7.63,-3.11,3.11,Normal
2024-03-22,Embu Green,A,3292.1,1145.8,25,PVC,722.0,4.28,39.35,39.91,7,5.85,0.56,0.0,Normal
2024-03-22,Mwea Smallholder,H,4092.1,1180.6,40,PVC,400.7,6.2,39.42,37.21,5,1.83,-2.21,2.21,Normal
2024-03-22,Runyenjes East,E,1519.1,1088.8,32,PVC,463.5,4.64,40.42,40.27,5,3.98,-0.15,0.15,Normal
2024-03-22,Kibugu-Nguviu,C,479.7,1032.8,75,HDPE,178.1,5.18,53.11,49.74,4,3.54,-3.37,3.37,Normal
2024-03-22,Mwea Smallholder,C,608.0,1347.0,75,HDPE,348.0,3.94,36.01,32.61,3,7.56,-3.4,3.4,Normal
2024-03-22,Embu Green,D,286.7,1281.3,63,PVC,287.6,3.72,39.26,49.56,9,2.05,10.3,0.0,Normal
2024-03-22,Embu Green,F,813.2,1114.1,75,PVC,112.5,3.28,47.16,49.1,11,7.39,1.94,0.0,Normal
2024-03-23,Mwea Smallholder,B,1107.3,1083.8,90,GI,651.0,4.57,37.61,41.07,4,4.71,3.46,0.0,Normal
2024-03-23,Kibugu-Nguviu,D,1011.5,1295.2,50,PVC,300.6,3.95,37.65,36.28,5,5.48,-1.37,1.37,Normal
2024-03-23,Mwea Smallholder,C,2733.9,1036.3,75,PVC,161.3,5.7,41.36,42.89,11,2.37,1.53,0.0,Normal
2024-03-23,Embu Green,E,1756.9,968.0,75,PVC,290.9,5.52,51.34,49.52,5,6.06,-1.82,1.82,Normal
2024-03-23,Runyenjes East,A,3970.7,1206.7,40,HDPE,197.0,7.91,38.11,37.54,9,3.73,-0.57,0.57,Normal
2024-03-23,Runyenjes East,A,1106.7,1202.9,40,HDPE,623.2,3.44,34.55,35.37,10,4.44,0.82,0.0,Normal
2024-03-23,Runyenjes East,G,1386.1,981.2,75,PVC,321.2,5.24,49.85,47.49,8,4.86,-2.36,2.36,Normal
2024-03-23,Kibugu-Nguviu,F,3770.1,1041.2,40,PVC,633.6,7.1,44.23,46.05,11,0.77,1.82,0.0,Normal
2024-03-24,Kibugu-Nguviu,G,3147.7,952.5,63,PVC,112.1,12.0,54.52,62.7,10,7.92,8.18,0.0,High Pressure
2024-03-24,Embu Green,H,3777.0,1120.2,40,PVC,731.1,6.58,43.22,44.41,6,1.1,1.19,0.0,Normal
2024-03-24,Mwea Smallholder,E,2756.8,1066.6,90,PVC,782.0,4.25,37.23,41.79,3,7.5,4.56,0.0,Normal
2024-03-24,Mwea Smallholder,C,3061.9,1326.0,50,HDPE,83.2,7.94,32.85,27.91,5,4.57,-4.94,4.94,Normal
2024-03-24,Embu Green,B,1984.5,1053.9,50,HDPE,288.7,3.84,42.69,33.91,10,3.68,-8.78,8.78,Normal
2024-03-24,Embu Green,D,1099.8,952.3,40,GI,636.3,0.5,46.25,50.79,5,3.39,4.54,0.0,High Pressure
2024-03-24,Runyenjes East,F,2349.4,961.9,63,PVC,731.1,4.16,48.34,49.49,10,3.17,1.15,0.0,Normal
2024-03-24,Kibugu-Nguviu,D,2121.9,966.9,50,GI,221.3,3.63,54.84,47.95,10,7.42,-6.89,6.89,Normal
2024-03-25,Mwea Smallholder,E,1846.8,1065.3,90,PVC,599.5,3.83,38.3,37.55,11,3.25,-0.75,0.75,Normal
2024-03-25,Embu Green,F,445.3,1245.8,40,HDPE,395.2,3.47,34.38,35.43,2,2.87,1.05,0.0,Normal
2024-03-25,Mwea Smallholder,C,12.0,1173.7,63,HDPE,197.3,3.81,40.16,32.55,8,6.4,-7.61,7.61,Normal
2024-03-25,Runyenjes East,F,3252.8,1308.4,32,HDPE,78.1,4.44,37.48,38.95,2,1.38,1.47,0.0,Normal
2024-03-25,Embu Green,A,2959.1,1154.0,63,HDPE,373.1,4.01,41.24,41.02,11,5.21,-0.22,0.22,Normal
2024-03-25,Runyenjes East,H,1088.8,1325.8,75,HDPE,316.3,4.52,31.39,29.56,8,1.42,-1.83,1.83,Normal
2024-03-26,Embu Green,C,2040.0,1234.8,50,PVC,680.2,6.82,33.48,32.73,4,3.32,-0.75,0.75,Normal
2024-03-26,Kibugu-Nguviu,C,2688.2,1192.7,75,PVC,605.1,5.8,35.1,41.02,3,6.24,5.92,0.0,Normal
2024-03-26,Kibugu-Nguviu,C,3054.1,1085.6,50,PVC,331.3,10.06,41.98,42.27,4,5.2,0.29,0.0,Normal
2024-03-26,Runyenjes East,D,4946.2,1190.9,50,GI,432.1,3.35,38.07,34.2,5,7.05,-3.87,3.87,Normal
2024-03-26,Kibugu-Nguviu,C,1706.5,1202.3,32,PVC,116.0,1.67,45.0,45.55,9,2.78,0.55,0.0,Normal
2024-03-26,Embu Green,H,3462.1,1239.9,63,PVC,99.3,5.92,42.41,37.61,7,3.71,-4.8,4.8,Normal
2024-03-26,Embu Green,G,2766.5,1190.5,50,GI,666.0,7.46,33.71,30.76,8,5.24,-2.95,2.95,Normal
2024-03-26,Runyenjes East,E,4688.5,1112.2,50,HDPE,544.9,0.59,39.52,46.76,2,1.94,7.24,0.0,Normal
2024-03-26,Mwea Smallholder,G,2172.9,1037.7,63,HDPE,577.7,6.23,49.71,46.62,4,1.24,-3.09,3.09,Normal
2024-03-27,Mwea Smallholder,H,1574.9,1217.7,63,PVC,274.5,7.63,39.2,41.15,8,2.94,1.95,0.0,Normal
2024-03-27,Kibugu-Nguviu,F,1617.7,1271.9,63,PVC,433.0,4.75,31.98,32.67,1,1.71,0.69,0.0,Normal
2024-03-27,Embu Green,B,3977.1,1011.5,25,PVC,552.8,5.48,42.95,42.5,1,2.41,-0.45,0.45,Normal
2024-03-27,Embu Green,C,4693.9,1067.4,40,PVC,765.3,4.06,42.76,42.82,8,1.51,0.06,0.0,Normal
2024-03-27,Mwea Smallholder,F,3664.2,1184.9,75,HDPE,240.5,4.09,44.52,40.37,9,3.53,-4.15,4.15,Normal
2024-03-28,Embu Green,F,4324.5,1335.0,75,PVC,378.2,6.34,30.0,37.4,5,5.39,7.4,0.0,Normal
2024-03-28,Runyenjes East,B,4145.6,1147.8,75,HDPE,759.5,4.53,43.14,38.15,8,2.22,-4.99,4.99,Normal
2024-03-28,Kibugu-Nguviu,B,1633.6,1094.7,25,PVC,179.0,9.29,49.1,50.06,9,5.06,0.96,0.0,High Pressure
2024-03-28,Embu Green,B,2504.9,1274.1,63,PVC,617.0,3.02,35.23,33.97,3,7.18,-1.26,1.26,Normal
2024-03-28,Runyenjes East,A,4517.0,1035.3,32,HDPE,41.4,4.77,43.86,40.36,1,6.1,-3.5,3.5,Normal
2024-03-29,Mwea Smallholder,A,4872.2,1198.5,40,HDPE,57.5,7.43,42.58,43.59,10,4.98,1.01,0.0,Normal
2024-03-29,Embu Green,F,2589.8,1279.3,75,PVC,683.4,4.43,29.47,18.83,8,2.0,-10.64,10.64,Normal
2024-03-29,Kibugu-Nguviu,F,2485.4,1330.4,50,PVC,776.1,2.31,27.63,22.27,5,4.67,-5.36,5.36,Normal
2024-03-29,Mwea Smallholder,C,2066.1,1216.2,75,PVC,713.9,5.07,36.77,35.13,9,7.83,-1.64,1.64,Normal
2024-03-29,Runyenjes East,D,1290.6,1187.3,63,HDPE,120.9,5.89,43.62,34.68,3,4.83,-8.94,8.94,Normal
2024-03-29,Kibugu-Nguviu,E,3508.9,1263.1,32,PVC,362.8,4.82,40.24,37.44,11,5.31,-2.8,2.8,Normal
2024-03-29,Kibugu-Nguviu,B,3220.0,1332.0,25,GI,596.7,4.93,31.48,29.75,6,5.11,-1.73,1.73,Normal
2024-03-29,Embu Green,D,69.1,1247.1,50,HDPE,200.9,3.53,40.68,35.24,9,5.2,-5.44,5.44,Normal
2024-03-29,Runyenjes East,A,3892.6,1198.6,90,PVC,379.8,6.15,37.98,39.73,10,3.34,1.75,0.0,Normal
2024-03-30,Embu Green,A,634.8,1291.7,50,PVC,442.8,4.72,34.36,26.98,5,4.12,-7.38,7.38,Normal
2024-03-30,Runyenjes East,C,1353.2,1288.0,50,GI,660.8,0.66,32.35,34.29,9,6.33,1.94,0.0,Normal
2024-03-30,Runyenjes East,G,1022.8,1235.7,90,PVC,595.4,4.37,33.94,28.51,11,7.67,-5.43,5.43,Normal
2024-03-30,Mwea Smallholder,E,1310.0,1077.2,75,PVC,106.8,6.91,47.23,42.42,1,6.32,-4.81,4.81,Normal
2024-03-30,Mwea Smallholder,C,3388.5,1010.7,63,PVC,35.6,6.42,50.89,48.59,3,6.03,-2.3,2.3,Normal
2024-03-30,Mwea Smallholder,F,3327.0,1011.5,40,HDPE,90.0,3.54,50.58,45.37,4,3.88,-5.21,5.21,Normal
2024-03-31,Embu Green,B,3736.0,1099.4,40,PVC,781.2,7.62,32.97,39.2,5,7.35,6.23,0.0,Normal
2024-03-31,Mwea Smallholder,E,864.5,1298.1,25,PVC,92.4,3.78,38.95,36.61,5,7.64,-2.34,2.34,Normal
2024-03-31,Runyenjes East,E,2633.6,1111.4,50,PVC,270.6,7.6,41.57,32.57,10,7.59,-9.0,9.0,Normal
2024-03-31,Embu Green,D,3823.2,1002.9,40,HDPE,120.4,1.96,54.29,57.6,10,7.11,3.31,0.0,High Pressure
2024-03-31,Runyenjes East,B,3113.8,1303.0,50,GI,510.9,4.24,30.89,33.86,1,4.58,2.97,0.0,Normal
2024-03-31,Runyenjes East,F,3281.6,1332.1,50,PVC,75.7,3.1,36.4,44.77,9,0.82,8.37,0.0,Normal
2024-03-31,Kibugu-Nguviu,E,849.1,1210.7,32,GI,491.8,7.67,34.88,27.9,6,6.31,-6.98,6.98,Normal
2024-03-31,Kibugu-Nguviu,E,820.4,1072.5,40,GI,512.7,0.81,43.01,44.79,4,2.79,1.78,0.0,Normal
2024-03-31,Embu Green,E,1506.0,1115.1,50,PVC,740.2,7.57,42.16,43.76,11,7.47,1.6,0.0,Normal
2024-03-31,Kibugu-Nguviu,C,1000.3,992.1,75,PVC,220.6,6.94,47.97,48.79,11,4.91,0.82,0.0,Normal
2024-03-31,Kibugu-Nguviu,F,4743.0,1209.8,50,PVC,621.7,5.24,34.58,27.62,11,2.18,-6.96,6.96,Normal
2024-04-01,Embu Green,A,2949.0,968.1,40,PVC,94.2,1.99,59.98,62.32,6,4.98,2.34,0.0,High Pressure
2024-04-01,Kibugu-Nguviu,B,2502.9,1064.4,63,PVC,792.0,9.67,38.59,39.67,10,1.55,1.08,0.0,Normal
2024-04-01,Mwea Smallholder,G,2746.0,1255.1,63,GI,261.4,3.85,36.73,35.5,1,4.62,-1.23,1.23,Normal
2024-04-01,Mwea Smallholder,H,601.0,1301.3,63,PVC,218.5,5.2,35.71,39.1,3,6.86,3.39,0.0,Normal
2024-04-01,Embu Green,E,2924.4,1051.8,63,GI,128.9,6.07,47.94,39.27,7,3.78,-8.67,8.67,Normal
2024-04-01,Mwea Smallholder,C,4631.2,1137.6,63,HDPE,431.6,3.23,39.14,40.25,8,1.95,1.11,0.0,Normal
2024-04-01,Runyenjes East,B,4618.9,1006.7,32,PVC,121.5,4.76,50.18,55.18,1,0.82,5.0,0.0,High Pressure
2024-04-01,Embu Green,F,3099.7,996.3,50,HDPE,92.2,7.5,56.09,48.82,8,3.14,-7.27,7.27,Normal
2024-04-01,Kibugu-Nguviu,A,4343.0,999.3,50,PVC,597.5,3.01,45.76,44.66,9,7.97,-1.1,1.1,Normal
2024-04-01,Runyenjes East,A,5.6,1304.3,50,PVC,311.1,3.57,33.51,23.63,5,7.91,-9.88,9.88,Normal
2024-04-01,Runyenjes East,H,2317.8,1271.8,50,PVC,425.6,3.23,33.3,25.79,7,6.36,-7.51,7.51,Normal
2024-04-01,Embu Green,H,4471.8,1132.3,32,HDPE,503.8,3.65,42.59,42.53,2,7.53,-0.06,0.06,Normal
2024-04-01,Runyenjes East,D,1140.9,974.7,75,PVC,125.5,7.08,50.12,45.66,7,6.65,-4.46,4.46,Normal
2024-04-02,Runyenjes East,E,336.0,1241.9,75,PVC,379.3,4.61,44.06,46.31,5,4.17,2.25,0.0,Normal
2024-04-02,Mwea Smallholder,A,288.0,996.1,50,PVC,128.8,7.21,51.02,40.73,5,7.75,-10.29,10.29,Normal
2024-04-02,Runyenjes East,G,3044.3,1116.8,32,PVC,43.1,6.18,45.53,52.19,3,6.11,6.66,0.0,High Pressure
2024-04-02,Kibugu-Nguviu,C,3755.4,1330.8,75,PVC,221.9,4.04,33.26,41.25,3,6.11,7.99,0.0,Normal
2024-04-02,Mwea Smallholder,H,2638.3,998.4,75,HDPE,46.4,3.49,54.8,55.04,4,2.85,0.24,0.0,High Pressure
2024-04-02,Kibugu-Nguviu,H,4513.2,1186.0,40,GI,727.6,7.74,41.41,40.31,7,6.77,-1.1,1.1,Normal
2024-04-02,Kibugu-Nguviu,B,3928.5,1130.6,63,PVC,583.5,5.7,42.6,30.28,10,1.64,-12.32,12.32,Normal
2024-04-02,Runyenjes East,B,2751.1,1330.5,63,PVC,602.3,4.48,28.95,20.94,6,4.49,-8.01,8.01,Normal
2024-04-02,Embu Green,B,1318.7,1123.0,50,PVC,700.7,3.56,34.99,32.36,9,3.42,-2.63,2.63,Normal
2024-04-02,Embu Green,F,2889.7,1091.6,50,PVC,120.6,6.0,47.72,50.71,7,7.73,2.99,0.0,High Pressure
2024-04-02,Kibugu-Nguviu,C,1948.1,1017.1,32,PVC,123.8,3.63,53.69,47.75,10,0.99,-5.94,5.94,Normal
2024-04-02,Runyenjes East,A,1404.6,1188.4,75,PVC,576.0,5.01,40.0,51.03,9,7.26,11.03,0.0,High Pressure
2024-04-02,Embu Green,E,2889.9,1348.4,50,HDPE,48.7,5.51,39.87,32.39,1,1.12,-7.48,7.48,Normal
2024-04-02,Mwea Smallholder,E,3429.5,1044.7,32,PVC,518.7,4.39,44.21,38.37,5,5.8,-5.84,5.84,Normal
2024-04-02,Runyenjes East,C,4136.5,1311.0,75,GI,313.1,6.74,36.87,38.03,9,1.21,1.16,0.0,Normal
2024-04-03,Runyenjes East,G,749.7,1347.6,40,HDPE,724.4,6.37,30.66,26.21,11,6.68,-4.45,4.45,Normal
2024-04-03,Embu Green,H,4627.5,1047.4,40,GI,219.3,4.65,42.9,37.45,9,1.55,-5.45,5.45,Normal
2024-04-03,Embu Green,E,4143.3,1068.5,32,PVC,730.5,4.87,42.36,40.01,9,6.67,-2.35,2.35,Normal
2024-04-03,Runyenjes East,F,1070.7,1181.1,75,PVC,581.2,4.45,36.57,38.15,9,2.89,1.58,0.0,Normal
2024-04-03,Kibugu-Nguviu,G,2671.9,1135.6,25,PVC,473.8,6.16,41.71,45.2,7,1.91,3.49,0.0,Normal
2024-04-04,Kibugu-Nguviu,D,4299.1,1073.9,75,PVC,639.3,5.78,44.06,35.79,5,7.2,-8.27,8.27,Normal
2024-04-04,Kibugu-Nguviu,G,2545.0,1195.3,90,HDPE,282.4,5.26,44.43,37.78,10,5.58,-6.65,6.65,Normal
2024-04-04,Kibugu-Nguviu,H,1625.4,954.2,63,PVC,274.6,4.38,48.88,47.0,1,6.16,-1.88,1.88,Normal
2024-04-05,Kibugu-Nguviu,H,4731.5,1114.6,75,HDPE,321.0,3.2,43.35,49.96,2,4.59,6.61,0.0,Normal
2024-04-05,Runyenjes East,C,2359.2,1348.3,90,PVC,415.6,3.89,38.17,39.8,7,2.32,1.63,0.0,Normal
2024-04-05,Kibugu-Nguviu,A,4670.0,982.6,50,GI,775.0,7.25,44.97,38.8,1,4.23,-6.17,6.17,Normal
2024-04-05,Kibugu-Nguviu,G,2824.5,1337.7,63,PVC,270.2,4.81,32.37,24.85,8,5.68,-7.52,7.52,Normal
2024-04-05,Mwea Smallholder,G,716.8,1290.4,75,PVC,712.8,3.77,30.57,26.23,11,2.54,-4.34,4.34,Normal
2024-04-05,Embu Green,G,1209.4,1239.1,40,HDPE,576.9,6.01,39.23,44.78,9,6.58,5.55,0.0,Normal
2024-04-06,Kibugu-Nguviu,E,691.8,1309.0,63,PVC,306.6,7.6,35.38,34.33,4,0.88,-1.05,1.05,Normal
2024-04-06,Runyenjes East,H,312.5,1235.4,63,HDPE,531.0,4.28,37.48,33.55,8,5.18,-3.93,3.93,Normal
2024-04-06,Mwea Smallholder,H,2304.3,1263.0,63,PVC,518.9,3.37,32.2,31.62,10,5.12,-0.58,0.58,Normal
2024-04-06,Mwea Smallholder,A,2708.1,1220.1,50,GI,527.9,5.73,36.06,37.96,10,4.52,1.9,0.0,Normal
2024-04-07,Runyenjes East,E,1174.0,995.8,75,HDPE,204.2,6.75,51.23,45.92,10,7.88,-5.31,5.31,Normal
2024-04-07,Kibugu-Nguviu,D,1558.2,1068.1,40,PVC,203.7,2.94,47.77,40.22,1,3.59,-7.55,7.55,Normal
2024-04-07,Kibugu-Nguviu,B,2164.9,1073.5,63,PVC,109.9,6.24,50.84,48.56,11,3.57,-2.28,2.28,Normal
2024-04-07,Embu Green,F,66.3,953.3,90,HDPE,421.0,5.74,50.57,44.08,11,7.08,-6.49,6.49,Normal
2024-04-07,Runyenjes East,G,2268.0,1304.8,63,PVC,294.9,5.41,32.39,24.1,4,2.77,-8.29,8.29,Normal
2024-04-07,Runyenjes East,H,2609.7,1014.0,40,PVC,481.6,4.08,48.45,40.41,11,7.36,-8.04,8.04,Normal
2024-04-07,Kibugu-Nguviu,H,773.3,1346.3,25,GI,542.8,3.54,29.85,34.45,2,0.76,4.6,0.0,Normal
2024-04-07,Embu Green,H,1791.6,1088.3,90,PVC,799.4,3.67,38.69,41.19,6,1.63,2.5,0.0,Normal
2024-04-07,Mwea Smallholder,A,2442.6,1113.9,63,PVC,451.3,4.77,43.74,43.7,6,7.82,-0.04,0.04,Normal
2024-04-07,Runyenjes East,C,4370.6,1057.0,25,PVC,719.2,6.87,40.66,38.92,8,7.71,-1.74,1.74,Normal
2024-04-08,Embu Green,A,4095.3,1345.1,50,HDPE,525.9,4.24,35.77,30.5,9,6.88,-5.27,5.27,Normal
2024-04-08,Kibugu-Nguviu,G,687.1,1309.0,50,HDPE,641.5,7.28,27.91,25.56,7,6.9,-2.35,2.35,Normal
2024-04-08,Runyenjes East,E,2160.2,1040.3,50,PVC,757.0,6.38,40.29,35.6,8,1.39,-4.69,4.69,Normal
2024-04-08,Embu Green,F,2340.9,1159.2,40,HDPE,585.4,5.29,39.93,46.59,4,6.14,6.66,0.0,Normal
2024-04-08,Mwea Smallholder,B,3469.8,1130.6,90,PVC,393.1,5.31,39.24,38.58,1,7.7,-0.66,0.66,Normal
2024-04-09,Embu Green,D,3821.2,1124.4,40,PVC,242.2,6.94,48.36,46.43,8,3.18,-1.93,1.93,Normal
2024-04-09,Kibugu-Nguviu,C,1395.8,1161.4,75,PVC,668.3,3.32,35.95,40.02,9,5.32,4.07,0.0,Normal
2024-04-09,Kibugu-Nguviu,A,4252.7,1279.0,50,PVC,503.9,5.09,39.78,40.72,2,3.33,0.94,0.0,Normal
2024-04-09,Mwea Smallholder,G,4752.2,1179.9,63,HDPE,413.6,3.17,38.98,30.39,9,5.61,-8.59,8.59,Normal
2024-04-09,Mwea Smallholder,F,2639.8,1071.0,75,PVC,773.0,4.66,44.28,36.4,1,5.37,-7.88,7.88,Normal
2024-04-10,Embu Green,E,3012.0,1054.3,63,PVC,159.5,3.56,47.7,47.53,11,5.17,-0.17,0.17,Normal
2024-04-10,Kibugu-Nguviu,G,2619.0,1186.0,50,PVC,64.0,7.81,44.1,54.67,2,7.83,10.57,0.0,High Pressure
2024-04-10,Mwea Smallholder,D,2429.0,1246.5,75,HDPE,476.0,6.91,35.7,24.24,11,6.95,-11.46,11.46,Normal
2024-04-10,Embu Green,F,1143.9,1258.7,50,GI,225.2,3.8,38.39,33.38,7,7.23,-5.01,5.01,Normal
2024-04-11,Mwea Smallholder,H,3099.3,1202.5,25,PVC,38.6,5.67,42.49,39.58,10,6.62,-2.91,2.91,Normal
2024-04-11,Mwea Smallholder,E,61.6,1317.9,75,HDPE,759.1,4.22,27.87,25.26,11,5.95,-2.61,2.61,Normal
2024-04-11,Embu Green,E,3742.8,1007.6,63,HDPE,773.7,5.07,45.31,47.03,9,2.98,1.72,0.0,Normal
2024-04-11,Embu Green,G,1883.6,1234.1,63,PVC,390.8,3.44,40.94,39.29,2,2.1,-1.65,1.65,Normal
2024-04-11,Runyenjes East,D,2890.7,1050.1,25,PVC,76.0,3.63,44.22,37.55,6,6.58,-6.67,6.67,Normal
2024-04-11,Runyenjes East,F,1770.7,1145.3,63,HDPE,120.5,2.69,48.56,36.13,2,1.3,-12.43,12.43,Normal
2024-04-12,Kibugu-Nguviu,H,4418.2,1135.8,63,HDPE,333.2,3.62,40.28,36.08,3,4.23,-4.2,4.2,Normal
2024-04-12,Kibugu-Nguviu,H,2316.9,1299.9,50,PVC,583.7,7.66,30.27,30.95,7,2.19,0.68,0.0,Normal
2024-04-12,Kibugu-Nguviu,G,1982.1,1328.3,32,HDPE,643.0,2.4,30.78,28.98,10,4.25,-1.8,1.8,Normal
2024-04-12,Kibugu-Nguviu,F,1178.9,1311.5,63,HDPE,693.3,5.8,30.68,29.37,8,5.39,-1.31,1.31,Normal
2024-04-12,Mwea Smallholder,E,1274.8,1118.6,75,PVC,623.5,8.27,37.63,29.69,5,1.95,-7.94,7.94,Normal
2024-04-12,Embu Green,B,1299.7,1204.3,25,PVC,147.7,4.32,44.6,49.18,4,4.05,4.58,0.0,Normal
2024-04-13,Embu Green,E,3364.5,1176.7,50,PVC,55.4,5.59,42.72,42.16,10,1.65,-0.56,0.56,Normal
2024-04-13,Embu Green,G,3430.5,1331.8,90,PVC,175.4,2.91,33.8,41.7,3,4.63,7.9,0.0,Normal
2024-04-13,Mwea Smallholder,A,3226.2,1082.2,40,PVC,283.0,5.91,43.59,37.97,6,1.56,-5.62,5.62,Normal
2024-04-13,Mwea Smallholder,G,3693.4,1288.4,40,PVC,131.4,4.36,38.46,42.38,2,2.54,3.92,0.0,Normal
2024-04-14,Runyenjes East,B,1752.6,1331.6,32,PVC,223.5,7.01,34.4,34.2,11,1.78,-0.2,0.2,Normal
2024-04-14,Embu Green,B,4426.2,1287.0,63,HDPE,733.5,5.15,31.52,32.92,8,7.59,1.4,0.0,Normal
2024-04-14,Embu Green,G,660.9,1277.8,50,PVC,40.1,6.21,42.73,39.73,3,0.8,-3.0,3.0,Normal
2024-04-14,Kibugu-Nguviu,D,1617.8,1237.1,75,HDPE,156.8,4.64,44.66,45.84,7,2.06,1.18,0.0,Normal
2024-04-14,Runyenjes East,A,3856.6,1119.1,40,PVC,397.6,7.32,45.11,46.95,9,6.0,1.84,0.0,Normal
2024-04-14,Embu Green,B,4467.0,1232.1,40,PVC,416.4,7.21,33.78,37.05,2,0.97,3.27,0.0,Normal
2024-04-14,Mwea Smallholder,C,298.8,1067.7,75,HDPE,629.9,4.73,45.23,51.17,4,1.14,5.94,0.0,High Pressure
2024-04-15,Runyenjes East,B,1410.8,982.5,25,PVC,575.2,3.99,42.23,49.72,2,6.02,7.49,0.0,Normal
2024-04-15,Mwea Smallholder,C,4914.9,1311.2,75,PVC,119.4,5.56,37.13,40.03,11,6.69,2.9,0.0,Normal
2024-04-15,Runyenjes East,E,4526.2,1185.6,63,PVC,588.9,4.52,41.92,38.44,6,5.4,-3.48,3.48,Normal
2024-04-15,Embu Green,B,148.5,1072.3,40,PVC,62.4,2.7,49.51,42.04,8,3.6,-7.47,7.47,Normal
2024-04-15,Mwea Smallholder,D,4889.4,1062.4,75,PVC,581.0,2.93,45.86,47.11,9,1.4,1.25,0.0,Normal
2024-04-15,Kibugu-Nguviu,C,4278.3,1230.9,40,GI,373.7,5.15,41.0,42.4,9,7.54,1.4,0.0,Normal
2024-04-15,Embu Green,E,436.2,1274.9,63,PVC,539.9,1.67,31.8,27.7,4,4.44,-4.1,4.1,Normal
2024-04-15,Kibugu-Nguviu,E,3044.0,1174.0,32,PVC,402.1,4.22,39.22,37.98,6,7.23,-1.24,1.24,Normal
2024-04-16,Mwea Smallholder,A,4659.3,956.1,32,PVC,103.7,5.57,52.6,51.13,8,2.0,-1.47,1.47,High Pressure
2024-04-16,Runyenjes East,G,99.8,1294.6,63,PVC,315.6,5.56,35.56,34.97,2,2.57,-0.59,0.59,Normal
2024-04-16,Mwea Smallholder,D,2741.3,1003.1,40,PVC,103.4,4.93,47.6,48.8,4,5.8,1.2,0.0,Normal
2024-04-16,Runyenjes East,B,4163.0,960.3,63,PVC,653.9,7.31,49.63,44.94,4,7.81,-4.69,4.69,Normal
2024-04-16,Embu Green,D,4989.8,1275.6,50,PVC,238.5,5.55,40.14,40.17,7,4.17,0.03,0.0,Normal
2024-04-16,Runyenjes East,B,393.7,1202.2,25,PVC,65.0,3.5,42.62,43.03,2,5.35,0.41,0.0,Normal
2024-04-16,Mwea Smallholder,G,3741.3,1302.8,40,PVC,620.3,8.83,33.29,26.67,1,6.89,-6.62,6.62,Normal
2024-04-16,Mwea Smallholder,F,4234.5,1222.2,50,PVC,156.4,3.42,41.8,38.0,2,3.83,-3.8,3.8,Normal
2024-04-17,Kibugu-Nguviu,B,2293.6,1335.2,32,HDPE,95.8,5.48,38.18,39.58,11,6.29,1.4,0.0,Normal
2024-04-17,Runyenjes East,E,3497.0,964.1,40,GI,157.4,6.31,54.6,49.95,2,1.64,-4.65,4.65,Normal
2024-04-17,Mwea Smallholder,C,3159.6,1293.6,90,PVC,723.7,1.72,29.04,27.09,7,4.51,-1.95,1.95,Normal
2024-04-17,Kibugu-Nguviu,H,2294.6,1256.9,40,PVC,265.1,7.63,39.25,31.25,2,1.64,-8.0,8.0,Normal
2024-04-17,Mwea Smallholder,D,503.6,1074.8,40,HDPE,103.1,8.68,46.62,49.95,8,6.2,3.33,0.0,Normal
2024-04-17,Runyenjes East,A,1788.4,1134.6,63,PVC,116.5,3.77,45.89,44.14,6,5.2,-1.75,1.75,Normal
2024-04-17,Embu Green,C,652.7,1345.1,63,PVC,66.1,7.42,34.97,38.22,6,1.32,3.25,0.0,Normal
2024-04-18,Kibugu-Nguviu,A,1767.1,1238.5,40,PVC,680.0,5.32,32.24,26.85,7,5.65,-5.39,5.39,Normal
2024-04-18,Mwea Smallholder,E,1407.9,1071.9,32,HDPE,341.7,4.37,50.47,51.83,10,1.93,1.36,0.0,High Pressure
2024-04-18,Kibugu-Nguviu,E,1666.7,1030.4,90,PVC,554.6,5.19,44.53,41.62,7,4.51,-2.91,2.91,Normal
2024-04-18,Mwea Smallholder,E,1.3,1078.6,40,PVC,673.2,2.4,35.53,35.73,11,5.59,0.2,0.0,Normal
2024-04-18,Runyenjes East,H,2686.4,1348.6,75,PVC,167.7,7.91,35.43,38.92,5,7.7,3.49,0.0,Normal
2024-04-18,Kibugu-Nguviu,D,3125.8,1302.6,90,PVC,583.6,3.47,26.97,29.62,10,6.66,2.65,0.0,Normal
2024-04-18,Kibugu-Nguviu,G,476.3,1221.1,75,HDPE,125.5,7.26,40.91,38.07,1,4.44,-2.84,2.84,Normal
2024-04-18,Mwea Smallholder,G,2727.9,1076.5,32,PVC,102.9,7.07,47.06,48.23,5,4.8,1.17,0.0,Normal
2024-04-19,Embu Green,F,3392.0,1183.2,90,GI,612.1,4.28,40.52,45.73,9,1.98,5.21,0.0,Normal
2024-04-19,Mwea Smallholder,H,4823.7,1142.5,40,PVC,547.1,6.43,38.11,35.02,6,7.65,-3.09,3.09,Normal
2024-04-19,Mwea Smallholder,D,2282.4,1166.9,50,PVC,560.6,5.39,40.28,37.19,10,0.8,-3.09,3.09,Normal
2024-04-19,Runyenjes East,C,4014.6,1238.9,32,PVC,224.4,3.87,40.5,42.55,11,7.83,2.05,0.0,Normal
2024-04-20,Kibugu-Nguviu,C,3581.4,993.1,50,PVC,576.8,6.22,47.81,46.32,2,3.98,-1.49,1.49,Normal
2024-04-20,Runyenjes East,F,4780.0,1337.4,75,PVC,578.9,7.15,32.37,32.91,4,2.36,0.54,0.0,Normal
2024-04-20,Runyenjes East,D,2554.9,994.1,40,PVC,407.8,6.72,50.39,43.33,2,6.61,-7.06,7.06,Normal
2024-04-20,Kibugu-Nguviu,C,3055.0,1040.7,50,PVC,374.1,5.27,47.03,41.74,4,5.68,-5.29,5.29,Normal
2024-04-20,Kibugu-Nguviu,A,4604.6,1062.5,90,PVC,786.9,5.71,40.88,41.61,8,1.5,0.73,0.0,Normal
2024-04-20,Mwea Smallholder,G,1835.1,1291.5,40,PVC,206.8,4.93,35.52,36.19,11,4.51,0.67,0.0,Normal
2024-04-20,Kibugu-Nguviu,A,1576.4,966.0,32,GI,656.5,3.83,46.99,41.29,7,5.23,-5.7,5.7,Normal
2024-04-20,Mwea Smallholder,E,1964.8,1260.6,40,PVC,358.2,5.17,35.3,41.13,3,2.97,5.83,0.0,Normal
2024-04-20,Mwea Smallholder,D,1707.0,1193.6,75,HDPE,700.8,4.0,36.06,32.71,1,6.49,-3.35,3.35,Normal
2024-04-20,Embu Green,B,3080.4,1138.8,75,HDPE,647.3,3.55,41.95,35.34,8,0.76,-6.61,6.61,Normal
2024-04-21,Mwea Smallholder,F,3599.3,1015.8,32,PVC,717.6,2.36,44.9,51.08,8,1.41,6.18,0.0,High Pressure
2024-04-21,Embu Green,H,3931.5,984.0,50,PVC,273.6,5.93,54.14,57.67,7,0.63,3.53,0.0,High Pressure
2024-04-21,Embu Green,C,2098.6,1107.3,63,HDPE,287.3,5.09,43.66,47.31,6,7.52,3.65,0.0,Normal
2024-04-21,Mwea Smallholder,D,3163.6,975.3,50,HDPE,225.2,4.72,49.15,45.42,9,1.45,-3.73,3.73,Normal
2024-04-21,Embu Green,F,3755.1,1175.4,32,GI,162.1,3.48,46.96,45.21,4,1.28,-1.75,1.75,Normal
2024-04-21,Kibugu-Nguviu,H,44.2,1172.9,40,PVC,723.1,4.46,36.81,39.79,7,6.11,2.98,0.0,Normal
2024-04-22,Kibugu-Nguviu,D,4102.6,998.2,75,HDPE,220.2,3.01,54.05,57.29,3,1.16,3.24,0.0,High Pressure
2024-04-22,Runyenjes East,B,1183.0,1167.6,40,PVC,524.1,6.13,39.68,33.53,6,5.32,-6.15,6.15,Normal
2024-04-22,Runyenjes East,G,3857.7,1256.7,90,HDPE,268.8,4.36,33.07,38.74,6,7.22,5.67,0.0,Normal
2024-04-22,Embu Green,A,1987.8,1022.1,50,HDPE,399.0,3.75,46.76,46.69,1,1.76,-0.07,0.07,Normal
2024-04-22,Kibugu-Nguviu,B,2645.2,1050.5,50,PVC,377.5,10.04,46.51,43.75,10,2.3,-2.76,2.76,Normal
2024-04-22,Embu Green,A,3029.5,1138.2,90,PVC,49.3,2.99,43.36,48.86,10,3.21,5.5,0.0,Normal
2024-04-22,Runyenjes East,E,620.2,1158.8,40,PVC,252.8,11.25,41.13,34.12,1,7.52,-7.01,7.01,Normal
2024-04-22,Mwea Smallholder,D,2140.1,998.0,63,PVC,683.8,4.1,45.64,43.91,3,0.94,-1.73,1.73,Normal
2024-04-22,Kibugu-Nguviu,E,1005.8,1276.4,63,PVC,570.7,0.88,38.24,37.49,9,3.96,-0.75,0.75,Normal
2024-04-22,Embu Green,G,1058.0,1046.8,50,PVC,593.5,4.1,40.01,36.44,3,5.08,-3.57,3.57,Normal
2024-04-22,Mwea Smallholder,H,1681.1,1144.7,63,HDPE,560.8,4.47,39.39,38.62,3,1.73,-0.77,0.77,Normal
2024-04-23,Embu Green,H,3966.7,989.6,32,PVC,437.4,2.97,51.23,56.11,4,2.93,4.88,0.0,High Pressure
2024-04-23,Kibugu-Nguviu,G,2925.3,1064.4,32,HDPE,786.9,3.49,43.81,34.2,9,1.98,-9.61,9.61,Normal
2024-04-23,Embu Green,H,937.3,1064.3,63,HDPE,489.3,6.66,42.48,38.94,9,2.29,-3.54,3.54,Normal
2024-04-24,Embu Green,F,3338.8,1180.2,75,PVC,547.2,0.76,37.73,29.96,4,2.82,-7.77,7.77,Normal
2024-04-24,Embu Green,D,4168.5,1108.6,32,HDPE,255.6,2.98,47.79,40.01,10,1.18,-7.78,7.78,Normal
2024-04-24,Mwea Smallholder,A,2915.7,1094.1,63,HDPE,743.7,3.73,42.79,41.66,7,0.6,-1.13,1.13,Normal
2024-04-24,Runyenjes East,F,4569.9,1210.1,50,PVC,287.3,6.82,38.28,32.91,3,6.4,-5.37,5.37,Normal
2024-04-24,Runyenjes East,D,4531.0,1164.8,50,PVC,565.7,6.53,37.32,37.82,5,7.04,0.5,0.0,Normal
2024-04-24,Mwea Smallholder,E,1646.2,1157.3,40,GI,261.2,3.9,47.93,48.6,7,0.55,0.67,0.0,Normal
2024-04-24,Embu Green,G,3687.8,1180.1,40,PVC,412.7,2.86,41.03,44.96,6,4.0,3.93,0.0,Normal
2024-04-25,Runyenjes East,A,2973.5,1215.0,63,PVC,665.8,6.39,31.49,27.31,3,7.05,-4.18,4.18,Normal
2024-04-25,Runyenjes East,B,4071.4,1026.5,32,HDPE,741.0,3.78,47.06,46.97,6,2.9,-0.09,0.09,Normal
2024-04-25,Mwea Smallholder,F,585.1,1337.4,50,GI,272.7,3.79,32.75,29.18,4,4.52,-3.57,3.57,Normal
2024-04-25,Mwea Smallholder,H,4642.4,1065.1,75,GI,700.9,6.3,36.28,30.99,8,3.21,-5.29,5.29,Normal
2024-04-25,Kibugu-Nguviu,G,3264.5,1066.7,32,PVC,478.4,3.43,45.27,42.97,2,0.84,-2.3,2.3,Normal
2024-04-26,Mwea Smallholder,A,583.8,1072.3,63,PVC,441.0,4.75,38.35,44.7,1,1.64,6.35,0.0,Normal
2024-04-26,Runyenjes East,F,207.3,950.7,90,PVC,734.7,6.76,46.84,45.02,9,6.51,-1.82,1.82,Normal
2024-04-26,Runyenjes East,F,1348.3,1191.1,75,PVC,335.4,6.35,38.59,39.21,5,1.27,0.62,0.0,Normal
2024-04-26,Runyenjes East,H,1617.3,1030.3,75,PVC,248.4,1.58,44.3,45.5,1,1.67,1.2,0.0,Normal
2024-04-26,Embu Green,G,4913.6,1282.5,25,PVC,360.4,2.84,37.06,36.24,3,4.31,-0.82,0.82,Normal
2024-04-26,Embu Green,C,2748.8,1055.8,40,HDPE,623.8,4.49,47.11,36.63,2,2.73,-10.48,10.48,Normal
2024-04-27,Embu Green,F,931.0,1008.6,25,PVC,478.0,4.43,47.19,48.62,3,1.91,1.43,0.0,Normal
2024-04-27,Embu Green,F,3103.6,1237.8,63,HDPE,491.8,4.87,35.26,28.01,3,6.92,-7.25,7.25,Normal
2024-04-27,Runyenjes East,H,1853.4,1334.4,50,GI,394.1,7.16,33.55,33.62,3,6.17,0.07,0.0,Normal
2024-04-27,Runyenjes East,H,1932.3,1328.6,90,PVC,159.0,2.22,36.24,39.85,2,6.89,3.61,0.0,Normal
2024-04-27,Mwea Smallholder,E,4703.1,1268.9,75,HDPE,582.6,5.39,31.99,37.89,6,0.86,5.9,0.0,Normal
2024-04-27,Mwea Smallholder,G,4699.3,1147.4,50,HDPE,751.6,3.19,38.78,38.95,4,4.59,0.17,0.0,Normal
2024-04-28,Embu Green,E,489.5,1084.6,90,HDPE,573.0,5.98,38.28,29.96,1,3.42,-8.32,8.32,Normal
2024-04-28,Runyenjes East,F,1792.8,1198.7,50,PVC,361.7,3.81,39.71,42.4,8,4.22,2.69,0.0,Normal
2024-04-28,Kibugu-Nguviu,B,2831.0,1138.6,40,GI,654.7,6.45,39.67,31.1,5,2.03,-8.57,8.57,Normal
2024-04-28,Embu Green,E,4109.8,979.2,63,HDPE,744.7,3.99,44.38,39.04,7,7.07,-5.34,5.34,Normal
2024-04-28,Embu Green,E,2449.0,1330.9,63,PVC,377.5,4.4,35.49,41.23,9,3.56,5.74,0.0,Normal
2024-04-28,Kibugu-Nguviu,E,160.3,1000.7,50,PVC,503.2,5.28,46.35,46.22,4,4.44,-0.13,0.13,Normal
2024-04-28,Kibugu-Nguviu,B,2937.3,991.3,50,PVC,129.2,4.42,50.14,54.51,10,4.27,4.37,0.0,High Pressure
2024-04-29,Runyenjes East,E,4595.5,1166.9,75,PVC,266.6,2.91,48.15,44.02,9,3.62,-4.13,4.13,Normal
2024-04-29,Runyenjes East,B,4765.0,986.1,25,HDPE,532.4,2.73,41.96,42.36,8,1.27,0.4,0.0,Normal
2024-04-29,Runyenjes East,H,3618.0,1095.9,75,HDPE,731.4,6.48,38.97,31.65,5,1.04,-7.32,7.32,Normal
2024-04-29,Mwea Smallholder,D,4760.4,1194.0,75,PVC,499.9,6.79,40.56,41.4,11,2.28,0.84,0.0,Normal
2024-04-29,Embu Green,E,1063.8,1156.6,63,PVC,81.7,0.5,50.37,55.3,8,5.98,4.93,0.0,High Pressure
2024-04-29,Mwea Smallholder,C,1005.4,1135.0,75,PVC,773.2,4.52,36.56,28.93,4,7.95,-7.63,7.63,Normal
2024-04-29,Embu Green,B,3306.9,1219.0,32,PVC,736.9,5.59,38.28,29.45,5,5.98,-8.83,8.83,Normal
2024-04-29,Kibugu-Nguviu,G,4265.7,974.7,63,PVC,327.3,6.99,51.36,48.58,1,2.8,-2.78,2.78,Normal
2024-04-29,Embu Green,D,798.0,1244.8,40,PVC,208.1,3.8,38.99,40.62,5,3.66,1.63,0.0,Normal
2024-04-29,Embu Green,F,652.6,1348.6,75,PVC,188.7,3.35,33.1,28.95,10,1.83,-4.15,4.15,Normal
2024-04-30,Runyenjes East,F,1439.9,997.2,50,HDPE,784.9,5.09,41.56,39.86,11,6.73,-1.7,1.7,Normal
2024-04-30,Embu Green,H,2393.6,1166.0,25,PVC,407.0,4.61,44.27,46.3,10,5.56,2.03,0.0,Normal
2024-05-01,Embu Green,A,1282.1,996.0,63,HDPE,527.7,3.97,45.33,38.72,1,3.69,-6.61,6.61,Normal
2024-05-01,Runyenjes East,E,301.3,990.4,32,PVC,226.9,5.9,49.13,49.3,7,4.8,0.17,0.0,Normal
2024-05-01,Embu Green,C,2346.3,1284.4,40,PVC,325.1,6.3,37.37,35.92,11,7.89,-1.45,1.45,Normal
2024-05-01,Runyenjes East,D,932.4,1255.8,63,PVC,84.1,5.82,43.52,45.28,3,1.44,1.76,0.0,Normal
2024-05-01,Mwea Smallholder,E,1586.1,1345.9,90,PVC,452.2,2.91,36.02,35.1,11,6.3,-0.92,0.92,Normal
2024-05-01,Embu Green,A,3855.3,1115.0,90,PVC,700.5,3.35,42.43,40.93,4,3.21,-1.5,1.5,Normal
2024-05-01,Kibugu-Nguviu,B,2050.9,1053.2,50,PVC,515.7,2.99,46.67,52.06,9,7.77,5.39,0.0,High Pressure
2024-05-02,Embu Green,D,4402.1,1128.7,50,PVC,545.2,5.42,41.48,41.28,3,6.31,-0.2,0.2,Normal
2024-05-02,Runyenjes East,F,1376.2,1213.4,32,HDPE,327.8,5.41,32.87,33.0,7,7.89,0.13,0.0,Normal
2024-05-02,Mwea Smallholder,F,2866.0,1286.9,50,PVC,180.7,8.07,36.82,39.55,11,2.31,2.73,0.0,Normal
2024-05-02,Runyenjes East,D,1586.3,1297.0,75,PVC,447.8,3.31,33.81,23.86,7,3.14,-9.95,9.95,Normal
2024-05-02,Kibugu-Nguviu,H,3085.2,1125.7,40,GI,68.6,1.9,46.49,37.62,9,0.62,-8.87,8.87,Normal
2024-05-02,Runyenjes East,H,2389.6,1098.0,25,PVC,425.4,6.03,42.99,43.5,5,3.63,0.51,0.0,Normal
2024-05-02,Runyenjes East,E,4855.5,1332.5,32,HDPE,394.2,5.15,34.89,38.01,7,4.9,3.12,0.0,Normal
2024-05-02,Runyenjes East,D,876.6,1349.1,63,PVC,541.9,5.72,29.29,32.16,6,2.8,2.87,0.0,Normal
2024-05-02,Embu Green,F,505.5,993.4,75,HDPE,242.6,5.49,48.13,38.68,11,2.26,-9.45,9.45,Normal
2024-05-02,Embu Green,F,2643.5,1006.2,40,PVC,134.0,4.48,55.6,57.45,3,3.39,1.85,0.0,High Pressure
2024-05-02,Runyenjes East,B,3659.5,1208.2,75,HDPE,182.4,4.64,41.68,38.07,9,2.06,-3.61,3.61,Normal
2024-05-03,Embu Green,E,4363.7,1166.6,75,HDPE,458.6,4.27,37.74,40.24,5,1.68,2.5,0.0,Normal
2024-05-03,Runyenjes East,F,2576.8,1200.3,50,PVC,496.4,6.77,40.73,39.96,5,7.11,-0.77,0.77,Normal
2024-05-03,Kibugu-Nguviu,H,2763.5,1185.0,25,PVC,174.6,5.5,39.37,32.16,1,6.59,-7.21,7.21,Normal
2024-05-03,Embu Green,H,951.2,1085.3,25,HDPE,525.9,5.82,42.77,50.71,9,7.05,7.94,0.0,High Pressure
2024-05-03,Mwea Smallholder,H,4138.1,981.8,75,HDPE,326.5,5.86,46.76,48.13,3,6.27,1.37,0.0,Normal
2024-05-04,Kibugu-Nguviu,G,3082.4,967.5,50,PVC,255.1,3.17,48.71,44.8,2,2.03,-3.91,3.91,Normal
2024-05-04,Runyenjes East,F,960.2,955.8,90,HDPE,379.7,5.62,57.0,57.4,7,5.84,0.4,0.0,High Pressure
2024-05-04,Kibugu-Nguviu,C,2283.8,1078.1,32,PVC,717.3,1.84,40.44,37.54,7,0.79,-2.9,2.9,Normal
2024-05-04,Mwea Smallholder,D,826.4,1052.0,32,PVC,209.7,4.92,46.98,51.2,2,4.26,4.22,0.0,High Pressure
2024-05-05,Kibugu-Nguviu,D,2607.5,1136.0,50,HDPE,647.7,5.32,40.77,37.06,4,4.26,-3.71,3.71,Normal
2024-05-05,Runyenjes East,E,4565.9,961.0,75,PVC,674.7,2.61,45.65,42.39,11,6.38,-3.26,3.26,Normal
2024-05-05,Embu Green,E,35.9,1181.8,25,HDPE,443.5,6.23,37.01,39.81,2,2.4,2.8,0.0,Normal
2024-05-05,Mwea Smallholder,A,2411.8,1308.8,40,HDPE,515.0,7.77,30.23,27.43,9,4.73,-2.8,2.8,Normal
2024-05-05,Mwea Smallholder,C,4163.4,1007.8,32,HDPE,657.3,7.96,45.95,47.91,11,1.5,1.96,0.0,Normal
2024-05-05,Runyenjes East,E,2702.6,1127.3,50,HDPE,93.5,2.27,46.86,45.36,2,2.06,-1.5,1.5,Normal
2024-05-05,Embu Green,F,2273.6,1328.9,50,PVC,311.6,3.05,33.06,26.85,5,3.89,-6.21,6.21,Normal
2024-05-05,Embu Green,C,4716.0,1135.9,75,HDPE,359.2,2.37,41.16,47.5,10,7.65,6.34,0.0,Normal
2024-05-06,Kibugu-Nguviu,F,4010.6,1274.5,63,HDPE,618.3,4.9,35.66,27.83,8,6.09,-7.83,7.83,Normal
2024-05-06,Runyenjes East,G,3501.6,1340.6,40,PVC,477.1,6.19,34.16,40.98,6,4.81,6.82,0.0,Normal
2024-05-06,Embu Green,C,2335.1,1056.4,25,PVC,371.8,5.88,42.57,39.71,2,6.63,-2.86,2.86,Normal
2024-05-06,Kibugu-Nguviu,D,2528.0,1280.8,50,GI,145.3,5.05,41.53,44.54,8,2.52,3.01,0.0,Normal
2024-05-06,Kibugu-Nguviu,B,2022.1,1237.5,40,HDPE,463.6,5.92,36.69,33.49,5,7.16,-3.2,3.2,Normal
2024-05-06,Kibugu-Nguviu,G,1595.8,1234.6,40,PVC,37.3,3.49,43.63,48.32,6,3.27,4.69,0.0,Normal
2024-05-06,Mwea Smallholder,E,3620.8,1041.8,50,PVC,501.0,7.91,48.26,51.06,9,1.89,2.8,0.0,High Pressure
2024-05-06,Mwea Smallholder,A,711.8,990.2,90,PVC,668.5,6.35,47.0,43.08,1,5.85,-3.92,3.92,Normal
2024-05-06,Embu Green,F,1345.6,1046.7,32,PVC,697.0,5.86,38.92,30.94,2,3.77,-7.98,7.98,Normal
2024-05-06,Runyenjes East,F,3779.5,1330.9,40,PVC,534.8,3.59,36.07,33.35,7,4.73,-2.72,2.72,Normal
2024-05-06,Runyenjes East,F,2800.8,1213.8,25,PVC,736.4,8.46,33.63,28.73,10,2.61,-4.9,4.9,Normal
2024-05-07,Runyenjes East,D,342.2,1314.3,32,HDPE,369.7,3.57,37.61,35.3,8,2.47,-2.31,2.31,Normal
2024-05-07,Embu Green,F,4167.3,1239.9,40,PVC,666.2,6.11,35.43,41.23,1,7.8,5.8,0.0,Normal
2024-05-07,Kibugu-Nguviu,B,3452.5,1002.7,25,PVC,240.5,7.9,47.93,42.35,7,1.07,-5.58,5.58,Normal
2024-05-07,Mwea Smallholder,B,2483.8,1261.9,32,PVC,266.4,2.15,36.59,33.48,1,6.98,-3.11,3.11,Normal
2024-05-07,Mwea Smallholder,G,159.0,1159.7,40,PVC,538.2,6.62,37.3,27.81,10,1.46,-9.49,9.49,Normal
2024-05-07,Mwea Smallholder,E,3853.1,1058.7,50,PVC,448.8,2.9,49.07,46.76,11,7.11,-2.31,2.31,Normal
2024-05-08,Runyenjes East,F,4129.7,966.3,50,PVC,438.0,2.58,49.43,43.12,8,4.1,-6.31,6.31,Normal
2024-05-08,Mwea Smallholder,D,1872.7,1059.1,90,PVC,314.7,5.08,48.53,52.17,8,7.66,3.64,0.0,High Pressure
2024-05-09,Mwea Smallholder,D,3912.8,1298.3,25,PVC,168.5,2.05,35.87,23.99,8,1.16,-11.88,11.88,Normal
2024-05-09,Mwea Smallholder,D,847.7,1120.6,32,PVC,456.1,5.34,43.46,43.0,9,2.7,-0.46,0.46,Normal
2024-05-09,Mwea Smallholder,D,132.9,1349.2,63,PVC,261.5,6.62,30.19,33.52,2,2.05,3.33,0.0,Normal
2024-05-09,Kibugu-Nguviu,C,630.8,1328.2,25,PVC,391.3,5.54,28.7,26.86,3,5.98,-1.84,1.84,Normal
2024-05-09,Runyenjes East,D,4590.5,1326.6,40,PVC,605.4,5.59,31.75,25.7,2,5.76,-6.05,6.05,Normal
2024-05-10,Embu Green,C,2331.0,979.2,63,PVC,799.0,3.21,47.69,61.63,7,2.99,13.94,0.0,High Pressure
2024-05-10,Kibugu-Nguviu,F,3259.5,1263.8,40,HDPE,332.4,6.46,37.59,31.4,5,1.96,-6.19,6.19,Normal
2024-05-10,Mwea Smallholder,D,40.0,1184.4,40,PVC,436.2,5.02,38.19,28.28,9,2.48,-9.91,9.91,Normal
2024-05-10,Embu Green,H,725.0,1147.3,40,PVC,61.7,4.62,45.61,48.35,8,2.92,2.74,0.0,Normal
2024-05-10,Embu Green,C,3941.7,1116.0,32,PVC,636.0,6.52,41.93,40.44,9,5.52,-1.49,1.49,Normal
2024-05-10,Mwea Smallholder,G,699.8,1074.0,90,PVC,434.8,6.91,40.14,45.68,8,5.12,5.54,0.0,Normal
2024-05-11,Embu Green,E,1126.3,1049.0,25,PVC,232.9,0.5,54.81,50.78,6,0.7,-4.03,4.03,High Pressure
2024-05-11,Embu Green,E,2885.2,954.1,63,HDPE,720.7,7.68,46.55,39.56,4,7.38,-6.99,6.99,Normal
2024-05-11,Mwea Smallholder,A,1368.4,1143.2,40,PVC,281.6,6.66,43.56,46.05,9,6.88,2.49,0.0,Normal
2024-05-11,Embu Green,D,779.9,1248.0,50,PVC,101.9,4.46,41.72,36.36,8,6.53,-5.36,5.36,Normal
2024-05-11,Runyenjes East,F,4502.0,996.5,50,PVC,144.5,5.49,50.44,52.09,10,3.64,1.65,0.0,High Pressure
2024-05-12,Embu Green,G,513.7,1003.0,40,HDPE,207.7,2.2,53.02,44.75,10,7.11,-8.27,8.27,Normal
2024-05-12,Mwea Smallholder,B,2863.9,1300.1,40,GI,725.8,4.78,36.66,33.99,7,6.86,-2.67,2.67,Normal
2024-05-12,Kibugu-Nguviu,E,2410.0,983.7,50,HDPE,614.2,6.85,45.58,34.46,9,2.74,-11.12,11.12,Normal
2024-05-12,Embu Green,A,3019.4,1288.0,90,PVC,464.7,5.76,30.85,23.49,4,3.26,-7.36,7.36,Normal
2024-05-12,Mwea Smallholder,G,953.4,1020.7,32,PVC,743.7,4.93,48.31,56.82,7,5.16,8.51,0.0,High Pressure
2024-05-12,Mwea Smallholder,F,3839.4,984.7,75,PVC,267.1,2.87,47.14,39.11,7,1.98,-8.03,8.03,Normal
2024-05-12,Kibugu-Nguviu,H,3852.2,1290.9,63,PVC,772.6,7.2,28.68,21.93,6,2.19,-6.75,6.75,Normal
2024-05-12,Runyenjes East,C,4353.5,1087.3,40,PVC,82.4,4.24,45.32,48.43,7,6.06,3.11,0.0,Normal
2024-05-13,Runyenjes East,F,2409.3,1016.4,90,PVC,336.3,2.25,49.64,49.5,3,4.32,-0.14,0.14,Normal
2024-05-13,Mwea Smallholder,B,2429.1,1013.9,63,PVC,791.0,2.72,43.41,45.98,1,2.82,2.57,0.0,Normal
2024-05-13,Mwea Smallholder,B,1815.5,1164.0,40,PVC,479.6,5.58,41.78,44.05,2,6.92,2.27,0.0,Normal
2024-05-13,Mwea Smallholder,C,1924.0,1314.4,75,PVC,734.8,4.44,25.12,30.79,2,6.76,5.67,0.0,Normal
2024-05-13,Kibugu-Nguviu,G,4932.1,1030.8,50,GI,311.0,5.0,41.27,42.31,8,4.87,1.04,0.0,Normal
2024-05-13,Mwea Smallholder,B,3541.4,1124.7,90,GI,272.9,9.36,46.16,39.49,10,3.14,-6.67,6.67,Normal
2024-05-13,Runyenjes East,C,4007.6,1143.1,32,PVC,647.3,5.54,43.61,37.72,3,1.7,-5.89,5.89,Normal
2024-05-13,Mwea Smallholder,D,630.4,1087.2,63,HDPE,95.7,2.89,49.46,50.42,9,6.15,0.96,0.0,High Pressure
2024-05-13,Kibugu-Nguviu,B,525.8,964.2,90,HDPE,132.2,4.85,52.83,45.76,4,6.6,-7.07,7.07,Normal
2024-05-14,Mwea Smallholder,E,886.6,1159.8,63,HDPE,103.5,7.24,46.44,43.2,3,4.8,-3.24,3.24,Normal
2024-05-14,Runyenjes East,G,333.4,1110.7,63,PVC,625.4,5.38,38.07,35.76,4,7.44,-2.31,2.31,Normal
2024-05-14,Embu Green,F,298.4,1068.3,63,PVC,373.2,4.48,43.94,43.14,3,1.09,-0.8,0.8,Normal
2024-05-14,Embu Green,C,2123.9,1283.9,32,PVC,520.8,3.31,39.6,38.38,8,7.02,-1.22,1.22,Normal
2024-05-14,Embu Green,B,2879.9,1272.2,63,HDPE,295.2,4.54,26.74,22.06,11,4.34,-4.68,4.68,Normal
2024-05-15,Embu Green,D,1755.2,1189.4,63,HDPE,747.5,8.35,34.28,29.36,2,4.55,-4.92,4.92,Normal
2024-05-15,Kibugu-Nguviu,H,986.4,1337.1,63,HDPE,382.7,7.59,32.15,25.69,3,6.88,-6.46,6.46,Normal
2024-05-15,Kibugu-Nguviu,C,2793.3,1010.9,75,HDPE,262.3,4.35,48.53,50.91,10,7.99,2.38,0.0,High Pressure
2024-05-15,Embu Green,D,4006.0,1295.7,32,PVC,421.0,1.61,32.14,26.39,4,4.74,-5.75,5.75,Normal
2024-05-15,Mwea Smallholder,A,1824.8,1022.7,63,GI,703.2,4.41,47.21,41.35,7,6.68,-5.86,5.86,Normal
2024-05-15,Embu Green,B,3707.9,1014.9,32,HDPE,149.4,8.77,49.96,52.19,1,5.08,2.23,0.0,High Pressure
2024-05-15,Runyenjes East,G,696.6,1161.7,50,PVC,237.2,1.96,49.69,48.8,1,1.17,-0.89,0.89,Normal
2024-05-15,Kibugu-Nguviu,A,1019.4,1334.9,40,PVC,608.4,2.55,28.88,22.67,11,6.53,-6.21,6.21,Normal
2024-05-16,Mwea Smallholder,D,376.3,1002.5,50,PVC,51.1,5.16,55.65,55.45,7,5.24,-0.2,0.2,High Pressure
2024-05-16,Runyenjes East,E,820.4,1278.2,75,PVC,117.9,4.94,43.77,42.74,2,4.92,-1.03,1.03,Normal
2024-05-17,Kibugu-Nguviu,A,3084.2,1281.8,50,PVC,97.0,5.15,40.44,36.46,3,7.58,-3.98,3.98,Normal
2024-05-17,Kibugu-Nguviu,D,3991.6,1161.7,50,PVC,754.8,4.53,36.61,27.18,5,4.01,-9.43,9.43,Normal
2024-05-17,Kibugu-Nguviu,G,3356.6,1237.2,90,HDPE,308.9,5.6,33.64,32.95,6,2.08,-0.69,0.69,Normal
2024-05-17,Embu Green,C,3961.6,964.9,50,GI,299.7,5.11,44.85,54.69,2,2.92,9.84,0.0,High Pressure
2024-05-17,Kibugu-Nguviu,D,721.0,1136.8,25,HDPE,43.2,6.64,51.98,46.54,5,5.73,-5.44,5.44,Normal
2024-05-18,Kibugu-Nguviu,G,4973.3,1019.9,63,HDPE,473.0,6.64,46.19,40.71,10,6.94,-5.48,5.48,Normal
2024-05-18,Runyenjes East,B,3229.8,1062.5,40,HDPE,213.1,2.96,49.96,38.07,5,0.97,-11.89,11.89,Normal
2024-05-18,Runyenjes East,C,1466.5,1189.8,40,PVC,527.7,5.67,36.24,40.95,10,4.96,4.71,0.0,Normal
2024-05-18,Kibugu-Nguviu,H,3712.5,1279.6,25,HDPE,115.5,6.82,32.98,19.83,11,3.12,-13.15,13.15,Normal
2024-05-18,Embu Green,F,2318.2,1053.5,75,PVC,714.5,5.51,39.99,39.8,11,4.43,-0.19,0.19,Normal
2024-05-19,Kibugu-Nguviu,A,490.6,1339.1,63,HDPE,759.4,8.27,33.19,32.67,4,3.88,-0.52,0.52,Normal
2024-05-19,Embu Green,G,2639.4,1208.4,40,HDPE,544.5,1.79,36.14,36.72,11,1.89,0.58,0.0,Normal
2024-05-19,Embu Green,C,66.3,1348.0,90,PVC,233.7,6.53,36.73,41.22,4,4.14,4.49,0.0,Normal
2024-05-19,Embu Green,G,2644.7,1035.7,75,GI,183.6,6.22,48.95,52.97,11,1.23,4.02,0.0,High Pressure
2024-05-19,Kibugu-Nguviu,H,4427.4,1007.3,32,PVC,369.0,6.34,44.84,47.37,7,1.03,2.53,0.0,Normal
2024-05-19,Mwea Smallholder,G,4753.9,1344.2,50,HDPE,540.6,3.66,33.05,35.13,9,5.23,2.08,0.0,Normal
2024-05-19,Runyenjes East,D,3612.2,1047.5,32,PVC,167.7,4.32,45.42,52.9,2,5.52,7.48,0.0,High Pressure
2024-05-19,Kibugu-Nguviu,H,3733.4,1063.0,50,PVC,623.0,4.06,45.7,46.48,2,2.03,0.78,0.0,Normal
2024-05-20,Kibugu-Nguviu,A,4044.7,986.7,63,GI,206.8,7.67,47.95,43.65,9,2.0,-4.3,4.3,Normal
2024-05-20,Mwea Smallholder,E,1590.3,972.3,50,PVC,285.8,4.45,46.43,44.69,8,2.59,-1.74,1.74,Normal
2024-05-20,Embu Green,H,1453.1,1334.1,32,HDPE,370.6,8.19,33.91,27.69,1,1.46,-6.22,6.22,Normal
2024-05-20,Mwea Smallholder,H,212.9,1235.9,75,PVC,707.0,2.43,38.44,42.52,2,2.09,4.08,0.0,Normal
2024-05-20,Kibugu-Nguviu,H,2652.0,1253.6,90,PVC,238.1,8.3,36.17,36.49,11,2.53,0.32,0.0,Normal
2024-05-20,Runyenjes East,H,3337.3,1259.2,75,PVC,653.3,3.08,31.72,29.72,11,1.65,-2.0,2.0,Normal
2024-05-20,Runyenjes East,H,2407.8,1053.0,75,PVC,514.4,5.34,48.2,46.68,2,3.79,-1.52,1.52,Normal
2024-05-21,Kibugu-Nguviu,A,2818.1,1198.0,40,HDPE,725.9,6.77,34.05,33.6,5,0.86,-0.45,0.45,Normal
2024-05-21,Embu Green,F,2807.3,1337.9,75,HDPE,377.8,6.78,27.99,25.79,3,5.71,-2.2,2.2,Normal
2024-05-21,Embu Green,F,416.6,1029.2,75,PVC,522.9,7.01,40.85,41.58,8,6.7,0.73,0.0,Normal
2024-05-21,Embu Green,A,3800.5,1040.3,25,HDPE,397.5,5.54,40.44,38.63,6,3.24,-1.81,1.81,Normal
2024-05-21,Mwea Smallholder,A,4474.7,1103.4,63,PVC,560.5,3.2,37.94,32.44,8,1.63,-5.5,5.5,Normal
2024-05-22,Runyenjes East,F,553.3,1217.4,75,HDPE,248.6,2.6,37.9,40.96,7,2.04,3.06,0.0,Normal
2024-05-22,Embu Green,A,4159.3,1280.5,50,PVC,301.7,3.41,34.02,31.81,6,6.84,-2.21,2.21,Normal
2024-05-22,Embu Green,A,3668.5,1221.8,50,PVC,649.2,5.2,36.99,38.49,10,5.95,1.5,0.0,Normal
2024-05-22,Mwea Smallholder,C,4105.2,1118.1,50,PVC,239.1,5.67,43.57,46.44,11,3.0,2.87,0.0,Normal
2024-05-22,Runyenjes East,F,1702.1,1194.7,50,HDPE,503.0,5.57,29.06,26.89,6,2.52,-2.17,2.17,Normal
2024-05-22,Kibugu-Nguviu,G,4131.9,1341.2,63,HDPE,209.6,2.65,40.38,38.04,2,3.38,-2.34,2.34,Normal
2024-05-22,Runyenjes East,H,2621.1,1278.9,40,HDPE,396.6,7.33,36.84,25.83,8,2.9,-11.01,11.01,Normal
2024-05-22,Mwea Smallholder,H,2919.6,1248.6,63,PVC,790.2,5.31,28.83,28.6,4,1.65,-0.23,0.23,Normal
2024-05-23,Embu Green,D,2076.3,1145.3,32,PVC,356.1,5.68,42.56,43.57,6,7.42,1.01,0.0,Normal
2024-05-23,Mwea Smallholder,D,4509.0,984.9,75,PVC,638.1,9.49,46.73,42.61,4,7.42,-4.12,4.12,Normal
2024-05-23,Runyenjes East,B,4143.3,1201.4,40,PVC,508.5,3.03,38.36,32.24,3,1.89,-6.12,6.12,Normal
2024-05-23,Runyenjes East,A,3025.8,1158.2,63,HDPE,701.3,5.58,31.71,30.75,7,5.7,-0.96,0.96,Normal
2024-05-23,Kibugu-Nguviu,C,1716.4,1236.7,50,HDPE,270.0,1.63,39.86,33.61,9,4.72,-6.25,6.25,Normal
2024-05-23,Embu Green,B,2365.1,1162.5,50,HDPE,531.7,4.34,34.35,19.37,1,3.49,-14.98,14.98,Normal
2024-05-23,Kibugu-Nguviu,D,2764.5,1263.8,75,HDPE,327.5,3.71,43.43,46.72,4,1.01,3.29,0.0,Normal
2024-05-23,Mwea Smallholder,H,3284.3,1302.6,63,PVC,556.1,2.09,35.11,36.07,4,2.57,0.96,0.0,Normal
2024-05-23,Runyenjes East,D,4282.3,977.0,40,PVC,547.1,9.3,48.35,36.19,3,5.42,-12.16,12.16,Normal
2024-05-24,Kibugu-Nguviu,D,4669.5,1251.8,90,PVC,611.1,7.89,36.14,35.17,1,6.64,-0.97,0.97,Normal
2024-05-24,Kibugu-Nguviu,G,2278.4,1034.1,90,HDPE,610.0,5.9,45.05,50.75,5,2.47,5.7,0.0,High Pressure
2024-05-24,Kibugu-Nguviu,F,627.5,1066.6,25,GI,796.2,3.73,38.15,38.14,7,5.17,-0.01,0.01,Normal
2024-05-24,Kibugu-Nguviu,H,1856.2,1249.0,75,HDPE,750.8,9.49,34.35,36.06,10,5.21,1.71,0.0,Normal
2024-05-24,Mwea Smallholder,F,4851.7,1150.1,90,GI,490.9,4.44,49.88,48.71,3,0.7,-1.17,1.17,Normal
2024-05-24,Mwea Smallholder,D,4920.8,1301.0,63,PVC,229.1,9.15,38.27,33.28,9,3.06,-4.99,4.99,Normal
2024-05-24,Kibugu-Nguviu,B,1110.5,1297.5,75,PVC,441.9,5.7,36.58,34.75,10,6.84,-1.83,1.83,Normal
2024-05-24,Runyenjes East,B,1334.8,1226.6,90,PVC,418.0,2.67,40.77,47.22,2,5.21,6.45,0.0,Normal
2024-05-24,Kibugu-Nguviu,G,1847.4,1200.8,32,HDPE,252.6,6.74,43.97,33.86,4,4.98,-10.11,10.11,Normal
2024-05-24,Mwea Smallholder,G,4520.7,1172.9,50,PVC,735.3,5.59,29.92,33.19,1,5.71,3.27,0.0,Normal
2024-05-24,Embu Green,F,541.3,1316.5,40,HDPE,554.8,6.85,32.13,29.13,9,1.65,-3.0,3.0,Normal
2024-05-24,Embu Green,G,2759.6,1168.0,50,HDPE,548.2,4.31,36.74,33.25,8,0.96,-3.49,3.49,Normal
2024-05-25,Kibugu-Nguviu,C,1128.9,1173.6,32,PVC,799.6,6.92,37.99,30.68,8,5.06,-7.31,7.31,Normal
2024-05-25,Mwea Smallholder,D,3539.7,1207.3,40,PVC,367.1,4.65,38.02,39.18,10,4.65,1.16,0.0,Normal
2024-05-25,Runyenjes East,H,732.6,1286.3,75,HDPE,166.8,6.32,41.71,39.04,3,1.28,-2.67,2.67,Normal
2024-05-25,Mwea Smallholder,H,3521.0,1331.6,50,PVC,112.3,3.57,40.31,51.18,1,1.83,10.87,0.0,High Pressure
2024-05-25,Mwea Smallholder,G,127.0,1222.5,50,PVC,123.5,5.23,45.6,53.96,4,6.13,8.36,0.0,High Pressure
2024-05-25,Kibugu-Nguviu,H,3886.6,1292.8,75,GI,58.9,5.94,41.01,44.67,1,2.52,3.66,0.0,Normal
2024-05-25,Mwea Smallholder,D,1598.7,1198.6,40,PVC,41.9,7.38,41.6,32.08,9,5.5,-9.52,9.52,Normal
2024-05-25,Kibugu-Nguviu,G,1512.1,1340.8,50,GI,676.1,3.96,33.26,25.32,6,3.22,-7.94,7.94,Normal
2024-05-25,Embu Green,B,1428.9,1274.3,25,PVC,174.4,2.72,37.7,45.13,6,3.55,7.43,0.0,Normal
2024-05-25,Runyenjes East,H,4325.6,1333.1,75,HDPE,662.2,3.82,25.88,24.39,5,0.72,-1.49,1.49,Normal
2024-05-25,Mwea Smallholder,E,4162.0,968.6,50,HDPE,173.9,6.26,54.32,54.08,4,3.32,-0.24,0.24,High Pressure
2024-05-26,Mwea Smallholder,C,1678.9,1181.7,75,HDPE,467.9,6.99,36.71,36.9,4,5.09,0.19,0.0,Normal
2024-05-26,Runyenjes East,D,336.3,1208.4,40,PVC,225.4,1.42,39.04,34.45,11,1.26,-4.59,4.59,Normal
2024-05-26,Embu Green,E,1043.8,1319.2,50,PVC,696.8,4.3,27.01,22.41,6,3.99,-4.6,4.6,Normal
2024-05-26,Embu Green,G,1380.3,1293.5,75,HDPE,304.8,4.22,33.14,37.19,5,1.08,4.05,0.0,Normal
2024-05-26,Mwea Smallholder,F,4081.6,1345.0,50,PVC,758.5,3.1,30.31,32.55,4,2.17,2.24,0.0,Normal
2024-05-27,Kibugu-Nguviu,D,4468.0,1090.4,25,PVC,64.1,4.34,46.35,49.71,10,3.91,3.36,0.0,Normal
2024-05-27,Embu Green,E,4901.8,1318.3,50,PVC,468.2,4.5,35.01,32.95,1,7.36,-2.06,2.06,Normal
2024-05-27,Embu Green,H,4912.4,1108.5,75,PVC,143.0,1.93,47.29,33.4,4,5.54,-13.89,13.89,Normal
2024-05-27,Runyenjes East,D,3450.0,1224.2,50,HDPE,523.6,3.62,38.14,33.57,5,4.04,-4.57,4.57,Normal
2024-05-27,Runyenjes East,C,96.4,1147.3,75,HDPE,159.7,6.27,39.43,42.01,5,2.0,2.58,0.0,Normal
2024-05-27,Kibugu-Nguviu,B,909.8,1266.7,40,PVC,717.2,4.64,27.8,24.76,7,5.93,-3.04,3.04,Normal
2024-05-27,Runyenjes East,G,1158.9,1028.0,50,GI,524.0,5.94,43.13,42.19,2,6.1,-0.94,0.94,Normal
2024-05-27,Mwea Smallholder,B,1179.5,1296.1,75,HDPE,607.1,6.82,32.81,28.05,7,0.98,-4.76,4.76,Normal
2024-05-27,Runyenjes East,H,1943.2,1215.3,63,GI,569.3,3.82,33.48,33.65,7,7.2,0.17,0.0,Normal
2024-05-28,Kibugu-Nguviu,F,4215.9,1169.9,63,PVC,374.3,6.64,39.01,31.27,2,1.16,-7.74,7.74,Normal
2024-05-28,Runyenjes East,A,3115.9,1044.4,75,PVC,763.4,6.58,38.83,39.89,7,0.69,1.06,0.0,Normal
2024-05-28,Kibugu-Nguviu,E,2607.1,1061.7,63,GI,472.1,3.75,45.46,38.07,3,0.6,-7.39,7.39,Normal
2024-05-28,Kibugu-Nguviu,F,362.7,1012.1,63,HDPE,611.0,4.01,45.47,47.78,6,3.65,2.31,0.0,Normal
2024-05-28,Embu Green,B,4976.0,1076.9,75,PVC,328.5,3.61,40.85,41.2,10,0.79,0.35,0.0,Normal
2024-05-28,Embu Green,A,2436.3,1107.9,32,HDPE,286.0,1.38,46.25,46.32,6,2.71,0.07,0.0,Normal
2024-05-28,Kibugu-Nguviu,B,4128.9,1168.8,75,PVC,794.5,5.19,33.96,32.88,5,2.57,-1.08,1.08,Normal
2024-05-28,Runyenjes East,E,3570.0,1306.2,40,PVC,384.9,6.66,37.8,32.81,11,6.25,-4.99,4.99,Normal
2024-05-29,Embu Green,H,1625.7,1101.5,32,HDPE,376.7,3.51,40.51,40.32,3,1.82,-0.19,0.19,Normal
2024-05-29,Mwea Smallholder,B,3637.9,1293.3,40,HDPE,626.2,5.44,31.81,33.78,4,5.49,1.97,0.0,Normal
2024-05-29,Mwea Smallholder,F,4697.3,1245.9,32,PVC,243.0,6.56,34.21,37.06,11,5.36,2.85,0.0,Normal
2024-05-29,Mwea Smallholder,H,2059.0,1031.7,32,GI,638.4,5.03,44.54,44.06,6,6.59,-0.48,0.48,Normal
2024-05-29,Embu Green,B,2807.7,1322.7,40,HDPE,573.8,6.09,29.04,33.2,9,5.0,4.16,0.0,Normal
2024-05-29,Runyenjes East,F,431.9,1289.0,50,PVC,335.5,2.99,34.83,29.83,10,0.55,-5.0,5.0,Normal
2024-05-29,Mwea Smallholder,G,3700.0,1163.5,40,PVC,328.1,3.72,34.09,28.64,9,6.14,-5.45,5.45,Normal
2024-05-29,Runyenjes East,D,3736.0,1086.5,40,HDPE,281.7,5.61,45.11,42.47,4,6.42,-2.64,2.64,Normal
2024-05-29,Mwea Smallholder,F,1434.7,1102.0,50,PVC,554.4,3.57,39.74,39.82,1,5.6,0.08,0.0,Normal
2024-05-30,Mwea Smallholder,H,4097.9,1303.4,50,PVC,609.5,5.86,35.49,36.94,9,3.63,1.45,0.0,Normal
2024-05-30,Runyenjes East,E,26.0,950.4,90,GI,335.6,4.59,50.1,51.08,8,4.05,0.98,0.0,High Pressure
2024-05-30,Embu Green,D,2257.2,993.1,25,HDPE,735.1,5.7,43.37,35.21,3,1.96,-8.16,8.16,Normal
2024-05-30,Kibugu-Nguviu,H,1497.1,1072.2,25,PVC,58.7,7.95,48.61,55.83,3,4.31,7.22,0.0,High Pressure
2024-05-31,Kibugu-Nguviu,H,3788.8,1245.1,40,GI,191.8,5.9,38.47,37.03,6,1.39,-1.44,1.44,Normal
2024-05-31,Embu Green,F,2619.7,1294.8,63,PVC,157.8,6.76,44.05,42.73,9,1.06,-1.32,1.32,Normal
2024-05-31,Embu Green,B,4687.0,1323.3,40,HDPE,605.0,3.69,31.8,32.66,3,6.3,0.86,0.0,Normal
2024-05-31,Mwea Smallholder,C,1844.3,1068.5,40,PVC,335.8,3.21,48.13,46.74,10,4.85,-1.39,1.39,Normal
2024-05-31,Kibugu-Nguviu,E,4634.4,1195.7,90,PVC,134.4,4.41,44.86,46.52,1,6.54,1.66,0.0,Normal
2024-05-31,Mwea Smallholder,B,374.7,1247.6,40,PVC,245.1,7.82,39.68,39.08,11,7.91,-0.6,0.6,Normal
2024-05-31,Embu Green,G,330.2,1292.8,75,PVC,489.6,5.34,33.76,31.85,5,6.6,-1.91,1.91,Normal
2024-06-01,Runyenjes East,D,1304.6,1172.3,50,PVC,331.5,6.75,42.07,41.54,3,0.77,-0.53,0.53,Normal
2024-06-01,Mwea Smallholder,F,166.3,1004.3,40,PVC,441.6,5.69,41.56,38.28,5,6.88,-3.28,3.28,Normal
2024-06-01,Mwea Smallholder,B,2383.6,1049.5,40,PVC,308.1,0.5,44.82,46.62,4,3.6,1.8,0.0,Normal
2024-06-01,Mwea Smallholder,B,908.0,1155.1,25,PVC,682.4,8.81,36.61,35.03,8,3.12,-1.58,1.58,Normal
2024-06-01,Embu Green,H,4019.2,1322.5,32,PVC,406.0,4.44,34.18,30.85,7,3.98,-3.33,3.33,Normal
2024-06-01,Runyenjes East,G,2542.2,1024.2,40,PVC,394.7,3.31,49.41,50.24,9,5.29,0.83,0.0,High Pressure
2024-06-01,Runyenjes East,E,689.1,1118.3,75,PVC,355.6,5.6,41.36,45.18,7,4.42,3.82,0.0,Normal
2024-06-01,Runyenjes East,C,2729.5,1273.8,50,PVC,385.9,0.9,30.57,33.67,2,1.68,3.1,0.0,Normal
2024-06-01,Embu Green,D,3527.7,983.2,25,HDPE,540.5,3.97,48.19,54.26,4,6.07,6.07,0.0,High Pressure
2024-06-01,Mwea Smallholder,B,4285.2,1253.3,63,PVC,62.0,4.6,36.39,33.34,4,4.39,-3.05,3.05,Normal
2024-06-01,Embu Green,B,4530.1,1114.7,50,PVC,406.2,7.03,37.84,33.9,6,1.57,-3.94,3.94,Normal
2024-06-02,Embu Green,C,4037.2,1329.0,75,PVC,422.9,3.39,28.98,25.26,3,5.65,-3.72,3.72,Normal
2024-06-02,Kibugu-Nguviu,G,3786.3,1100.8,50,PVC,361.4,6.02,39.93,35.42,2,1.02,-4.51,4.51,Normal
2024-06-02,Embu Green,E,1546.8,1009.3,63,PVC,461.7,3.49,47.23,52.78,4,2.96,5.55,0.0,High Pressure
2024-06-02,Mwea Smallholder,D,1397.5,1342.8,50,PVC,255.3,6.8,34.59,35.27,9,7.07,0.68,0.0,Normal
2024-06-02,Kibugu-Nguviu,H,4780.0,1230.3,40,PVC,652.8,8.36,33.09,38.93,8,7.45,5.84,0.0,Normal
2024-06-03,Embu Green,C,4841.1,1205.5,40,PVC,208.3,7.56,41.45,42.08,6,1.1,0.63,0.0,Normal
2024-06-03,Kibugu-Nguviu,C,3107.7,1274.4,63,PVC,472.4,5.06,35.68,32.63,4,4.5,-3.05,3.05,Normal
2024-06-03,Runyenjes East,D,898.0,1272.3,75,HDPE,243.0,5.78,32.95,24.88,10,6.15,-8.07,8.07,Normal
2024-06-03,Embu Green,E,3899.0,1071.7,50,GI,410.3,4.13,43.51,42.3,4,4.48,-1.21,1.21,Normal
2024-06-03,Embu Green,H,2597.3,1161.7,32,PVC,174.1,5.32,47.04,44.96,6,7.03,-2.08,2.08,Normal
2024-06-03,Mwea Smallholder,B,4377.6,1328.7,32,PVC,601.6,4.87,26.69,23.03,4,7.3,-3.66,3.66,Normal
2024-06-03,Mwea Smallholder,C,3091.9,1312.1,63,PVC,559.3,5.51,26.72,30.15,11,5.41,3.43,0.0,Normal
2024-06-04,Kibugu-Nguviu,B,462.1,1335.5,75,PVC,256.3,4.29,34.35,29.08,10,3.38,-5.27,5.27,Normal
2024-06-04,Mwea Smallholder,F,2173.8,1005.9,75,PVC,434.8,3.89,43.14,44.08,3,1.14,0.94,0.0,Normal
2024-06-04,Runyenjes East,B,3036.2,1281.4,40,HDPE,264.6,5.3,38.15,43.93,8,3.81,5.78,0.0,Normal
2024-06-04,Runyenjes East,E,2434.5,1129.0,50,HDPE,329.5,7.47,46.5,44.7,4,5.88,-1.8,1.8,Normal
2024-06-04,Embu Green,B,22.6,1068.5,75,PVC,328.4,3.72,46.26,44.35,9,6.45,-1.91,1.91,Normal
2024-06-04,Kibugu-Nguviu,A,4142.7,1146.4,40,GI,789.4,3.71,38.74,31.81,10,2.65,-6.93,6.93,Normal
2024-06-04,Mwea Smallholder,D,1329.0,1282.8,63,PVC,412.7,2.21,39.33,33.68,3,2.91,-5.65,5.65,Normal
2024-06-04,Runyenjes East,H,3912.0,1206.3,40,PVC,268.0,3.14,44.57,46.91,5,1.63,2.34,0.0,Normal
2024-06-05,Runyenjes East,B,4700.2,1114.7,50,HDPE,650.5,4.61,36.53,31.72,2,5.0,-4.81,4.81,Normal
2024-06-05,Kibugu-Nguviu,G,3803.0,989.4,50,PVC,451.0,5.2,45.07,49.35,9,0.9,4.28,0.0,Normal
2024-06-05,Embu Green,G,2709.4,1129.0,40,GI,711.8,5.7,36.22,38.08,4,2.41,1.86,0.0,Normal
2024-06-05,Kibugu-Nguviu,G,775.5,1174.8,50,PVC,47.8,2.72,46.83,47.28,3,3.53,0.45,0.0,Normal
2024-06-05,Mwea Smallholder,A,4889.7,1255.2,63,PVC,764.0,6.73,30.84,28.67,3,2.01,-2.17,2.17,Normal
2024-06-05,Kibugu-Nguviu,E,910.3,977.2,63,HDPE,500.4,5.6,53.94,50.3,11,7.41,-3.64,3.64,High Pressure
2024-06-05,Mwea Smallholder,H,3459.5,1104.2,75,HDPE,724.4,3.3,42.75,45.05,1,3.78,2.3,0.0,Normal
2024-06-05,Kibugu-Nguviu,F,3085.6,1243.0,75,HDPE,44.8,3.46,40.18,37.19,2,7.78,-2.99,2.99,Normal
2024-06-05,Embu Green,F,3960.0,1265.3,25,HDPE,111.9,3.83,34.55,20.66,4,2.97,-13.89,13.89,Normal
2024-06-05,Mwea Smallholder,B,3184.9,1001.9,90,PVC,659.5,5.74,43.05,43.22,2,5.94,0.17,0.0,Normal
2024-06-05,Embu Green,D,3770.5,1316.0,75,PVC,406.4,4.46,35.5,37.06,4,6.23,1.56,0.0,Normal
2024-06-06,Mwea Smallholder,H,2191.0,1289.2,75,PVC,356.6,5.77,37.3,30.7,11,4.91,-6.6,6.6,Normal
2024-06-06,Mwea Smallholder,A,3723.8,1175.9,90,PVC,30.8,1.78,47.64,47.84,11,5.8,0.2,0.0,Normal
2024-06-07,Runyenjes East,A,3315.5,1260.2,50,HDPE,109.9,7.09,40.01,38.83,7,6.5,-1.18,1.18,Normal
2024-06-07,Kibugu-Nguviu,D,2670.4,1291.3,50,PVC,569.9,3.17,39.4,37.29,3,7.2,-2.11,2.11,Normal
2024-06-07,Embu Green,B,1365.1,1265.0,50,HDPE,603.4,4.7,33.81,31.29,8,5.8,-2.52,2.52,Normal
2024-06-07,Mwea Smallholder,D,3744.7,1167.6,63,PVC,774.1,0.5,36.93,32.56,7,7.12,-4.37,4.37,Normal
2024-06-08,Runyenjes East,H,1520.8,1255.3,63,HDPE,212.3,4.32,38.86,33.2,8,7.39,-5.66,5.66,Normal
2024-06-08,Kibugu-Nguviu,B,4724.9,1257.6,63,PVC,550.0,7.05,31.16,35.25,2,5.77,4.09,0.0,Normal
2024-06-08,Embu Green,H,1045.9,1268.9,75,PVC,241.9,8.05,40.83,42.77,3,7.86,1.94,0.0,Normal
2024-06-09,Mwea Smallholder,G,783.6,967.2,63,HDPE,412.5,4.35,52.7,59.82,5,2.29,7.12,0.0,High Pressure
2024-06-09,Kibugu-Nguviu,G,2055.5,1079.5,50,PVC,194.5,1.7,46.39,45.29,6,6.58,-1.1,1.1,Normal
2024-06-09,Embu Green,H,3494.8,1174.8,63,PVC,252.8,4.89,37.63,35.27,6,7.66,-2.36,2.36,Normal
2024-06-09,Kibugu-Nguviu,D,1141.2,1119.0,63,PVC,337.6,5.22,46.12,39.21,9,5.79,-6.91,6.91,Normal
2024-06-09,Mwea Smallholder,A,3315.4,974.4,50,HDPE,98.1,2.24,54.66,51.97,3,3.41,-2.69,2.69,High Pressure
2024-06-09,Mwea Smallholder,F,3068.8,1074.5,25,PVC,396.5,4.72,48.52,46.14,7,0.87,-2.38,2.38,Normal
2024-06-09,Runyenjes East,H,1419.6,1099.0,32,PVC,380.5,4.71,41.31,32.35,3,3.07,-8.96,8.96,Normal
2024-06-09,Mwea Smallholder,A,3184.5,985.4,90,PVC,256.5,4.94,55.88,50.92,6,2.08,-4.96,4.96,High Pressure
2024-06-10,Mwea Smallholder,G,870.0,1344.0,32,HDPE,381.8,4.77,36.45,39.02,6,4.24,2.57,0.0,Normal
2024-06-10,Embu Green,A,4301.9,1192.2,50,HDPE,281.3,4.18,36.94,44.96,6,7.42,8.02,0.0,Normal
2024-06-10,Embu Green,B,3772.4,1109.0,63,PVC,649.4,1.43,43.6,43.68,7,2.45,0.08,0.0,Normal
2024-06-10,Runyenjes East,E,3103.4,1332.0,25,PVC,435.7,3.46,37.11,36.69,2,2.07,-0.42,0.42,Normal
2024-06-10,Embu Green,F,2684.7,1138.5,63,GI,400.1,4.37,43.89,39.44,4,7.16,-4.45,4.45,Normal
2024-06-10,Mwea Smallholder,G,3055.4,1340.6,50,PVC,111.4,7.73,34.73,28.82,4,6.12,-5.91,5.91,Normal
2024-06-10,Mwea Smallholder,H,3785.3,1302.3,63,GI,49.8,6.59,39.63,30.56,4,5.25,-9.07,9.07,Normal
2024-06-11,Mwea Smallholder,G,2541.2,1332.0,32,PVC,168.0,4.45,41.28,34.04,6,5.63,-7.24,7.24,Normal
2024-06-11,Mwea Smallholder,A,983.5,1112.2,25,HDPE,767.2,5.05,38.82,39.71,2,3.86,0.89,0.0,Normal
2024-06-11,Runyenjes East,D,4382.7,1293.8,50,PVC,60.6,2.96,38.3,37.34,5,3.39,-0.96,0.96,Normal
2024-06-11,Embu Green,B,2981.2,1150.2,90,HDPE,267.1,7.67,41.0,37.59,3,3.51,-3.41,3.41,Normal
2024-06-11,Embu Green,F,2187.3,978.7,90,HDPE,550.3,5.91,43.1,47.7,7,3.2,4.6,0.0,Normal
2024-06-11,Kibugu-Nguviu,G,2553.9,959.1,40,HDPE,781.5,6.7,46.9,43.21,6,4.49,-3.69,3.69,Normal
2024-06-12,Runyenjes East,B,4172.4,1071.1,75,HDPE,568.6,5.94,42.55,44.03,6,1.29,1.48,0.0,Normal
2024-06-12,Embu Green,A,2911.5,1071.3,75,PVC,485.3,5.22,47.51,44.37,8,2.14,-3.14,3.14,Normal
2024-06-12,Runyenjes East,E,4265.6,1180.0,32,HDPE,715.8,1.42,38.36,32.87,11,0.95,-5.49,5.49,Normal
2024-06-12,Runyenjes East,C,4302.7,1180.0,50,PVC,392.9,3.74,41.46,40.5,3,1.06,-0.96,0.96,Normal
2024-06-12,Runyenjes East,A,3613.9,1028.6,75,GI,573.4,4.04,47.7,45.98,7,2.88,-1.72,1.72,Normal
2024-06-12,Kibugu-Nguviu,A,2177.8,1182.4,25,PVC,415.8,9.28,42.73,39.6,1,5.14,-3.13,3.13,Normal
2024-06-13,Embu Green,C,2294.3,1290.8,25,GI,304.2,8.02,36.97,31.75,6,5.48,-5.22,5.22,Normal
2024-06-13,Kibugu-Nguviu,A,3792.4,1056.3,32,PVC,706.4,7.8,45.16,47.62,7,4.59,2.46,0.0,Normal
2024-06-13,Mwea Smallholder,A,2294.7,1232.7,63,PVC,462.1,8.19,31.95,31.43,7,1.82,-0.52,0.52,Normal
2024-06-13,Kibugu-Nguviu,D,4506.8,1279.5,40,HDPE,497.8,4.42,34.14,35.92,11,2.54,1.78,0.0,Normal
2024-06-13,Runyenjes East,F,2126.4,981.3,75,PVC,243.7,2.47,52.77,50.07,3,4.85,-2.7,2.7,High Pressure
2024-06-13,Embu Green,E,23.4,1257.1,90,GI,590.5,4.8,32.07,36.08,9,6.6,4.01,0.0,Normal
2024-06-13,Runyenjes East,G,3914.0,1122.7,25,PVC,350.3,6.04,35.7,31.28,8,7.12,-4.42,4.42,Normal
2024-06-13,Mwea Smallholder,F,96.9,1194.1,63,PVC,116.6,2.64,39.81,44.44,1,6.47,4.63,0.0,Normal
2024-06-13,Embu Green,E,3827.8,1197.3,40,PVC,507.1,7.24,36.45,32.51,11,3.03,-3.94,3.94,Normal
2024-06-13,Runyenjes East,B,227.7,1182.4,75,HDPE,779.7,4.34,36.73,32.74,5,4.93,-3.99,3.99,Normal
2024-06-13,Kibugu-Nguviu,G,4363.3,956.2,25,HDPE,190.7,5.79,54.19,50.68,9,1.35,-3.51,3.51,High Pressure
2024-06-13,Mwea Smallholder,F,4845.8,1256.2,75,GI,752.3,1.78,36.1,34.73,6,4.84,-1.37,1.37,Normal
2024-06-14,Runyenjes East,A,3200.6,1165.5,25,PVC,280.3,7.27,39.72,30.58,9,6.87,-9.14,9.14,Normal
2024-06-14,Runyenjes East,H,3814.9,1194.3,40,HDPE,289.2,4.04,39.95,38.24,9,1.31,-1.71,1.71,Normal
2024-06-14,Embu Green,F,4299.5,1316.8,75,PVC,204.7,3.66,38.38,37.5,9,4.89,-0.88,0.88,Normal
2024-06-14,Embu Green,C,1493.7,1015.8,32,HDPE,589.3,4.12,43.71,43.54,5,0.78,-0.17,0.17,Normal
2024-06-14,Kibugu-Nguviu,D,1149.7,1127.3,90,PVC,690.5,4.84,42.89,40.99,9,7.38,-1.9,1.9,Normal
2024-06-14,Runyenjes East,F,4238.7,1142.2,50,PVC,494.0,6.75,41.96,37.36,3,6.88,-4.6,4.6,Normal
2024-06-14,Embu Green,B,97.6,1291.0,32,PVC,111.0,3.14,32.16,32.46,4,5.33,0.3,0.0,Normal
2024-06-14,Kibugu-Nguviu,G,3624.6,1261.8,50,PVC,604.9,6.0,32.37,32.48,2,3.89,0.11,0.0,Normal
2024-06-14,Embu Green,F,1530.4,1044.7,50,PVC,63.2,4.36,50.61,47.17,10,5.94,-3.44,3.44,Normal
2024-06-14,Runyenjes East,A,3933.4,1119.2,32,HDPE,401.5,3.36,46.21,49.02,11,2.83,2.81,0.0,Normal
2024-06-14,Mwea Smallholder,D,1885.6,1239.6,90,PVC,522.9,2.54,29.86,32.28,6,1.83,2.42,0.0,Normal
2024-06-14,Embu Green,H,1628.9,1025.3,50,PVC,78.7,6.78,49.49,52.07,6,1.85,2.58,0.0,High Pressure
2024-06-14,Runyenjes East,F,2084.9,1138.4,90,PVC,318.2,4.21,43.19,42.58,11,6.58,-0.61,0.61,Normal
2024-06-15,Mwea Smallholder,B,2877.1,1034.2,50,PVC,744.4,9.99,40.21,36.61,5,5.67,-3.6,3.6,Normal
2024-06-15,Embu Green,H,2508.5,1151.3,63,HDPE,676.5,4.29,42.93,46.5,2,2.34,3.57,0.0,Normal
2024-06-15,Runyenjes East,F,3787.5,1227.1,32,PVC,608.8,1.14,37.22,36.12,5,6.64,-1.1,1.1,Normal
2024-06-15,Kibugu-Nguviu,E,4605.2,1244.4,40,PVC,49.8,7.81,37.02,36.86,11,4.87,-0.16,0.16,Normal
2024-06-15,Kibugu-Nguviu,C,772.6,1320.9,90,PVC,61.8,3.51,36.94,39.81,1,7.67,2.87,0.0,Normal
2024-06-15,Embu Green,D,2103.6,1106.1,63,HDPE,672.4,6.33,34.33,32.1,3,1.07,-2.23,2.23,Normal
2024-06-15,Kibugu-Nguviu,E,542.4,1150.4,50,GI,42.4,7.33,44.0,36.49,7,4.15,-7.51,7.51,Normal
2024-06-16,Runyenjes East,C,1952.2,1337.9,63,HDPE,262.1,7.69,30.96,36.64,5,3.25,5.68,0.0,Normal
2024-06-16,Runyenjes East,A,3519.7,1029.6,50,PVC,711.9,5.78,46.01,49.36,9,3.85,3.35,0.0,Normal
2024-06-16,Embu Green,A,1556.1,1112.5,25,PVC,287.7,1.31,40.67,39.39,2,1.93,-1.28,1.28,Normal
2024-06-16,Embu Green,H,1364.0,983.4,63,HDPE,491.2,3.55,44.08,43.82,6,7.37,-0.26,0.26,Normal
2024-06-16,Runyenjes East,D,3603.7,1228.4,75,PVC,93.3,3.93,43.53,47.21,5,7.56,3.68,0.0,Normal
2024-06-16,Mwea Smallholder,G,755.0,1323.1,32,PVC,331.7,6.16,28.02,28.66,2,2.34,0.64,0.0,Normal
2024-06-17,Runyenjes East,C,4697.1,989.1,32,PVC,737.9,7.23,45.62,46.3,5,3.89,0.68,0.0,Normal
2024-06-17,Mwea Smallholder,G,499.4,1163.6,90,HDPE,134.7,4.82,41.72,37.61,7,0.89,-4.11,4.11,Normal
2024-06-17,Embu Green,C,4768.4,966.7,40,PVC,441.7,6.07,48.48,51.32,1,2.52,2.84,0.0,High Pressure
2024-06-17,Kibugu-Nguviu,D,2917.8,1148.0,32,PVC,487.8,3.2,38.34,30.99,6,7.24,-7.35,7.35,Normal
2024-06-17,Runyenjes East,B,3513.3,1185.6,50,HDPE,729.8,6.34,34.0,38.73,7,2.62,4.73,0.0,Normal
2024-06-17,Mwea Smallholder,G,4905.1,966.1,40,PVC,490.5,4.07,52.56,56.8,7,5.97,4.24,0.0,High Pressure
2024-06-17,Mwea Smallholder,B,897.3,1289.3,63,PVC,459.0,5.4,32.7,31.83,10,3.85,-0.87,0.87,Normal
2024-06-17,Embu Green,C,1936.8,1182.0,40,PVC,125.5,3.93,47.15,42.4,7,3.48,-4.75,4.75,Normal
2024-06-18,Runyenjes East,E,1539.0,1064.9,25,PVC,764.1,4.48,38.32,36.39,4,6.45,-1.93,1.93,Normal
2024-06-18,Runyenjes East,C,3469.3,1263.4,63,HDPE,524.2,2.31,31.06,28.58,1,1.54,-2.48,2.48,Normal
2024-06-18,Runyenjes East,H,4799.5,1020.5,90,PVC,310.9,5.32,46.45,40.41,1,7.86,-6.04,6.04,Normal
2024-06-18,Runyenjes East,F,4218.5,978.5,25,HDPE,451.8,4.9,44.62,42.03,11,7.31,-2.59,2.59,Normal
2024-06-18,Runyenjes East,G,196.1,1109.2,40,PVC,378.3,3.8,45.53,39.58,10,0.89,-5.95,5.95,Normal
2024-06-18,Runyenjes East,E,545.1,1095.3,40,GI,103.1,7.0,44.45,49.78,2,2.98,5.33,0.0,Normal
2024-06-18,Runyenjes East,H,3931.2,1345.8,32,PVC,229.1,4.84,35.24,41.32,4,7.06,6.08,0.0,Normal
2024-06-19,Mwea Smallholder,C,2066.7,1119.0,25,PVC,472.9,6.17,41.21,42.95,2,7.24,1.74,0.0,Normal
2024-06-19,Runyenjes East,C,1199.0,1344.4,50,HDPE,642.8,6.41,32.81,30.76,9,2.21,-2.05,2.05,Normal
2024-06-19,Kibugu-Nguviu,G,2991.5,1244.6,90,HDPE,138.2,4.89,38.6,34.78,2,6.94,-3.82,3.82,Normal
2024-06-19,Embu Green,E,3368.3,1077.4,50,PVC,481.2,4.78,38.23,43.01,4,1.16,4.78,0.0,Normal
2024-06-19,Runyenjes East,D,3685.2,1310.2,40,GI,447.3,4.33,30.42,34.71,1,4.07,4.29,0.0,Normal
2024-06-19,Mwea Smallholder,B,1596.6,1308.2,50,PVC,548.9,6.56,34.23,29.71,7,0.89,-4.52,4.52,Normal
2024-06-19,Mwea Smallholder,G,95.2,1015.2,63,PVC,682.8,6.63,41.4,38.8,2,6.01,-2.6,2.6,Normal
2024-06-19,Mwea Smallholder,H,3439.1,1047.6,40,PVC,250.9,1.58,51.71,52.96,4,2.54,1.25,0.0,High Pressure
2024-06-20,Embu Green,C,3474.1,1194.4,63,PVC,742.9,3.61,35.57,29.98,11,1.76,-5.59,5.59,Normal
2024-06-20,Mwea Smallholder,E,3848.0,1184.5,25,HDPE,749.6,3.42,39.96,36.06,7,1.84,-3.9,3.9,Normal
2024-06-21,Mwea Smallholder,C,4631.6,1087.2,63,PVC,751.3,3.97,39.53,32.6,6,5.2,-6.93,6.93,Normal
2024-06-21,Embu Green,E,447.4,999.3,40,HDPE,262.4,2.31,46.78,44.9,6,6.32,-1.88,1.88,Normal
2024-06-21,Mwea Smallholder,F,510.0,1016.3,32,HDPE,30.8,3.9,51.29,49.68,11,7.96,-1.61,1.61,Normal
2024-06-21,Runyenjes East,B,4640.5,1022.0,32,PVC,177.9,0.5,52.99,57.85,7,6.17,4.86,0.0,High Pressure
2024-06-21,Embu Green,B,4196.7,1246.7,25,PVC,772.3,8.61,33.54,34.07,9,0.56,0.53,0.0,Normal
2024-06-21,Runyenjes East,A,4536.8,1047.7,90,GI,491.1,2.88,49.04,41.9,11,1.36,-7.14,7.14,Normal
2024-06-22,Kibugu-Nguviu,E,2982.6,1192.4,32,PVC,660.3,6.33,42.61,39.76,3,7.55,-2.85,2.85,Normal
2024-06-22,Runyenjes East,B,4601.3,1129.6,63,PVC,206.1,4.79,48.34,47.85,10,1.42,-0.49,0.49,Normal
2024-06-22,Kibugu-Nguviu,F,230.1,1049.7,63,HDPE,36.3,6.88,48.51,39.89,11,1.39,-8.62,8.62,Normal
2024-06-22,Embu Green,G,2641.3,1182.8,40,PVC,559.9,8.21,36.82,24.55,4,7.17,-12.27,12.27,Normal
2024-06-22,Kibugu-Nguviu,C,4253.3,1127.7,40,PVC,243.2,6.54,39.19,39.32,8,4.16,0.13,0.0,Normal
2024-06-22,Runyenjes East,A,4782.2,1211.0,50,PVC,308.1,7.42,37.38,42.48,9,5.46,5.1,0.0,Normal
2024-06-22,Embu Green,A,682.9,1099.8,90,PVC,301.3,2.35,45.52,38.08,4,2.8,-7.44,7.44,Normal
2024-06-22,Mwea Smallholder,F,3973.5,1266.8,50,HDPE,585.4,5.49,29.84,30.35,3,2.31,0.51,0.0,Normal
2024-06-22,Runyenjes East,G,4270.0,1018.1,32,HDPE,563.3,3.38,45.05,48.78,4,6.23,3.73,0.0,Normal
2024-06-23,Runyenjes East,A,1998.8,1270.8,32,HDPE,149.5,3.43,38.52,47.71,7,2.73,9.19,0.0,Normal
2024-06-23,Runyenjes East,C,2151.1,1149.6,50,PVC,448.1,4.28,45.09,41.07,11,2.97,-4.02,4.02,Normal
2024-06-23,Embu Green,C,911.3,1214.8,50,HDPE,448.6,7.47,42.15,39.5,1,4.34,-2.65,2.65,Normal
2024-06-23,Mwea Smallholder,A,2315.3,1146.6,25,HDPE,315.5,12.0,45.82,47.16,5,6.49,1.34,0.0,Normal
2024-06-23,Embu Green,A,3400.9,1343.2,40,PVC,598.9,3.71,28.79,30.29,7,0.67,1.5,0.0,Normal
2024-06-23,Runyenjes East,H,4580.6,1084.5,63,PVC,506.0,3.22,36.9,34.09,7,2.4,-2.81,2.81,Normal
2024-06-23,Kibugu-Nguviu,F,3536.9,1088.8,75,HDPE,141.9,5.12,43.6,39.46,6,2.37,-4.14,4.14,Normal
2024-06-23,Embu Green,G,4790.5,1120.5,32,HDPE,498.6,5.3,34.68,31.43,4,3.01,-3.25,3.25,Normal
2024-06-23,Runyenjes East,F,3585.0,1265.8,40,PVC,301.9,6.11,30.21,25.28,9,5.01,-4.93,4.93,Normal
2024-06-24,Runyenjes East,G,1386.9,1347.9,75,HDPE,531.6,2.19,27.61,23.35,1,5.27,-4.26,4.26,Normal
2024-06-24,Runyenjes East,F,629.1,1037.6,63,HDPE,786.6,5.77,41.63,42.36,10,1.36,0.73,0.0,Normal
2024-06-24,Runyenjes East,B,4498.1,1214.0,25,PVC,556.8,6.06,37.68,38.04,8,5.11,0.36,0.0,Normal
2024-06-24,Kibugu-Nguviu,A,3282.1,1200.1,40,HDPE,620.8,6.07,30.18,26.01,5,6.47,-4.17,4.17,Normal
2024-06-24,Mwea Smallholder,B,568.0,1184.4,25,PVC,476.1,3.78,40.0,42.1,6,1.21,2.1,0.0,Normal
2024-06-25,Runyenjes East,H,17.9,1116.7,25,HDPE,489.0,4.21,43.92,50.25,6,3.75,6.33,0.0,High Pressure
2024-06-25,Runyenjes East,G,3636.1,1103.5,40,PVC,154.2,0.5,46.69,40.92,8,2.56,-5.77,5.77,Normal
2024-06-25,Runyenjes East,F,4529.1,998.2,32,HDPE,88.8,4.3,48.33,41.63,10,1.83,-6.7,6.7,Normal
2024-06-25,Runyenjes East,H,928.6,1105.3,50,PVC,46.5,7.33,47.98,45.39,10,1.06,-2.59,2.59,Normal
2024-06-25,Kibugu-Nguviu,B,362.3,1289.3,50,PVC,399.6,5.74,34.08,33.93,1,5.45,-0.15,0.15,Normal
2024-06-25,Embu Green,F,106.9,1266.9,40,PVC,314.6,3.68,39.19,31.46,7,2.0,-7.73,7.73,Normal
2024-06-25,Embu Green,G,3273.8,1344.4,90,HDPE,616.9,3.85,35.72,37.05,11,3.81,1.33,0.0,Normal
2024-06-25,Runyenjes East,F,3757.7,1282.0,63,PVC,624.9,5.55,28.5,27.43,3,1.81,-1.07,1.07,Normal
2024-06-25,Runyenjes East,D,3170.5,950.7,63,PVC,294.3,7.58,51.37,51.28,7,6.78,-0.09,0.09,High Pressure
2024-06-25,Runyenjes East,C,4931.4,1104.1,40,GI,244.5,5.59,44.81,39.83,8,2.58,-4.98,4.98,Normal
2024-06-25,Embu Green,F,385.2,982.9,63,PVC,69.2,7.65,52.64,49.63,6,2.97,-3.01,3.01,Normal
2024-06-26,Kibugu-Nguviu,B,4585.0,986.3,50,PVC,734.3,4.31,41.07,33.77,3,7.45,-7.3,7.3,Normal
2024-06-26,Mwea Smallholder,G,1824.1,1158.2,40,PVC,498.9,4.49,41.24,44.21,1,4.21,2.97,0.0,Normal
2024-06-26,Kibugu-Nguviu,C,2134.1,1004.3,63,PVC,335.1,5.69,44.66,40.14,8,7.2,-4.52,4.52,Normal
2024-06-26,Runyenjes East,G,2934.3,1027.3,90,PVC,785.7,7.76,41.37,44.86,7,1.63,3.49,0.0,Normal
2024-06-26,Mwea Smallholder,H,3864.9,1270.7,75,PVC,432.9,9.71,40.07,33.1,1,5.74,-6.97,6.97,Normal
2024-06-26,Runyenjes East,D,4957.0,1068.3,40,PVC,760.7,5.94,41.18,46.64,1,3.92,5.46,0.0,Normal
2024-06-26,Kibugu-Nguviu,H,2661.4,1160.9,63,PVC,114.1,7.8,44.08,47.12,4,7.16,3.04,0.0,Normal
2024-06-26,Kibugu-Nguviu,G,2369.6,1328.9,32,PVC,291.0,7.45,30.58,33.66,8,5.56,3.08,0.0,Normal
2024-06-26,Runyenjes East,D,4962.1,1257.8,90,PVC,371.3,5.38,37.94,43.37,8,4.27,5.43,0.0,Normal
2024-06-26,Runyenjes East,B,4722.6,1013.6,40,HDPE,285.2,6.06,55.11,53.9,11,7.56,-1.21,1.21,High Pressure
2024-06-27,Embu Green,D,573.2,1115.8,50,PVC,773.0,2.84,36.99,39.08,1,2.26,2.09,0.0,Normal
2024-06-27,Kibugu-Nguviu,C,4910.3,1220.9,32,PVC,439.9,8.05,43.09,39.32,4,4.37,-3.77,3.77,Normal
2024-06-27,Embu Green,H,1959.4,1238.9,40,HDPE,637.3,4.68,39.59,38.45,10,5.29,-1.14,1.14,Normal
2024-06-27,Mwea Smallholder,B,4940.4,1194.6,25,HDPE,244.5,5.19,40.96,38.09,8,5.87,-2.87,2.87,Normal
2024-06-27,Kibugu-Nguviu,G,4979.3,1230.3,40,PVC,90.0,6.86,41.54,40.66,3,2.18,-0.88,0.88,Normal
2024-06-27,Mwea Smallholder,B,295.9,1065.8,75,PVC,695.8,5.44,42.12,54.92,10,1.96,12.8,0.0,High Pressure
2024-06-27,Kibugu-Nguviu,A,3172.3,1317.1,63,PVC,653.3,3.84,34.19,42.81,4,6.11,8.62,0.0,Normal
2024-06-27,Runyenjes East,G,4025.4,1319.3,90,PVC,428.7,5.12,38.1,40.85,4,4.02,2.75,0.0,Normal
2024-06-27,Mwea Smallholder,D,2549.3,1281.1,90,PVC,44.6,4.65,45.14,43.86,9,7.78,-1.28,1.28,Normal
2024-06-28,Kibugu-Nguviu,B,438.5,1114.1,50,PVC,43.7,3.73,46.19,51.56,3,6.56,5.37,0.0,High Pressure
2024-06-28,Kibugu-Nguviu,E,1093.9,1220.2,63,PVC,622.3,4.64,32.41,29.27,4,3.17,-3.14,3.14,Normal
2024-06-28,Mwea Smallholder,D,2871.5,1027.6,50,HDPE,149.4,6.57,50.59,57.71,3,5.13,7.12,0.0,High Pressure
2024-06-28,Runyenjes East,B,4037.9,1199.9,25,HDPE,770.0,4.88,38.88,36.73,9,1.19,-2.15,2.15,Normal
2024-06-28,Runyenjes East,H,2804.5,1263.2,32,PVC,122.5,2.92,39.27,31.16,7,6.3,-8.11,8.11,Normal
2024-06-28,Mwea Smallholder,A,3853.8,1324.0,50,GI,247.1,5.38,35.05,31.79,4,4.88,-3.26,3.26,Normal
2024-06-28,Runyenjes East,A,4188.5,1345.2,25,PVC,529.2,6.22,26.12,19.51,1,3.67,-6.61,6.61,Normal
2024-06-28,Mwea Smallholder,D,1545.5,1291.6,90,HDPE,796.6,3.24,28.0,23.48,8,1.35,-4.52,4.52,Normal
2024-06-28,Kibugu-Nguviu,G,4053.7,1012.9,50,PVC,84.6,3.15,48.43,52.09,3,2.25,3.66,0.0,High Pressure
2024-06-28,Runyenjes East,G,306.1,1102.2,50,PVC,798.5,3.48,38.85,35.68,6,2.2,-3.17,3.17,Normal
2024-06-29,Kibugu-Nguviu,D,4175.4,1057.8,75,HDPE,408.6,1.42,45.98,45.89,8,6.53,-0.09,0.09,Normal
2024-06-29,Mwea Smallholder,F,1583.1,1062.9,32,PVC,254.0,7.73,49.04,47.18,10,1.77,-1.86,1.86,Normal
2024-06-29,Embu Green,G,100.5,1331.1,50,PVC,560.6,4.23,27.73,23.78,2,7.99,-3.95,3.95,Normal
2024-06-29,Kibugu-Nguviu,F,1173.0,1309.7,63,HDPE,59.6,1.86,38.5,38.77,8,5.42,0.27,0.0,Normal
2024-06-30,Kibugu-Nguviu,E,431.9,1056.9,40,PVC,202.0,5.72,48.28,45.02,8,5.82,-3.26,3.26,Normal
2024-06-30,Runyenjes East,G,1563.1,1184.4,32,HDPE,45.0,5.9,47.46,51.78,10,1.71,4.32,0.0,High Pressure
2024-06-30,Embu Green,A,4442.2,1206.2,40,HDPE,173.7,7.43,39.18,33.53,2,4.94,-5.65,5.65,Normal
2024-06-30,Runyenjes East,A,976.8,1202.3,25,PVC,202.3,5.42,37.16,39.48,7,1.11,2.32,0.0,Normal
2024-06-30,Embu Green,H,1474.3,990.5,63,HDPE,736.2,6.74,39.04,35.63,8,4.38,-3.41,3.41,Normal
2024-06-30,Embu Green,C,3853.3,1137.3,90,PVC,567.4,8.98,39.22,36.03,6,2.97,-3.19,3.19,Normal
2024-06-30,Kibugu-Nguviu,G,3430.7,1051.2,90,PVC,794.8,4.35,43.13,51.1,1,1.6,7.97,0.0,High Pressure
2024-06-30,Mwea Smallholder,G,758.5,1111.8,90,PVC,129.7,5.54,46.19,32.97,11,5.62,-13.22,13.22,Normal
2024-07-01,Mwea Smallholder,D,2960.8,1140.0,75,PVC,164.7,3.55,38.05,38.18,5,4.15,0.13,0.0,Normal
2024-07-01,Runyenjes East,H,1351.3,1023.6,75,HDPE,180.5,6.0,48.93,45.78,4,5.95,-3.15,3.15,Normal
2024-07-01,Runyenjes East,E,3880.6,1060.2,90,GI,590.1,3.81,39.79,44.64,2,1.88,4.85,0.0,Normal
2024-07-01,Mwea Smallholder,D,4473.4,1204.2,63,PVC,615.6,5.0,32.38,28.54,3,6.3,-3.84,3.84,Normal
2024-07-01,Mwea Smallholder,D,3771.1,1078.2,63,PVC,232.5,6.79,53.39,56.79,11,5.49,3.4,0.0,High Pressure
2024-07-01,Kibugu-Nguviu,D,2735.1,951.1,63,PVC,390.2,6.37,49.25,60.47,9,7.58,11.22,0.0,High Pressure
2024-07-01,Embu Green,G,2945.8,1012.6,40,HDPE,274.4,3.44,48.0,40.94,4,2.72,-7.06,7.06,Normal
2024-07-02,Embu Green,G,2522.7,1013.3,90,HDPE,480.9,6.01,45.31,43.23,1,4.21,-2.08,2.08,Normal
2024-07-02,Mwea Smallholder,G,1111.1,1047.9,40,PVC,352.3,4.6,44.08,50.9,3,7.75,6.82,0.0,High Pressure
2024-07-02,Runyenjes East,A,2640.3,1017.1,40,PVC,313.3,2.91,45.63,47.52,7,6.48,1.89,0.0,Normal
2024-07-02,Runyenjes East,F,3532.4,1238.5,75,HDPE,111.3,4.08,44.72,42.01,3,1.67,-2.71,2.71,Normal
2024-07-03,Runyenjes East,F,3027.9,1207.7,50,PVC,348.9,5.8,41.13,45.68,9,6.9,4.55,0.0,Normal
2024-07-03,Mwea Smallholder,D,1628.0,1088.1,63,PVC,124.3,3.9,49.44,39.84,1,7.47,-9.6,9.6,Normal
2024-07-03,Mwea Smallholder,A,44.5,1001.5,75,HDPE,782.5,4.38,43.59,32.83,1,7.44,-10.76,10.76,Normal
2024-07-03,Runyenjes East,D,4911.0,1096.2,63,GI,121.0,6.29,48.03,34.12,10,4.63,-13.91,13.91,Normal
2024-07-03,Mwea Smallholder,H,1602.5,1164.1,40,PVC,260.7,6.98,43.05,39.83,1,5.86,-3.22,3.22,Normal
2024-07-03,Kibugu-Nguviu,E,2681.3,1301.0,50,HDPE,59.6,5.8,39.51,34.86,7,7.05,-4.65,4.65,Normal
2024-07-03,Kibugu-Nguviu,H,599.3,1312.9,90,PVC,511.1,2.06,30.37,24.44,10,4.81,-5.93,5.93,Normal
2024-07-03,Embu Green,B,1216.1,1162.1,40,PVC,703.1,8.79,34.21,31.92,2,6.83,-2.29,2.29,Normal
2024-07-03,Embu Green,F,1313.3,1076.1,50,PVC,81.4,6.82,50.39,50.89,9,1.74,0.5,0.0,High Pressure
2024-07-03,Embu Green,E,3838.6,958.7,40,PVC,675.9,5.03,52.75,55.85,3,4.39,3.1,0.0,High Pressure
2024-07-03,Mwea Smallholder,A,1960.0,1336.2,50,PVC,196.7,5.76,30.78,32.95,10,2.26,2.17,0.0,Normal
2024-07-03,Kibugu-Nguviu,B,2021.6,1195.8,25,HDPE,368.5,9.41,41.36,43.19,3,7.34,1.83,0.0,Normal
2024-07-04,Embu Green,H,3881.0,1044.2,75,PVC,599.0,6.63,39.73,33.33,11,1.7,-6.4,6.4,Normal
2024-07-04,Mwea Smallholder,A,4796.5,992.1,25,PVC,90.9,4.42,43.33,36.5,3,7.14,-6.83,6.83,Normal
2024-07-04,Runyenjes East,E,1979.0,1088.4,50,PVC,337.8,4.26,40.5,40.21,6,4.23,-0.29,0.29,Normal
2024-07-04,Kibugu-Nguviu,D,1106.4,1220.8,63,PVC,771.4,7.28,36.07,26.61,7,7.82,-9.46,9.46,Normal
2024-07-04,Mwea Smallholder,A,2009.4,1154.7,25,HDPE,460.7,1.62,37.62,31.39,9,0.9,-6.23,6.23,Normal
2024-07-04,Embu Green,C,2297.1,1211.8,25,PVC,371.2,4.73,36.89,35.4,6,4.23,-1.49,1.49,Normal
2024-07-05,Mwea Smallholder,A,77.9,1102.9,75,HDPE,376.7,4.93,39.45,28.84,7,7.61,-10.61,10.61,Normal
2024-07-05,Runyenjes East,B,859.5,1056.2,63,PVC,776.2,6.67,42.1,38.94,6,5.05,-3.16,3.16,Normal
2024-07-05,Mwea Smallholder,F,1734.2,1109.9,40,PVC,318.9,5.49,43.4,44.22,3,1.54,0.82,0.0,Normal
2024-07-05,Runyenjes East,A,3300.9,1038.6,25,PVC,226.8,6.51,48.27,51.57,4,3.46,3.3,0.0,High Pressure
2024-07-05,Embu Green,G,3582.6,1143.7,32,PVC,572.2,3.81,44.71,38.27,10,7.85,-6.44,6.44,Normal
2024-07-05,Embu Green,A,1635.4,1160.2,90,HDPE,120.0,8.86,43.1,33.88,8,4.74,-9.22,9.22,Normal
2024-07-06,Kibugu-Nguviu,A,2919.2,967.2,25,PVC,623.0,1.72,43.19,42.93,8,4.07,-0.26,0.26,Normal
2024-07-06,Runyenjes East,G,4078.7,991.6,75,PVC,180.1,4.01,47.89,47.53,1,5.44,-0.36,0.36,Normal
2024-07-06,Mwea Smallholder,C,2958.3,1269.0,40,PVC,738.9,5.12,29.98,26.73,9,6.9,-3.25,3.25,Normal
2024-07-06,Embu Green,G,130.5,1170.3,63,HDPE,278.2,7.15,43.44,39.76,9,1.46,-3.68,3.68,Normal
2024-07-06,Mwea Smallholder,H,1383.1,1256.5,63,PVC,433.8,4.11,37.6,38.18,3,1.62,0.58,0.0,Normal
2024-07-06,Runyenjes East,D,735.4,1211.9,50,HDPE,374.4,4.84,40.6,42.32,8,6.05,1.72,0.0,Normal
2024-07-06,Embu Green,C,4018.0,1115.3,32,PVC,120.8,1.89,44.88,51.19,3,1.26,6.31,0.0,High Pressure
2024-07-06,Embu Green,G,3178.6,1213.5,32,HDPE,204.2,3.06,45.44,37.5,10,5.36,-7.94,7.94,Normal
2024-07-06,Embu Green,C,3852.4,1251.0,32,PVC,710.9,4.87,36.16,26.83,1,3.97,-9.33,9.33,Normal
2024-07-06,Mwea Smallholder,B,4100.7,1339.5,63,GI,583.9,4.51,29.65,35.42,8,0.66,5.77,0.0,Normal
2024-07-06,Runyenjes East,B,4152.0,1221.7,90,HDPE,414.6,5.96,41.12,42.62,3,7.47,1.5,0.0,Normal
2024-07-07,Runyenjes East,C,2735.1,1345.8,50,PVC,307.5,9.27,29.94,23.81,11,1.52,-6.13,6.13,Normal
2024-07-07,Kibugu-Nguviu,D,2123.8,1193.0,75,HDPE,95.2,3.39,43.96,41.43,1,5.41,-2.53,2.53,Normal
2024-07-07,Kibugu-Nguviu,G,410.8,976.9,50,PVC,273.5,7.85,46.56,47.59,8,3.35,1.03,0.0,Normal
2024-07-07,Kibugu-Nguviu,F,1846.0,1194.2,50,PVC,443.2,5.31,38.58,43.56,6,5.12,4.98,0.0,Normal
2024-07-08,Runyenjes East,H,722.3,983.6,32,PVC,120.0,2.74,52.35,48.25,6,2.42,-4.1,4.1,Normal
2024-07-08,Runyenjes East,E,409.2,1187.0,75,PVC,95.9,6.1,44.17,45.69,1,3.68,1.52,0.0,Normal
2024-07-08,Runyenjes East,C,4681.2,1064.9,75,PVC,532.5,3.69,45.01,39.67,1,4.7,-5.34,5.34,Normal
2024-07-08,Embu Green,F,365.9,1098.3,50,PVC,742.2,7.4,42.12,43.91,8,5.24,1.79,0.0,Normal
2024-07-08,Embu Green,C,1339.3,1094.3,50,PVC,571.6,5.47,39.43,40.9,5,0.52,1.47,0.0,Normal
2024-07-08,Kibugu-Nguviu,D,3064.4,1201.9,50,GI,619.8,1.95,35.16,27.13,5,2.05,-8.03,8.03,Normal
2024-07-08,Mwea Smallholder,G,2842.9,1004.9,63,PVC,704.7,4.45,42.79,41.53,4,6.45,-1.26,1.26,Normal
2024-07-08,Embu Green,G,4386.6,1056.3,40,GI,124.9,5.58,45.59,46.09,1,4.26,0.5,0.0,Normal
2024-07-08,Embu Green,A,3528.1,1089.2,75,PVC,108.2,6.35,48.2,43.06,10,6.48,-5.14,5.14,Normal
2024-07-08,Kibugu-Nguviu,D,4784.9,1223.0,40,PVC,611.2,1.85,35.55,30.32,3,7.36,-5.23,5.23,Normal
2024-07-08,Embu Green,D,3053.2,1082.5,25,PVC,353.1,4.01,45.66,39.32,3,5.32,-6.34,6.34,Normal
2024-07-09,Embu Green,B,1354.4,1291.7,50,PVC,759.2,4.63,34.65,24.89,7,4.21,-9.76,9.76,Normal
2024-07-09,Runyenjes East,B,99.3,1204.8,63,PVC,370.7,6.79,37.6,30.72,10,7.8,-6.88,6.88,Normal
2024-07-09,Mwea Smallholder,G,2648.5,1231.0,50,PVC,606.5,3.5,35.71,26.56,6,4.15,-9.15,9.15,Normal
2024-07-09,Runyenjes East,G,3235.4,1101.0,63,PVC,186.1,2.38,46.18,50.17,6,3.99,3.99,0.0,High Pressure
2024-07-09,Runyenjes East,E,1514.4,1342.1,32,PVC,217.7,6.6,36.0,33.0,10,4.22,-3.0,3.0,Normal
2024-07-09,Kibugu-Nguviu,B,4557.8,1207.6,75,PVC,242.4,5.07,35.79,34.99,5,7.31,-0.8,0.8,Normal
2024-07-09,Mwea Smallholder,G,3250.3,957.6,75,PVC,569.5,5.68,42.37,46.22,6,7.74,3.85,0.0,Normal
2024-07-10,Kibugu-Nguviu,H,3820.1,1265.0,75,PVC,450.6,3.42,38.53,33.93,11,5.17,-4.6,4.6,Normal
2024-07-10,Embu Green,C,2289.0,1304.8,40,PVC,166.0,2.52,36.64,39.85,6,4.81,3.21,0.0,Normal
2024-07-10,Embu Green,F,2493.7,1011.0,63,PVC,570.0,7.3,50.4,57.84,7,7.78,7.44,0.0,High Pressure
2024-07-10,Mwea Smallholder,B,1936.1,1002.8,50,PVC,323.2,4.7,51.61,57.18,6,0.81,5.57,0.0,High Pressure
2024-07-11,Mwea Smallholder,E,3612.1,1159.9,40,PVC,621.5,6.07,35.5,26.49,7,5.19,-9.01,9.01,Normal
2024-07-11,Embu Green,B,4723.8,1326.6,63,PVC,562.7,4.17,30.47,29.03,11,1.45,-1.44,1.44,Normal
2024-07-11,Runyenjes East,D,1037.2,1204.1,50,PVC,119.6,4.12,42.11,43.12,9,4.72,1.01,0.0,Normal
2024-07-11,Runyenjes East,E,4799.1,1173.2,90,PVC,409.8,1.11,45.6,47.19,6,1.6,1.59,0.0,Normal
2024-07-11,Mwea Smallholder,D,1470.7,1143.1,90,PVC,238.7,7.38,46.31,48.16,2,5.66,1.85,0.0,Normal
2024-07-11,Embu Green,H,538.9,1093.2,32,PVC,33.0,1.51,48.35,43.23,7,3.91,-5.12,5.12,Normal
2024-07-11,Runyenjes East,A,4891.5,1210.7,40,PVC,608.0,5.27,35.68,28.37,2,3.49,-7.31,7.31,Normal
2024-07-11,Mwea Smallholder,C,2427.8,1240.1,32,PVC,502.7,3.76,35.42,28.56,5,4.62,-6.86,6.86,Normal
2024-07-11,Embu Green,C,3145.1,1322.5,50,HDPE,339.0,5.51,33.78,39.04,3,5.12,5.26,0.0,Normal
2024-07-11,Mwea Smallholder,G,785.6,951.2,32,HDPE,220.9,6.29,53.08,58.9,9,4.81,5.82,0.0,High Pressure
2024-07-11,Runyenjes East,G,2940.5,1345.4,75,HDPE,795.8,5.7,30.18,33.16,2,5.54,2.98,0.0,Normal
2024-07-12,Embu Green,A,711.7,1347.5,75,PVC,764.3,7.59,31.15,30.14,8,1.99,-1.01,1.01,Normal
2024-07-12,Runyenjes East,F,4178.2,1174.1,63,GI,595.3,3.75,36.85,25.53,4,1.62,-11.32,11.32,Normal
2024-07-12,Runyenjes East,H,4242.7,1010.1,25,PVC,799.4,5.44,41.87,44.07,4,2.16,2.2,0.0,Normal
2024-07-12,Runyenjes East,C,3178.1,1247.4,90,PVC,267.6,7.13,39.82,42.5,2,3.96,2.68,0.0,Normal
2024-07-12,Embu Green,B,241.9,969.0,90,PVC,242.1,2.78,49.55,49.0,10,1.61,-0.55,0.55,Normal
2024-07-12,Runyenjes East,F,3649.1,1002.6,40,HDPE,303.5,2.08,46.52,41.96,11,2.22,-4.56,4.56,Normal
2024-07-12,Kibugu-Nguviu,C,1230.6,1120.0,50,HDPE,633.0,4.63,49.1,48.54,9,7.11,-0.56,0.56,Normal
2024-07-12,Embu Green,C,2454.8,1179.1,63,HDPE,206.3,4.98,40.78,42.26,6,0.95,1.48,0.0,Normal
2024-07-12,Runyenjes East,C,211.3,1219.0,32,PVC,405.5,3.38,32.03,33.45,5,3.04,1.42,0.0,Normal
2024-07-13,Kibugu-Nguviu,B,1900.2,1329.9,75,HDPE,371.6,6.98,35.84,33.35,11,5.93,-2.49,2.49,Normal
2024-07-13,Mwea Smallholder,G,1457.1,1016.9,90,HDPE,225.5,6.03,53.77,57.89,2,1.81,4.12,0.0,High Pressure
2024-07-13,Mwea Smallholder,F,2509.4,985.2,40,HDPE,316.0,5.35,49.65,46.43,3,4.01,-3.22,3.22,Normal
2024-07-13,Mwea Smallholder,F,1960.5,1135.2,63,PVC,473.3,4.77,35.42,35.83,1,1.5,0.41,0.0,Normal
2024-07-13,Runyenjes East,C,4503.5,1320.3,40,HDPE,713.1,7.93,33.44,26.47,3,1.36,-6.97,6.97,Normal
2024-07-13,Kibugu-Nguviu,F,3702.4,1228.1,50,PVC,654.5,3.94,35.14,38.83,3,3.95,3.69,0.0,Normal
2024-07-13,Kibugu-Nguviu,E,596.6,1109.3,75,PVC,500.8,6.54,48.2,44.55,6,1.0,-3.65,3.65,Normal
2024-07-13,Runyenjes East,E,918.6,997.4,40,PVC,329.1,3.22,49.41,55.18,3,1.75,5.77,0.0,High Pressure
2024-07-13,Runyenjes East,G,3141.3,1119.4,32,PVC,630.8,5.77,42.13,46.63,2,3.99,4.5,0.0,Normal
2024-07-14,Embu Green,H,3301.1,1215.3,25,HDPE,453.3,5.87,42.96,40.3,1,1.69,-2.66,2.66,Normal
2024-07-14,Runyenjes East,E,4095.8,1010.3,75,PVC,99.7,6.59,49.6,45.17,1,5.78,-4.43,4.43,Normal
2024-07-14,Mwea Smallholder,E,1407.2,1329.5,63,HDPE,36.6,4.15,38.88,39.62,1,0.5,0.74,0.0,Normal
2024-07-14,Runyenjes East,G,4449.9,1134.0,50,PVC,694.0,4.96,37.02,41.8,8,1.81,4.78,0.0,Normal
2024-07-14,Runyenjes East,E,1027.2,1059.2,50,GI,671.4,6.24,41.88,33.15,7,6.31,-8.73,8.73,Normal
2024-07-14,Kibugu-Nguviu,F,2561.8,1297.0,63,HDPE,482.1,2.44,30.55,30.4,9,2.13,-0.15,0.15,Normal
2024-07-15,Mwea Smallholder,E,629.6,1026.7,90,HDPE,464.1,4.38,43.48,39.33,2,0.91,-4.15,4.15,Normal
2024-07-15,Runyenjes East,D,2628.3,1267.5,63,HDPE,150.8,3.82,47.18,50.59,5,6.7,3.41,0.0,High Pressure
2024-07-15,Mwea Smallholder,H,1003.8,1214.9,63,GI,386.6,9.44,42.17,36.95,5,5.45,-5.22,5.22,Normal
2024-07-15,Runyenjes East,C,4689.4,1024.2,40,PVC,355.1,5.26,43.79,32.66,1,4.87,-11.13,11.13,Normal
2024-07-15,Kibugu-Nguviu,A,4317.5,1015.9,40,HDPE,476.4,5.78,40.93,39.73,5,3.61,-1.2,1.2,Normal
2024-07-15,Kibugu-Nguviu,C,2691.0,1159.2,63,PVC,275.4,5.03,43.34,44.83,7,7.38,1.49,0.0,Normal
2024-07-15,Mwea Smallholder,E,3669.3,1265.7,90,HDPE,726.6,8.21,31.0,23.86,1,5.96,-7.14,7.14,Normal
2024-07-16,Runyenjes East,G,4629.5,1221.1,50,PVC,513.1,4.88,34.74,37.91,1,3.85,3.17,0.0,Normal
2024-07-16,Runyenjes East,E,1321.0,1265.6,75,PVC,754.7,4.42,32.19,30.14,7,2.33,-2.05,2.05,Normal
2024-07-16,Embu Green,G,1520.9,1305.2,50,PVC,695.1,4.19,30.98,37.21,5,7.5,6.23,0.0,Normal
2024-07-16,Runyenjes East,D,4057.5,1178.6,50,PVC,726.8,3.57,39.94,35.3,11,4.88,-4.64,4.64,Normal
2024-07-16,Kibugu-Nguviu,D,1723.7,1235.1,32,PVC,89.0,6.4,43.79,47.71,3,3.3,3.92,0.0,Normal
2024-07-16,Runyenjes East,H,1959.0,1201.7,63,PVC,754.9,7.14,32.5,32.69,2,6.11,0.19,0.0,Normal
2024-07-16,Kibugu-Nguviu,E,222.5,1307.7,40,PVC,372.7,4.0,36.38,25.2,10,6.76,-11.18,11.18,Normal
2024-07-16,Embu Green,D,1825.0,987.5,63,PVC,120.1,4.33,52.45,52.2,4,6.81,-0.25,0.25,High Pressure
2024-07-16,Embu Green,G,1230.7,1066.4,90,PVC,377.7,5.43,40.98,45.93,2,4.12,4.95,0.0,Normal
2024-07-16,Mwea Smallholder,D,2998.6,1221.1,25,HDPE,286.0,4.09,37.14,41.03,10,7.1,3.89,0.0,Normal
2024-07-16,Kibugu-Nguviu,H,433.8,1194.0,63,PVC,362.9,5.28,37.66,30.29,3,7.73,-7.37,7.37,Normal
2024-07-16,Embu Green,D,4931.1,1310.1,25,PVC,159.5,4.83,35.98,40.58,5,1.32,4.6,0.0,Normal
2024-07-17,Runyenjes East,F,4828.5,1211.8,50,PVC,347.5,5.4,41.88,45.05,1,3.04,3.17,0.0,Normal
2024-07-17,Runyenjes East,F,1614.4,1166.3,40,HDPE,105.9,2.37,42.76,36.33,8,4.92,-6.43,6.43,Normal
2024-07-17,Embu Green,A,4631.5,979.4,50,PVC,320.4,3.18,49.13,49.81,9,5.98,0.68,0.0,Normal
2024-07-17,Embu Green,A,2800.1,1175.7,50,HDPE,118.2,5.46,45.99,46.3,7,3.61,0.31,0.0,Normal
2024-07-17,Mwea Smallholder,F,3270.8,993.2,75,PVC,52.3,2.52,47.39,42.43,3,5.84,-4.96,4.96,Normal
2024-07-17,Mwea Smallholder,E,1590.9,1058.3,75,HDPE,603.3,4.53,44.29,40.99,7,7.46,-3.3,3.3,Normal
2024-07-17,Kibugu-Nguviu,G,3404.7,1214.2,90,GI,280.5,6.03,40.61,37.82,7,7.86,-2.79,2.79,Normal
2024-07-18,Kibugu-Nguviu,B,3147.2,1090.8,63,PVC,453.5,7.4,45.52,36.29,11,4.45,-9.23,9.23,Normal
2024-07-18,Embu Green,H,1823.6,1232.7,90,PVC,162.1,6.12,39.56,31.45,2,2.79,-8.11,8.11,Normal
2024-07-18,Mwea Smallholder,D,3917.9,1262.5,32,GI,267.0,4.05,46.5,41.86,4,2.56,-4.64,4.64,Normal
2024-07-18,Runyenjes East,A,494.1,1226.2,40,PVC,720.5,6.14,36.96,37.58,8,7.23,0.62,0.0,Normal
2024-07-19,Runyenjes East,E,597.2,1191.3,75,PVC,548.8,9.26,39.25,42.76,9,5.52,3.51,0.0,Normal
2024-07-19,Runyenjes East,B,2906.2,1242.0,50,PVC,121.8,2.86,40.76,39.66,1,1.29,-1.1,1.1,Normal
2024-07-19,Mwea Smallholder,B,4017.3,950.8,63,PVC,561.0,5.28,45.11,39.69,6,6.3,-5.42,5.42,Normal
2024-07-20,Mwea Smallholder,A,3301.6,1305.0,25,PVC,541.8,6.66,30.85,31.82,1,4.49,0.97,0.0,Normal
2024-07-20,Runyenjes East,G,335.8,1348.0,63,PVC,398.9,7.92,28.36,21.0,4,1.75,-7.36,7.36,Normal
2024-07-20,Kibugu-Nguviu,A,514.3,1164.6,32,PVC,639.1,4.69,35.95,25.57,2,7.75,-10.38,10.38,Normal
2024-07-20,Embu Green,G,2605.3,1273.6,50,GI,698.1,4.54,30.14,27.33,7,5.86,-2.81,2.81,Normal
2024-07-20,Embu Green,F,318.4,1160.2,63,PVC,307.6,0.5,38.84,39.67,10,5.85,0.83,0.0,Normal
2024-07-20,Runyenjes East,G,2830.5,1324.3,50,PVC,209.9,2.97,33.5,33.04,7,4.96,-0.46,0.46,Normal
2024-07-20,Runyenjes East,E,3276.2,1223.6,63,HDPE,786.3,1.26,34.51,38.87,2,2.1,4.36,0.0,Normal
2024-07-20,Mwea Smallholder,D,4963.9,950.9,75,HDPE,56.2,5.18,51.77,55.36,2,3.79,3.59,0.0,High Pressure
2024-07-20,Embu Green,A,1446.3,1080.6,63,HDPE,586.9,5.92,42.07,45.73,11,3.41,3.66,0.0,Normal
2024-07-20,Runyenjes East,A,2502.1,1232.6,40,GI,254.0,8.4,37.92,29.86,6,2.24,-8.06,8.06,Normal
2024-07-20,Embu Green,H,3706.1,1202.8,40,PVC,203.2,8.61,35.69,34.78,11,5.45,-0.91,0.91,Normal
2024-07-21,Runyenjes East,F,686.9,1109.1,25,PVC,735.6,5.98,39.29,32.65,5,5.22,-6.64,6.64,Normal
2024-07-21,Kibugu-Nguviu,D,4408.3,963.0,90,GI,430.3,4.39,49.81,50.37,2,3.51,0.56,0.0,High Pressure
2024-07-21,Kibugu-Nguviu,B,3287.6,1079.8,50,HDPE,167.2,5.25,45.81,46.55,1,6.63,0.74,0.0,Normal
2024-07-21,Embu Green,G,4114.7,1111.9,63,PVC,474.6,3.1,34.91,32.18,3,7.52,-2.73,2.73,Normal
2024-07-21,Kibugu-Nguviu,D,4578.5,1193.7,50,GI,797.0,4.46,33.04,30.54,11,1.28,-2.5,2.5,Normal
2024-07-21,Embu Green,H,109.1,1054.5,50,GI,597.8,2.17,49.89,49.13,8,3.99,-0.76,0.76,Normal
2024-07-21,Runyenjes East,E,2163.3,1201.7,50,PVC,364.9,3.64,38.54,34.12,4,5.41,-4.42,4.42,Normal
2024-07-21,Embu Green,A,2802.4,1330.2,32,PVC,699.4,3.43,31.83,29.37,11,3.86,-2.46,2.46,Normal
2024-07-21,Runyenjes East,D,2627.0,1075.8,50,PVC,458.8,3.29,41.84,40.14,7,7.51,-1.7,1.7,Normal
2024-07-21,Mwea Smallholder,E,2198.7,1085.7,25,HDPE,735.0,6.24,39.74,34.63,10,5.13,-5.11,5.11,Normal
2024-07-21,Kibugu-Nguviu,C,4773.0,1268.9,32,HDPE,512.7,5.5,32.96,38.13,2,5.59,5.17,0.0,Normal
2024-07-21,Runyenjes East,F,1579.2,1255.6,40,PVC,414.5,5.51,36.09,30.24,10,3.15,-5.85,5.85,Normal
2024-07-22,Embu Green,F,4992.7,1075.7,50,PVC,601.9,2.87,44.81,43.94,2,7.32,-0.87,0.87,Normal
2024-07-22,Runyenjes East,F,3722.4,1165.8,63,PVC,651.9,7.32,32.23,31.46,10,2.76,-0.77,0.77,Normal
2024-07-22,Kibugu-Nguviu,G,3197.5,1216.5,90,PVC,505.0,8.54,36.73,36.54,2,2.67,-0.19,0.19,Normal
2024-07-22,Runyenjes East,E,3800.8,1342.0,40,PVC,453.9,1.06,23.42,19.98,10,2.49,-3.44,3.44,Normal
2024-07-22,Runyenjes East,F,4154.6,1061.0,32,PVC,86.7,7.02,43.44,48.11,10,4.43,4.67,0.0,Normal
2024-07-22,Embu Green,H,2622.4,1098.6,75,PVC,775.4,5.46,40.7,32.2,8,1.11,-8.5,8.5,Normal
2024-07-22,Embu Green,D,1475.8,1215.7,25,PVC,517.8,7.46,40.07,35.37,10,3.17,-4.7,4.7,Normal
2024-07-22,Runyenjes East,H,1922.9,1346.6,75,PVC,331.4,8.94,38.87,46.62,3,2.31,7.75,0.0,Normal
2024-07-22,Mwea Smallholder,F,1905.5,1325.4,32,HDPE,700.5,5.4,29.17,22.48,10,2.65,-6.69,6.69,Normal
2024-07-22,Runyenjes East,F,1699.2,1284.2,50,HDPE,608.5,3.78,27.96,34.92,6,5.68,6.96,0.0,Normal
2024-07-23,Embu Green,B,573.0,1293.7,63,GI,772.3,3.14,30.15,30.16,9,3.03,0.01,0.0,Normal
2024-07-23,Runyenjes East,B,3796.6,1208.5,40,PVC,725.6,3.61,36.87,39.88,10,5.69,3.01,0.0,Normal
2024-07-23,Runyenjes East,H,1803.4,1182.9,50,HDPE,250.6,6.52,48.93,44.72,9,0.58,-4.21,4.21,Normal
2024-07-23,Embu Green,A,1703.8,1286.9,40,PVC,284.5,2.81,35.61,35.32,1,4.88,-0.29,0.29,Normal
2024-07-24,Runyenjes East,B,2558.5,1072.6,75,PVC,729.2,5.14,44.25,40.79,6,0.64,-3.46,3.46,Normal
2024-07-24,Mwea Smallholder,B,1314.1,1259.2,50,PVC,541.2,3.42,39.3,35.26,5,5.6,-4.04,4.04,Normal
2024-07-24,Runyenjes East,F,320.0,1215.7,63,PVC,113.2,5.7,44.58,47.67,10,3.96,3.09,0.0,Normal
2024-07-24,Embu Green,D,2765.5,969.4,32,HDPE,192.9,1.7,54.38,57.95,1,1.92,3.57,0.0,High Pressure
2024-07-24,Kibugu-Nguviu,C,1278.8,987.6,63,PVC,568.4,3.13,46.96,43.24,11,4.27,-3.72,3.72,Normal
2024-07-24,Kibugu-Nguviu,F,4176.9,965.3,50,PVC,56.4,4.54,52.63,57.86,5,4.88,5.23,0.0,High Pressure
2024-07-24,Kibugu-Nguviu,E,1095.8,1139.6,40,PVC,391.8,5.46,40.17,31.36,2,3.96,-8.81,8.81,Normal
2024-07-24,Kibugu-Nguviu,C,324.5,1162.2,40,PVC,79.5,7.6,44.71,46.26,8,2.71,1.55,0.0,Normal
2024-07-24,Mwea Smallholder,D,4255.7,1228.9,63,GI,773.8,6.77,32.55,34.23,11,4.79,1.68,0.0,Normal
2024-07-24,Embu Green,E,493.8,1168.6,40,PVC,426.9,6.68,36.91,40.03,3,1.79,3.12,0.0,Normal
2024-07-24,Embu Green,C,4158.1,1150.1,75,GI,175.7,6.06,45.13,52.54,7,4.33,7.41,0.0,High Pressure
2024-07-24,Embu Green,C,2125.4,1295.4,90,PVC,182.9,1.56,38.5,36.64,2,3.64,-1.86,1.86,Normal
2024-07-25,Runyenjes East,C,2288.6,1044.2,90,HDPE,218.2,5.41,48.29,49.11,7,2.91,0.82,0.0,Normal
2024-07-25,Embu Green,C,3680.2,1206.1,63,PVC,686.3,4.6,37.37,33.21,3,5.31,-4.16,4.16,Normal
2024-07-25,Mwea Smallholder,F,1629.4,1002.1,50,PVC,83.0,3.46,50.89,52.22,2,1.82,1.33,0.0,High Pressure
2024-07-25,Kibugu-Nguviu,F,2305.6,960.1,40,PVC,759.2,5.78,46.91,53.21,4,1.46,6.3,0.0,High Pressure
2024-07-25,Embu Green,B,290.5,997.3,90,HDPE,160.6,6.61,48.6,36.63,9,3.96,-11.97,11.97,Normal
2024-07-25,Embu Green,G,2489.9,1278.8,63,GI,140.7,7.5,42.53,47.93,11,5.37,5.4,0.0,Normal
2024-07-25,Embu Green,B,4859.8,1099.7,90,GI,718.0,2.12,44.98,45.73,7,5.84,0.75,0.0,Normal
2024-07-26,Kibugu-Nguviu,B,4999.8,1098.6,90,PVC,63.7,4.59,50.27,51.69,11,7.65,1.42,0.0,High Pressure
2024-07-26,Runyenjes East,B,2485.2,1309.4,63,PVC,542.3,3.57,34.75,33.53,3,0.84,-1.22,1.22,Normal
2024-07-26,Mwea Smallholder,G,2367.9,1089.6,63,PVC,749.7,0.5,41.44,34.48,10,6.78,-6.96,6.96,Normal
2024-07-26,Kibugu-Nguviu,G,2667.8,1023.1,50,HDPE,343.8,4.1,46.36,49.74,5,1.36,3.38,0.0,Normal
2024-07-26,Embu Green,A,2137.6,1191.8,40,PVC,453.9,7.23,34.01,31.44,3,7.64,-2.57,2.57,Normal
2024-07-26,Kibugu-Nguviu,F,1610.4,1150.9,75,HDPE,582.9,5.55,37.76,36.48,3,1.46,-1.28,1.28,Normal
2024-07-26,Mwea Smallholder,D,1797.0,1013.9,40,PVC,404.4,5.45,47.67,47.54,5,0.98,-0.13,0.13,Normal
2024-07-26,Embu Green,E,1871.4,1323.0,25,PVC,622.8,4.08,31.45,23.12,1,4.41,-8.33,8.33,Normal
2024-07-27,Runyenjes East,B,4035.2,1131.0,40,HDPE,229.7,6.83,42.88,40.72,8,4.94,-2.16,2.16,Normal
2024-07-27,Embu Green,D,768.8,958.7,50,PVC,68.1,8.05,55.32,51.98,4,7.21,-3.34,3.34,High Pressure
2024-07-27,Runyenjes East,E,1367.3,977.9,75,PVC,657.7,5.09,46.97,41.51,5,5.05,-5.46,5.46,Normal
2024-07-27,Runyenjes East,E,601.6,1070.7,25,PVC,495.3,5.99,41.64,42.18,7,0.58,0.54,0.0,Normal
2024-07-27,Runyenjes East,B,3902.1,1119.7,50,PVC,562.8,7.43,37.25,31.89,3,4.45,-5.36,5.36,Normal
2024-07-27,Mwea Smallholder,D,4502.7,1278.2,63,PVC,364.2,5.82,34.37,36.06,7,2.84,1.69,0.0,Normal
2024-07-28,Kibugu-Nguviu,C,534.2,1131.2,63,PVC,700.2,5.6,37.45,47.95,1,7.61,10.5,0.0,Normal
2024-07-28,Runyenjes East,A,3983.2,1023.8,40,HDPE,384.1,7.49,49.65,46.87,11,2.82,-2.78,2.78,Normal
2024-07-28,Mwea Smallholder,D,4413.7,1195.7,50,PVC,630.5,2.31,38.18,38.41,9,1.25,0.23,0.0,Normal
2024-07-28,Mwea Smallholder,A,4662.2,1006.2,75,HDPE,509.0,7.73,45.43,48.57,11,4.21,3.14,0.0,Normal
2024-07-28,Kibugu-Nguviu,D,407.4,1164.8,50,GI,391.9,4.19,43.07,27.31,10,0.54,-15.76,15.76,Normal
2024-07-28,Embu Green,B,4970.5,1257.1,40,PVC,66.3,2.03,33.37,33.11,11,4.79,-0.26,0.26,Normal
2024-07-29,Kibugu-Nguviu,A,1126.5,1023.4,40,PVC,85.9,6.69,45.15,43.7,4,4.39,-1.45,1.45,Normal
2024-07-29,Embu Green,G,135.3,1048.0,40,HDPE,575.4,4.17,45.6,46.12,7,6.08,0.52,0.0,Normal
2024-07-29,Kibugu-Nguviu,D,4974.9,1225.4,63,PVC,729.6,5.01,30.87,31.04,5,7.83,0.17,0.0,Normal
2024-07-29,Embu Green,D,653.2,1180.6,75,PVC,744.3,7.02,36.46,42.9,11,4.97,6.44,0.0,Normal
2024-07-29,Embu Green,F,3329.7,1200.5,63,PVC,736.1,4.53,35.74,33.93,11,5.75,-1.81,1.81,Normal
2024-07-29,Kibugu-Nguviu,B,828.1,1179.7,90,HDPE,694.4,6.43,38.78,40.31,1,4.41,1.53,0.0,Normal
2024-07-29,Runyenjes East,B,686.0,1127.6,63,GI,767.3,3.78,40.5,38.78,4,7.85,-1.72,1.72,Normal
2024-07-29,Kibugu-Nguviu,C,2834.2,1085.1,90,PVC,745.7,1.96,43.66,34.99,6,5.41,-8.67,8.67,Normal
2024-07-29,Runyenjes East,G,828.5,1015.9,63,HDPE,716.6,4.89,45.88,55.15,9,3.21,9.27,0.0,High Pressure
2024-07-29,Kibugu-Nguviu,C,1534.7,1024.8,50,PVC,696.7,0.68,37.48,35.53,8,5.89,-1.95,1.95,Normal
2024-07-29,Embu Green,F,1380.3,1227.1,25,PVC,476.8,5.58,33.98,25.09,5,2.24,-8.89,8.89,Normal
2024-07-30,Mwea Smallholder,B,723.8,1070.9,50,GI,287.0,5.21,47.2,45.97,11,2.36,-1.23,1.23,Normal
2024-07-30,Embu Green,G,3682.2,1069.6,75,PVC,55.7,4.43,54.47,51.49,5,2.6,-2.98,2.98,High Pressure
2024-07-30,Runyenjes East,H,2762.1,1140.4,75,HDPE,310.6,7.04,41.05,40.18,4,5.51,-0.87,0.87,Normal
2024-07-30,Mwea Smallholder,C,2439.8,1180.1,75,PVC,242.2,3.64,38.98,46.42,9,3.37,7.44,0.0,Normal
2024-07-30,Kibugu-Nguviu,C,2782.6,1165.6,50,HDPE,610.0,5.56,39.36,35.01,2,3.02,-4.35,4.35,Normal
2024-07-31,Kibugu-Nguviu,H,2107.5,1214.2,50,HDPE,504.4,4.92,35.0,37.86,2,5.05,2.86,0.0,Normal
2024-07-31,Runyenjes East,G,4118.5,1038.8,50,PVC,754.3,7.19,38.58,36.96,4,2.14,-1.62,1.62,Normal
2024-07-31,Runyenjes East,G,3770.3,1249.9,75,PVC,753.9,2.98,34.87,28.58,1,0.66,-6.29,6.29,Normal
2024-07-31,Runyenjes East,D,4012.1,1229.5,32,PVC,706.2,4.68,34.52,26.15,10,1.2,-8.37,8.37,Normal
2024-07-31,Embu Green,H,3790.9,1306.4,63,PVC,582.3,2.67,26.89,28.69,3,1.96,1.8,0.0,Normal
2024-07-31,Kibugu-Nguviu,F,4439.7,1226.9,50,PVC,635.1,7.86,32.47,36.04,5,6.81,3.57,0.0,Normal
2024-07-31,Kibugu-Nguviu,D,1942.6,1250.1,75,GI,269.3,3.85,37.59,41.09,9,1.28,3.5,0.0,Normal
2024-07-31,Mwea Smallholder,C,76.2,954.8,63,HDPE,754.3,8.77,47.09,48.34,2,7.82,1.25,0.0,Normal
2024-07-31,Runyenjes East,H,4256.9,1285.0,50,PVC,60.6,4.78,44.08,46.9,11,4.79,2.82,0.0,Normal
2024-08-01,Runyenjes East,G,1455.6,1206.8,32,PVC,202.5,3.07,46.01,48.28,6,4.46,2.27,0.0,Normal
2024-08-01,Mwea Smallholder,A,1002.6,960.4,90,PVC,310.3,3.94,47.97,44.78,5,1.93,-3.19,3.19,Normal
2024-08-01,Runyenjes East,F,4788.1,1316.4,75,HDPE,92.7,5.91,36.97,36.91,2,3.77,-0.06,0.06,Normal
2024-08-01,Kibugu-Nguviu,D,2616.5,1074.4,50,HDPE,75.9,4.39,52.81,42.19,11,4.14,-10.62,10.62,Normal
2024-08-01,Embu Green,H,4931.8,1154.6,50,HDPE,133.5,5.41,45.65,45.47,11,2.25,-0.18,0.18,Normal
2024-08-02,Mwea Smallholder,H,4148.9,1080.3,63,HDPE,771.5,1.07,43.23,40.0,3,6.67,-3.23,3.23,Normal
2024-08-02,Runyenjes East,F,1728.8,1145.7,75,HDPE,666.9,4.24,37.0,36.63,7,3.09,-0.37,0.37,Normal
2024-08-02,Embu Green,E,1048.8,1132.2,50,PVC,604.6,6.94,41.62,38.83,1,0.91,-2.79,2.79,Normal
2024-08-02,Kibugu-Nguviu,H,3264.4,1062.1,32,PVC,596.7,6.94,41.22,38.55,6,3.1,-2.67,2.67,Normal
2024-08-02,Kibugu-Nguviu,E,4943.5,1148.3,40,GI,745.9,6.38,41.95,32.05,7,5.47,-9.9,9.9,Normal
2024-08-02,Embu Green,H,1615.9,1135.4,50,PVC,287.3,6.11,36.85,38.58,3,1.41,1.73,0.0,Normal
2024-08-02,Mwea Smallholder,A,1548.9,991.2,32,PVC,665.7,7.56,43.09,42.67,2,6.36,-0.42,0.42,Normal
2024-08-02,Embu Green,H,540.6,972.4,75,PVC,495.0,4.45,50.83,46.41,10,7.71,-4.42,4.42,Normal
2024-08-02,Mwea Smallholder,F,4557.1,1208.5,75,HDPE,410.4,7.98,38.7,37.66,9,7.98,-1.04,1.04,Normal
2024-08-03,Embu Green,B,3759.1,987.8,50,HDPE,718.6,8.55,45.3,51.06,1,5.62,5.76,0.0,High Pressure
2024-08-03,Runyenjes East,B,693.7,1126.4,50,PVC,142.8,4.73,45.94,44.91,2,0.66,-1.03,1.03,Normal
2024-08-03,Runyenjes East,D,3736.1,1202.3,50,HDPE,576.1,4.62,38.98,40.36,4,1.22,1.38,0.0,Normal
2024-08-03,Runyenjes East,G,2236.7,1257.2,75,PVC,216.6,5.52,38.17,35.66,4,5.85,-2.51,2.51,Normal
2024-08-03,Kibugu-Nguviu,G,654.5,1263.9,25,HDPE,161.4,5.32,38.47,40.85,8,1.04,2.38,0.0,Normal
2024-08-03,Kibugu-Nguviu,E,2154.3,1309.7,75,PVC,247.0,7.25,34.65,30.0,7,6.91,-4.65,4.65,Normal
2024-08-04,Mwea Smallholder,H,3956.8,1199.6,40,PVC,639.4,4.36,33.9,30.98,1,0.75,-2.92,2.92,Normal
2024-08-04,Kibugu-Nguviu,F,2422.1,967.7,90,PVC,239.5,5.86,49.98,40.42,8,6.56,-9.56,9.56,Normal
2024-08-04,Mwea Smallholder,C,2712.8,1065.9,63,PVC,40.4,4.33,49.05,46.11,9,7.68,-2.94,2.94,Normal
2024-08-04,Mwea Smallholder,G,1143.3,1235.9,63,HDPE,32.7,4.76,40.73,43.03,5,1.28,2.3,0.0,Normal
2024-08-04,Runyenjes East,A,2384.0,1093.4,90,PVC,188.3,6.11,48.63,48.14,1,1.1,-0.49,0.49,Normal
2024-08-04,Mwea Smallholder,C,4013.2,1201.5,50,PVC,667.9,5.1,32.48,32.26,1,3.07,-0.22,0.22,Normal
2024-08-04,Runyenjes East,E,3485.4,1185.6,75,PVC,361.0,4.12,37.36,34.66,3,5.2,-2.7,2.7,Normal
2024-08-05,Mwea Smallholder,A,4113.9,1157.5,75,PVC,647.5,4.67,37.2,40.9,9,5.0,3.7,0.0,Normal
2024-08-05,Embu Green,G,3270.0,1315.2,40,PVC,537.1,5.17,32.34,32.15,10,4.17,-0.19,0.19,Normal
2024-08-05,Kibugu-Nguviu,B,4294.0,1262.6,50,HDPE,179.5,10.21,38.08,35.63,3,4.75,-2.45,2.45,Normal
2024-08-05,Kibugu-Nguviu,D,2952.1,1311.3,75,HDPE,343.8,1.43,33.89,35.96,1,4.41,2.07,0.0,Normal
2024-08-05,Runyenjes East,H,4218.1,989.5,63,HDPE,230.7,4.83,49.31,34.28,6,7.1,-15.03,15.03,Normal
2024-08-05,Kibugu-Nguviu,C,2747.0,1122.3,40,PVC,478.4,4.42,40.72,42.11,8,4.21,1.39,0.0,Normal
2024-08-05,Kibugu-Nguviu,B,4492.7,1067.7,90,PVC,444.9,3.2,45.8,50.61,11,4.57,4.81,0.0,High Pressure
2024-08-05,Embu Green,C,445.8,1069.9,40,PVC,591.3,3.72,45.68,47.7,6,2.45,2.02,0.0,Normal
2024-08-06,Mwea Smallholder,G,4768.4,1107.7,25,PVC,403.6,6.09,43.76,32.97,8,2.0,-10.79,10.79,Normal
2024-08-06,Mwea Smallholder,F,209.0,1216.5,50,PVC,735.3,4.61,35.13,26.3,9,1.67,-8.83,8.83,Normal
2024-08-06,Kibugu-Nguviu,G,1342.9,1179.0,63,GI,137.8,4.64,43.23,41.3,2,1.95,-1.93,1.93,Normal
2024-08-06,Runyenjes East,E,4376.9,1203.9,50,PVC,186.0,4.54,47.29,53.02,11,3.22,5.73,0.0,High Pressure
2024-08-06,Runyenjes East,D,4707.7,1140.9,40,HDPE,647.4,4.8,37.54,25.82,11,7.11,-11.72,11.72,Normal
2024-08-06,Mwea Smallholder,E,3374.4,1172.4,50,PVC,36.5,2.66,42.28,46.34,10,3.62,4.06,0.0,Normal
2024-08-06,Kibugu-Nguviu,B,832.1,1052.4,40,HDPE,689.7,4.5,43.34,37.2,6,1.65,-6.14,6.14,Normal
2024-08-07,Mwea Smallholder,B,1708.2,1101.0,63,GI,323.9,0.89,45.74,42.33,3,2.07,-3.41,3.41,Normal
2024-08-07,Kibugu-Nguviu,F,1550.1,1143.2,40,PVC,127.1,3.21,44.19,42.41,4,5.12,-1.78,1.78,Normal
2024-08-07,Mwea Smallholder,B,4480.0,1143.9,32,GI,70.1,8.24,43.57,37.95,6,3.4,-5.62,5.62,Normal
2024-08-07,Mwea Smallholder,C,2370.0,1348.0,50,PVC,269.4,4.89,31.16,29.77,5,0.91,-1.39,1.39,Normal
2024-08-07,Embu Green,B,3245.1,1339.3,32,HDPE,196.1,0.5,32.28,35.24,11,3.36,2.96,0.0,Normal
2024-08-07,Kibugu-Nguviu,E,2555.3,1110.4,63,PVC,163.2,8.73,46.63,44.91,7,6.54,-1.72,1.72,Normal
2024-08-07,Kibugu-Nguviu,D,1562.7,1292.0,40,GI,458.6,6.91,33.72,29.86,10,5.6,-3.86,3.86,Normal
2024-08-07,Runyenjes East,D,1932.9,1134.1,50,HDPE,380.4,6.74,41.96,46.58,10,6.48,4.62,0.0,Normal
2024-08-08,Mwea Smallholder,F,760.1,1131.5,40,HDPE,95.8,4.21,50.34,39.5,4,2.01,-10.84,10.84,Normal
2024-08-08,Runyenjes East,A,342.4,1192.8,63,HDPE,444.3,5.19,37.89,34.68,3,7.06,-3.21,3.21,Normal
2024-08-08,Runyenjes East,B,3078.5,1224.9,90,GI,630.9,5.76,28.08,21.62,9,0.93,-6.46,6.46,Normal
2024-08-08,Kibugu-Nguviu,G,899.0,1271.4,25,PVC,400.9,4.73,38.1,38.93,3,0.77,0.83,0.0,Normal
2024-08-08,Runyenjes East,F,4791.8,1049.2,50,HDPE,98.0,5.92,51.12,51.82,11,3.98,0.7,0.0,High Pressure
2024-08-08,Runyenjes East,A,223.8,1035.0,50,PVC,149.6,7.68,48.13,53.64,7,3.23,5.51,0.0,High Pressure
2024-08-08,Runyenjes East,F,3981.6,987.1,40,PVC,390.2,4.45,45.09,42.06,7,2.65,-3.03,3.03,Normal
2024-08-08,Kibugu-Nguviu,H,4588.8,1260.6,63,PVC,560.2,3.94,29.03,23.32,7,1.05,-5.71,5.71,Normal
2024-08-08,Runyenjes East,D,3664.7,1313.7,63,PVC,558.9,1.16,33.43,29.94,4,6.63,-3.49,3.49,Normal
2024-08-08,Mwea Smallholder,B,4527.2,1152.3,63,PVC,306.2,3.38,43.38,43.96,2,7.64,0.58,0.0,Normal
2024-08-08,Embu Green,E,91.3,1256.6,63,GI,213.1,4.87,43.2,41.71,1,3.26,-1.49,1.49,Normal
2024-08-09,Kibugu-Nguviu,G,1298.7,951.9,50,HDPE,97.8,9.54,53.98,53.46,9,1.33,-0.52,0.52,High Pressure
2024-08-09,Embu Green,F,1905.2,1287.1,50,HDPE,568.2,7.43,36.89,35.96,3,2.05,-0.93,0.93,Normal
2024-08-09,Kibugu-Nguviu,B,2041.7,1104.8,40,HDPE,281.8,6.13,44.32,48.99,6,7.17,4.67,0.0,Normal
2024-08-09,Kibugu-Nguviu,C,4091.0,992.7,63,HDPE,625.1,2.26,48.65,46.74,2,7.85,-1.91,1.91,Normal
2024-08-09,Embu Green,E,4937.3,999.5,63,PVC,93.4,1.15,46.42,44.6,9,3.85,-1.82,1.82,Normal
2024-08-09,Runyenjes East,F,2172.5,1205.1,32,PVC,138.4,3.87,43.6,38.75,3,4.9,-4.85,4.85,Normal
2024-08-09,Runyenjes East,E,3216.4,1283.2,50,HDPE,270.4,3.97,36.87,38.01,6,2.86,1.14,0.0,Normal
2024-08-09,Mwea Smallholder,D,1184.2,1313.3,40,GI,561.8,5.79,28.12,32.91,7,4.51,4.79,0.0,Normal
2024-08-10,Runyenjes East,E,2884.4,1303.2,75,PVC,657.6,4.71,33.33,38.84,5,0.85,5.51,0.0,Normal
2024-08-10,Kibugu-Nguviu,D,4774.2,1208.6,63,PVC,303.9,5.77,37.47,37.71,11,6.29,0.24,0.0,Normal
2024-08-10,Runyenjes East,F,983.1,1046.5,40,PVC,741.1,2.36,41.06,41.75,4,7.09,0.69,0.0,Normal
2024-08-10,Kibugu-Nguviu,G,433.5,955.7,40,GI,373.2,5.44,51.07,58.45,11,7.02,7.38,0.0,High Pressure
2024-08-10,Mwea Smallholder,D,4902.1,1230.2,40,PVC,480.5,4.53,32.49,30.03,4,6.21,-2.46,2.46,Normal
2024-08-10,Kibugu-Nguviu,E,3085.2,1135.6,63,PVC,81.1,4.18,49.22,46.68,6,4.27,-2.54,2.54,Normal
2024-08-10,Kibugu-Nguviu,A,4689.1,1198.0,25,PVC,624.1,2.28,39.76,34.64,9,5.57,-5.12,5.12,Normal
2024-08-10,Runyenjes East,A,3870.8,1060.6,90,PVC,67.8,3.38,48.95,47.76,4,4.24,-1.19,1.19,Normal
2024-08-10,Kibugu-Nguviu,G,3603.9,1246.5,90,PVC,327.8,4.63,38.2,28.69,1,1.46,-9.51,9.51,Normal
2024-08-10,Runyenjes East,E,4766.5,1196.4,75,HDPE,697.7,3.37,34.69,30.66,4,0.5,-4.03,4.03,Normal
2024-08-10,Runyenjes East,F,3499.1,1024.8,75,PVC,625.9,6.8,45.97,48.79,8,0.82,2.82,0.0,Normal
2024-08-10,Kibugu-Nguviu,A,4453.1,1229.5,50,GI,653.7,6.64,32.35,30.2,8,1.34,-2.15,2.15,Normal
2024-08-11,Mwea Smallholder,F,1043.4,1224.9,50,PVC,676.4,1.39,30.62,24.86,4,3.45,-5.76,5.76,Normal
2024-08-11,Mwea Smallholder,B,2704.7,1057.2,25,PVC,748.2,6.69,36.06,38.58,4,2.28,2.52,0.0,Normal
2024-08-11,Kibugu-Nguviu,H,1531.7,1291.1,63,PVC,487.5,3.87,32.22,24.76,3,7.38,-7.46,7.46,Normal
2024-08-11,Embu Green,C,4367.9,1004.3,25,HDPE,769.6,5.95,46.37,46.76,8,3.17,0.39,0.0,Normal
2024-08-11,Runyenjes East,G,119.4,1163.8,75,GI,461.8,5.49,37.02,37.49,10,3.2,0.47,0.0,Normal
2024-08-11,Kibugu-Nguviu,F,566.3,1138.4,40,PVC,478.5,0.94,44.48,39.47,4,7.53,-5.01,5.01,Normal
2024-08-11,Embu Green,G,4381.7,1050.5,63,HDPE,648.2,0.5,40.05,35.86,11,7.89,-4.19,4.19,Normal
2024-08-12,Runyenjes East,G,3284.7,1021.3,63,HDPE,133.2,6.95,48.94,45.64,3,3.09,-3.3,3.3,Normal
2024-08-12,Runyenjes East,F,1905.1,965.5,90,PVC,271.5,2.75,46.83,45.94,1,6.46,-0.89,0.89,Normal
2024-08-12,Runyenjes East,D,6.6,1226.9,40,PVC,72.7,5.67,41.94,47.2,5,6.4,5.26,0.0,Normal
2024-08-12,Runyenjes East,F,1550.3,978.5,90,PVC,223.2,2.56,48.97,50.8,4,5.29,1.83,0.0,High Pressure
2024-08-12,Embu Green,B,384.9,981.0,75,PVC,195.7,7.59,57.07,60.03,4,4.1,2.96,0.0,High Pressure
2024-08-12,Runyenjes East,A,48.9,1288.1,90,PVC,452.6,3.48,35.98,32.69,1,4.66,-3.29,3.29,Normal
2024-08-12,Runyenjes East,H,3183.6,1249.8,32,PVC,124.8,2.45,38.59,45.61,3,7.63,7.02,0.0,Normal
2024-08-12,Runyenjes East,D,1226.1,1104.7,25,HDPE,234.6,2.7,47.21,46.05,10,7.54,-1.16,1.16,Normal
2024-08-13,Runyenjes East,C,985.3,1155.4,40,PVC,591.6,4.99,37.88,39.98,10,6.72,2.1,0.0,Normal
2024-08-13,Embu Green,D,1568.9,1063.6,40,HDPE,693.3,5.93,43.41,35.48,5,5.72,-7.93,7.93,Normal
2024-08-13,Mwea Smallholder,H,1512.1,1228.5,50,PVC,131.3,2.13,35.51,44.1,7,6.44,8.59,0.0,Normal
2024-08-14,Mwea Smallholder,C,140.2,1243.3,63,PVC,418.6,4.73,35.83,38.02,8,5.79,2.19,0.0,Normal
2024-08-14,Runyenjes East,C,6.0,1300.9,32,PVC,359.3,7.64,38.18,41.03,8,2.05,2.85,0.0,Normal
2024-08-14,Mwea Smallholder,A,1560.1,1314.6,32,PVC,169.9,4.5,35.31,38.49,3,6.93,3.18,0.0,Normal
2024-08-14,Runyenjes East,H,3125.0,1237.2,40,PVC,372.1,3.19,41.29,39.29,11,0.61,-2.0,2.0,Normal
2024-08-14,Runyenjes East,C,4854.8,1019.1,63,HDPE,659.4,5.52,43.44,48.41,3,6.14,4.97,0.0,Normal
2024-08-15,Runyenjes East,B,3656.9,993.4,50,PVC,717.4,12.0,41.59,34.5,11,4.35,-7.09,7.09,Normal
2024-08-15,Kibugu-Nguviu,C,2228.3,978.4,90,PVC,736.5,7.79,47.4,47.95,11,7.26,0.55,0.0,Normal
2024-08-15,Runyenjes East,B,4089.8,1298.9,63,HDPE,675.8,2.95,32.41,20.89,9,0.85,-11.52,11.52,Normal
2024-08-15,Mwea Smallholder,A,1896.5,1316.1,32,PVC,629.1,4.74,26.56,27.95,7,6.98,1.39,0.0,Normal
2024-08-15,Embu Green,F,4646.6,1220.4,50,HDPE,750.9,7.07,34.72,33.91,11,5.82,-0.81,0.81,Normal
2024-08-15,Embu Green,G,1895.9,1165.9,75,PVC,619.7,2.23,40.43,38.91,2,5.97,-1.52,1.52,Normal
2024-08-15,Runyenjes East,H,2921.3,1124.7,32,HDPE,670.3,5.24,35.64,35.31,2,6.95,-0.33,0.33,Normal
2024-08-15,Embu Green,H,842.4,1052.6,25,PVC,555.3,3.57,45.91,50.92,5,1.42,5.01,0.0,High Pressure
2024-08-15,Kibugu-Nguviu,B,452.3,1280.4,90,PVC,225.6,3.68,41.94,42.23,10,2.84,0.29,0.0,Normal
2024-08-15,Kibugu-Nguviu,B,3140.9,1200.9,40,HDPE,579.7,4.29,33.68,33.71,2,4.92,0.03,0.0,Normal
2024-08-15,Runyenjes East,E,2589.0,1097.2,25,GI,44.6,3.74,50.31,53.82,5,0.5,3.51,0.0,High Pressure
2024-08-16,Mwea Smallholder,D,203.4,1203.7,63,GI,788.9,5.03,28.99,28.13,6,2.47,-0.86,0.86,Normal
2024-08-16,Embu Green,F,3639.9,1261.1,32,HDPE,767.3,0.5,30.74,29.96,8,6.67,-0.78,0.78,Normal
2024-08-16,Kibugu-Nguviu,F,1135.6,1249.4,75,PVC,538.3,5.31,33.69,35.73,4,1.17,2.04,0.0,Normal
2024-08-16,Runyenjes East,F,322.9,1272.3,63,GI,248.9,5.87,36.41,36.21,5,7.84,-0.2,0.2,Normal
2024-08-16,Kibugu-Nguviu,G,2131.3,1228.8,90,HDPE,291.4,4.25,40.42,40.24,6,3.28,-0.18,0.18,Normal
2024-08-17,Embu Green,G,4165.7,970.4,90,PVC,599.4,6.25,42.06,43.67,9,5.3,1.61,0.0,Normal
2024-08-17,Runyenjes East,H,2827.0,1124.3,63,HDPE,41.4,4.77,48.34,50.38,5,2.35,2.04,0.0,High Pressure
2024-08-17,Kibugu-Nguviu,H,4528.7,1148.3,32,PVC,297.4,3.85,42.49,33.41,1,0.92,-9.08,9.08,Normal
2024-08-17,Runyenjes East,F,3537.2,1135.4,50,HDPE,544.3,7.59,41.02,38.17,7,2.75,-2.85,2.85,Normal
2024-08-17,Kibugu-Nguviu,B,4236.2,1233.2,40,HDPE,377.2,5.25,35.77,29.32,8,5.55,-6.45,6.45,Normal
2024-08-17,Runyenjes East,G,2837.2,1298.0,40,HDPE,439.1,7.1,34.1,34.86,7,5.07,0.76,0.0,Normal
2024-08-17,Kibugu-Nguviu,A,4496.2,1061.7,40,PVC,432.0,6.63,43.5,36.99,3,6.48,-6.51,6.51,Normal
2024-08-18,Mwea Smallholder,H,2852.3,1141.3,75,PVC,35.9,4.95,47.96,52.65,6,5.32,4.69,0.0,High Pressure
2024-08-18,Embu Green,C,3588.1,1076.3,50,GI,377.3,3.15,44.92,48.04,10,4.04,3.12,0.0,Normal
2024-08-18,Mwea Smallholder,G,1319.6,1174.2,75,PVC,507.9,2.62,39.05,34.4,6,4.3,-4.65,4.65,Normal
2024-08-18,Mwea Smallholder,G,1307.8,964.2,32,PVC,431.2,3.27,48.58,42.43,1,4.61,-6.15,6.15,Normal
2024-08-18,Embu Green,A,4843.1,1002.7,25,PVC,789.0,6.76,46.26,45.96,2,3.98,-0.3,0.3,Normal
2024-08-18,Kibugu-Nguviu,F,2088.2,980.8,90,HDPE,554.0,5.5,48.93,55.47,2,4.5,6.54,0.0,High Pressure
2024-08-18,Mwea Smallholder,G,4837.9,1174.7,90,PVC,75.0,0.5,44.89,45.82,3,7.22,0.93,0.0,Normal
2024-08-19,Kibugu-Nguviu,G,1510.7,957.0,63,HDPE,55.4,4.07,56.24,56.77,2,1.74,0.53,0.0,High Pressure
2024-08-19,Kibugu-Nguviu,A,2698.5,1112.0,63,HDPE,149.6,5.76,48.14,44.1,7,4.95,-4.04,4.04,Normal
2024-08-19,Embu Green,B,742.5,1209.8,40,PVC,619.2,1.77,33.48,37.11,8,1.84,3.63,0.0,Normal
2024-08-19,Runyenjes East,B,4075.0,1014.4,63,HDPE,602.5,6.25,41.55,47.99,5,6.77,6.44,0.0,Normal
2024-08-19,Kibugu-Nguviu,A,1281.8,1247.1,90,PVC,303.3,3.62,38.3,42.55,2,2.61,4.25,0.0,Normal
2024-08-19,Embu Green,E,914.2,974.4,25,HDPE,403.6,3.15,47.09,51.59,9,3.88,4.5,0.0,High Pressure
2024-08-19,Runyenjes East,G,4541.3,1114.4,40,HDPE,256.8,0.5,44.04,39.23,2,0.78,-4.81,4.81,Normal
2024-08-20,Mwea Smallholder,E,2852.2,1226.0,40,HDPE,746.2,3.13,32.97,33.77,1,3.58,0.8,0.0,Normal
2024-08-20,Runyenjes East,C,4808.8,1288.7,75,PVC,794.4,5.08,30.25,28.7,1,7.08,-1.55,1.55,Normal
2024-08-20,Runyenjes East,G,1654.2,951.0,25,HDPE,379.9,4.11,54.31,56.05,6,1.86,1.74,0.0,High Pressure
2024-08-20,Embu Green,D,3259.0,1041.1,40,PVC,596.5,0.5,42.08,46.15,7,7.14,4.07,0.0,Normal
2024-08-20,Embu Green,H,183.3,1174.6,50,HDPE,446.8,7.22,40.18,44.78,9,5.28,4.6,0.0,Normal
2024-08-20,Mwea Smallholder,H,4063.7,1279.1,63,PVC,158.1,7.99,41.49,38.48,10,2.01,-3.01,3.01,Normal
2024-08-20,Mwea Smallholder,B,3332.2,1009.4,63,PVC,213.3,3.48,53.92,50.35,5,2.81,-3.57,3.57,High Pressure
2024-08-20,Runyenjes East,H,4064.8,1271.3,90,PVC,458.8,4.1,33.94,26.38,4,7.94,-7.56,7.56,Normal
2024-08-20,Runyenjes East,E,2243.2,1281.8,25,PVC,225.4,5.73,39.91,41.29,1,5.46,1.38,0.0,Normal
2024-08-20,Kibugu-Nguviu,G,1844.3,1173.8,40,PVC,206.7,7.17,41.45,46.99,9,7.79,5.54,0.0,Normal
2024-08-20,Runyenjes East,B,2999.7,1271.2,90,PVC,548.5,3.35,34.81,40.52,8,3.2,5.71,0.0,Normal
2024-08-20,Runyenjes East,A,715.9,1348.0,50,PVC,431.0,4.9,33.55,29.83,2,3.4,-3.72,3.72,Normal
2024-08-20,Kibugu-Nguviu,A,4344.1,1275.8,32,PVC,653.8,7.9,32.35,16.21,8,7.27,-16.14,16.14,Normal
2024-08-21,Mwea Smallholder,E,834.4,1100.0,40,PVC,654.1,3.78,37.74,37.14,7,5.34,-0.6,0.6,Normal
2024-08-21,Runyenjes East,D,3581.5,979.0,63,PVC,598.4,4.38,46.58,47.92,1,2.36,1.34,0.0,Normal
2024-08-21,Runyenjes East,D,3091.4,1167.6,63,HDPE,124.5,2.24,47.15,48.35,7,2.07,1.2,0.0,Normal
2024-08-21,Embu Green,G,2031.3,1185.6,63,PVC,740.3,3.58,36.82,41.87,2,1.94,5.05,0.0,Normal
2024-08-22,Runyenjes East,B,2732.1,1188.7,40,PVC,65.5,6.08,36.81,41.85,9,6.5,5.04,0.0,Normal
2024-08-22,Kibugu-Nguviu,F,3701.1,1092.6,75,PVC,643.1,5.98,40.22,31.5,4,2.05,-8.72,8.72,Normal
2024-08-22,Embu Green,E,504.2,1101.3,40,PVC,737.8,6.78,36.79,37.8,4,4.11,1.01,0.0,Normal
2024-08-22,Embu Green,G,2256.1,1221.1,75,PVC,394.7,3.24,42.4,55.87,2,5.08,13.47,0.0,High Pressure
2024-08-22,Runyenjes East,C,1426.0,1266.0,40,PVC,134.7,5.41,43.57,35.02,5,4.12,-8.55,8.55,Normal
2024-08-23,Runyenjes East,C,4661.1,1203.9,50,PVC,358.6,5.83,37.63,37.8,7,1.3,0.17,0.0,Normal
2024-08-23,Mwea Smallholder,H,3972.6,1191.9,63,HDPE,76.7,5.28,42.44,48.11,6,7.55,5.67,0.0,Normal
2024-08-23,Mwea Smallholder,C,526.1,1178.6,63,GI,663.3,1.51,40.42,41.49,6,4.35,1.07,0.0,Normal
2024-08-23,Embu Green,G,2807.1,1205.8,40,GI,762.7,2.84,36.78,32.01,10,5.33,-4.77,4.77,Normal
2024-08-23,Kibugu-Nguviu,H,4206.6,1011.0,32,PVC,600.7,3.31,43.93,40.41,8,7.51,-3.52,3.52,Normal
2024-08-23,Embu Green,A,2317.8,1224.7,75,PVC,161.3,5.18,40.55,50.79,1,2.25,10.24,0.0,High Pressure
2024-08-23,Runyenjes East,D,2464.3,988.3,32,PVC,797.9,3.05,39.9,47.8,8,3.22,7.9,0.0,Normal
2024-08-23,Embu Green,A,4916.7,1089.3,32,GI,359.7,2.34,46.85,41.1,4,3.91,-5.75,5.75,Normal
2024-08-24,Embu Green,E,739.8,1110.6,50,PVC,228.3,5.42,46.49,44.74,4,6.72,-1.75,1.75,Normal
2024-08-24,Runyenjes East,B,2351.1,1225.4,75,PVC,772.3,6.15,35.34,40.05,11,6.69,4.71,0.0,Normal
2024-08-24,Runyenjes East,F,1275.1,1127.3,25,PVC,567.2,5.26,39.58,30.24,11,7.95,-9.34,9.34,Normal
2024-08-24,Embu Green,B,3857.7,1140.7,32,PVC,255.6,3.39,37.53,38.36,10,3.24,0.83,0.0,Normal
2024-08-24,Kibugu-Nguviu,B,2214.7,1041.6,40,PVC,189.7,6.39,46.24,42.72,1,5.73,-3.52,3.52,Normal
2024-08-24,Runyenjes East,B,2459.8,1052.2,50,PVC,349.5,5.46,49.78,35.84,7,5.73,-13.94,13.94,Normal
2024-08-24,Kibugu-Nguviu,B,318.5,989.5,25,PVC,622.1,2.18,48.13,50.91,6,3.75,2.78,0.0,High Pressure
2024-08-24,Runyenjes East,A,3432.6,965.0,25,PVC,168.4,3.38,50.46,45.56,1,7.91,-4.9,4.9,Normal
2024-08-24,Mwea Smallholder,D,3084.0,1012.9,25,PVC,736.1,5.51,42.34,31.05,1,6.55,-11.29,11.29,Normal
2024-08-24,Mwea Smallholder,H,2274.0,1003.1,50,HDPE,655.4,2.7,45.74,45.71,9,1.96,-0.03,0.03,Normal
2024-08-24,Kibugu-Nguviu,B,3981.2,1012.1,40,PVC,634.7,3.4,46.68,44.46,3,3.95,-2.22,2.22,Normal
2024-08-24,Embu Green,C,1306.8,1162.5,90,PVC,492.0,5.05,43.22,45.66,10,3.59,2.44,0.0,Normal
2024-08-24,Embu Green,A,876.9,1162.7,32,GI,409.3,8.68,39.28,36.13,11,2.19,-3.15,3.15,Normal
2024-08-24,Mwea Smallholder,E,2892.3,1077.5,90,PVC,41.9,3.73,51.39,57.82,9,2.64,6.43,0.0,High Pressure
2024-08-24,Kibugu-Nguviu,D,4159.0,1232.7,63,HDPE,707.6,3.27,31.34,31.18,4,2.87,-0.16,0.16,Normal
2024-08-25,Runyenjes East,E,2702.6,1266.1,75,PVC,487.7,6.89,29.55,34.95,4,7.81,5.4,0.0,Normal
2024-08-25,Kibugu-Nguviu,B,2733.6,1317.1,32,PVC,122.1,4.01,41.18,36.91,10,1.54,-4.27,4.27,Normal
2024-08-25,Mwea Smallholder,F,2681.5,1121.3,63,HDPE,548.9,7.37,41.13,34.33,10,1.22,-6.8,6.8,Normal
2024-08-25,Runyenjes East,D,2750.0,962.0,63,PVC,427.6,6.41,48.32,45.83,8,6.91,-2.49,2.49,Normal
2024-08-25,Kibugu-Nguviu,A,3997.9,1173.3,63,PVC,137.8,4.18,41.37,46.62,2,2.44,5.25,0.0,Normal
2024-08-25,Mwea Smallholder,E,1204.0,1063.1,40,HDPE,105.6,6.13,43.65,49.06,6,3.58,5.41,0.0,Normal
2024-08-25,Mwea Smallholder,D,4819.7,1190.0,63,HDPE,791.5,3.36,33.49,24.36,4,1.9,-9.13,9.13,Normal
2024-08-25,Kibugu-Nguviu,B,4130.8,1154.4,75,PVC,486.4,5.28,32.84,30.54,11,4.83,-2.3,2.3,Normal
2024-08-25,Kibugu-Nguviu,A,3701.3,1212.6,40,GI,792.5,3.48,32.88,38.36,7,7.93,5.48,0.0,Normal
2024-08-25,Embu Green,G,4488.6,1321.6,25,PVC,262.0,4.87,40.64,41.03,4,6.46,0.39,0.0,Normal
2024-08-25,Mwea Smallholder,G,1242.0,1008.9,32,PVC,347.2,6.63,49.98,49.69,11,2.53,-0.29,0.29,Normal
2024-08-26,Embu Green,H,732.4,1332.7,25,HDPE,186.5,5.17,38.52,29.35,8,1.27,-9.17,9.17,Normal
2024-08-26,Mwea Smallholder,E,4636.4,1021.2,75,GI,629.9,7.17,43.91,43.06,9,4.33,-0.85,0.85,Normal
2024-08-26,Kibugu-Nguviu,E,4759.8,1277.2,63,PVC,246.1,4.57,41.38,43.43,2,2.94,2.05,0.0,Normal
2024-08-26,Kibugu-Nguviu,F,2135.5,1002.4,25,PVC,750.1,4.52,46.57,45.36,8,1.42,-1.21,1.21,Normal
2024-08-26,Runyenjes East,B,3526.4,1333.6,40,PVC,427.9,3.5,32.79,23.29,5,3.07,-9.5,9.5,Normal
2024-08-26,Mwea Smallholder,B,2445.2,1023.2,63,PVC,771.2,7.2,44.95,48.9,4,4.94,3.95,0.0,Normal
2024-08-26,Embu Green,G,2568.4,1300.1,40,PVC,383.5,3.84,33.08,34.87,5,7.66,1.79,0.0,Normal
2024-08-27,Mwea Smallholder,H,1057.7,1005.5,75,PVC,527.6,3.3,47.91,46.89,2,6.57,-1.02,1.02,Normal
2024-08-27,Mwea Smallholder,A,621.2,1076.1,50,PVC,505.3,2.14,43.9,36.1,9,2.43,-7.8,7.8,Normal
2024-08-27,Mwea Smallholder,D,714.2,974.3,25,HDPE,361.0,7.54,47.21,49.07,11,4.07,1.86,0.0,Normal
2024-08-27,Embu Green,F,1332.3,1324.4,75,PVC,634.6,4.15,32.26,31.47,6,4.51,-0.79,0.79,Normal
2024-08-27,Runyenjes East,E,1000.8,987.8,75,HDPE,164.6,6.05,49.1,46.47,11,4.17,-2.63,2.63,Normal
2024-08-27,Mwea Smallholder,A,608.3,1199.7,40,PVC,121.0,5.92,44.98,44.84,1,2.45,-0.14,0.14,Normal
2024-08-28,Runyenjes East,C,242.1,975.2,40,PVC,98.4,2.8,54.05,53.48,2,3.9,-0.57,0.57,High Pressure
2024-08-28,Runyenjes East,B,135.0,1041.7,63,PVC,780.3,5.96,44.66,39.61,10,5.47,-5.05,5.05,Normal
2024-08-28,Embu Green,G,4481.7,1080.3,63,GI,277.6,4.51,47.88,48.34,9,0.62,0.46,0.0,Normal
2024-08-28,Mwea Smallholder,C,2302.1,1067.9,75,HDPE,505.3,4.66,45.93,50.71,11,1.36,4.78,0.0,High Pressure
2024-08-28,Embu Green,H,3862.1,1073.5,63,PVC,495.8,8.92,43.29,42.52,10,5.96,-0.77,0.77,Normal
2024-08-29,Embu Green,A,1927.4,1296.7,40,PVC,128.7,5.58,35.62,39.07,1,3.76,3.45,0.0,Normal
2024-08-29,Kibugu-Nguviu,G,1787.6,979.3,50,PVC,359.1,7.55,50.52,51.94,11,3.14,1.42,0.0,High Pressure
2024-08-29,Mwea Smallholder,F,3983.9,1166.9,32,PVC,227.9,3.94,39.53,37.28,1,6.35,-2.25,2.25,Normal
2024-08-29,Kibugu-Nguviu,E,1003.9,1204.2,75,HDPE,147.7,1.91,43.22,43.82,7,2.39,0.6,0.0,Normal
2024-08-29,Mwea Smallholder,H,2772.7,1025.8,40,PVC,243.9,6.67,44.35,46.52,5,3.56,2.17,0.0,Normal
2024-08-29,Kibugu-Nguviu,D,309.6,1222.4,25,PVC,113.8,8.05,37.76,35.91,1,3.39,-1.85,1.85,Normal
2024-08-29,Kibugu-Nguviu,F,4726.3,1202.0,32,PVC,183.5,5.1,39.73,36.08,7,7.65,-3.65,3.65,Normal
2024-08-29,Embu Green,H,252.7,1159.1,75,HDPE,473.6,5.18,37.88,34.11,4,6.44,-3.77,3.77,Normal
2024-08-30,Mwea Smallholder,D,341.5,1073.9,25,PVC,718.6,7.33,38.76,41.77,1,4.68,3.01,0.0,Normal
2024-08-30,Embu Green,E,2320.0,1239.3,32,GI,257.1,4.94,39.67,38.04,8,0.82,-1.63,1.63,Normal
2024-08-30,Embu Green,H,926.3,1056.3,75,HDPE,192.7,7.11,46.43,53.34,1,6.49,6.91,0.0,High Pressure
2024-08-30,Embu Green,B,2792.5,1275.3,32,PVC,549.7,7.12,34.38,33.46,6,4.64,-0.92,0.92,Normal
2024-08-30,Embu Green,C,811.3,1210.3,25,PVC,184.3,4.68,39.94,46.66,5,5.97,6.72,0.0,Normal
2024-08-30,Kibugu-Nguviu,F,294.4,1139.5,40,PVC,135.0,5.72,37.79,41.74,11,5.27,3.95,0.0,Normal
2024-08-30,Mwea Smallholder,C,4271.6,1340.6,90,GI,265.1,3.25,34.34,30.42,10,1.51,-3.92,3.92,Normal
2024-08-30,Mwea Smallholder,D,1714.6,1139.6,50,PVC,370.9,2.08,45.18,46.5,7,5.19,1.32,0.0,Normal
2024-08-30,Mwea Smallholder,H,4751.4,1158.3,40,PVC,413.4,1.9,44.23,38.17,9,7.32,-6.06,6.06,Normal
2024-08-30,Runyenjes East,D,3672.4,953.8,32,PVC,695.3,5.49,40.23,37.02,3,4.73,-3.21,3.21,Normal
2024-08-30,Embu Green,G,1490.7,1152.8,32,PVC,453.5,4.83,37.95,36.92,8,2.43,-1.03,1.03,Normal
2024-08-31,Kibugu-Nguviu,C,1178.6,1185.1,75,GI,297.9,5.16,45.97,45.04,3,3.81,-0.93,0.93,Normal
2024-08-31,Kibugu-Nguviu,G,3137.4,1282.4,50,PVC,336.4,2.4,39.28,40.5,9,3.77,1.22,0.0,Normal
2024-08-31,Runyenjes East,D,2413.5,1331.2,63,PVC,334.5,5.58,37.39,38.97,8,3.73,1.58,0.0,Normal
2024-08-31,Mwea Smallholder,F,4948.4,1167.7,40,GI,436.9,5.68,40.25,46.3,11,7.09,6.05,0.0,Normal
2024-08-31,Mwea Smallholder,A,4662.6,1326.8,75,PVC,117.7,8.58,35.91,34.33,9,3.67,-1.58,1.58,Normal
2024-09-01,Mwea Smallholder,G,4368.8,956.6,32,GI,281.4,3.79,52.66,53.99,5,2.85,1.33,0.0,High Pressure
2024-09-01,Embu Green,C,2989.7,1313.3,75,PVC,406.1,3.61,30.47,33.8,11,2.53,3.33,0.0,Normal
2024-09-01,Kibugu-Nguviu,D,3842.7,1186.3,63,HDPE,125.9,7.46,45.57,46.01,2,3.9,0.44,0.0,Normal
2024-09-01,Kibugu-Nguviu,G,2093.4,1255.2,40,HDPE,193.3,6.76,38.56,29.65,9,2.09,-8.91,8.91,Normal
2024-09-02,Mwea Smallholder,B,4286.3,1231.5,63,PVC,321.1,4.2,38.72,28.95,7,3.23,-9.77,9.77,Normal
2024-09-02,Embu Green,A,1384.4,1324.2,75,PVC,208.9,5.21,33.53,38.14,7,7.04,4.61,0.0,Normal
2024-09-02,Mwea Smallholder,B,3621.8,1189.2,40,PVC,499.6,3.44,40.6,37.2,5,1.22,-3.4,3.4,Normal
2024-09-02,Embu Green,F,4028.6,1011.9,40,PVC,520.5,5.26,48.42,41.62,11,5.1,-6.8,6.8,Normal
2024-09-02,Mwea Smallholder,C,3887.8,1051.8,40,HDPE,666.3,5.45,43.98,42.83,7,4.16,-1.15,1.15,Normal
2024-09-02,Embu Green,E,183.4,992.2,25,HDPE,787.7,5.35,39.73,41.95,2,4.2,2.22,0.0,Normal
2024-09-03,Embu Green,A,4960.2,1215.3,50,PVC,113.1,5.97,36.2,31.82,6,4.76,-4.38,4.38,Normal
2024-09-03,Embu Green,B,2242.2,1254.1,63,PVC,38.2,5.35,37.25,32.23,10,7.88,-5.02,5.02,Normal
2024-09-03,Kibugu-Nguviu,B,4039.2,1260.4,50,HDPE,337.4,4.3,39.12,34.57,8,3.43,-4.55,4.55,Normal
2024-09-03,Runyenjes East,E,145.2,1239.9,40,HDPE,467.1,7.98,37.99,36.14,8,2.77,-1.85,1.85,Normal
2024-09-03,Mwea Smallholder,A,1681.2,1107.3,90,PVC,584.7,4.95,41.75,40.53,7,2.16,-1.22,1.22,Normal
2024-09-03,Runyenjes East,B,4375.5,1223.8,40,PVC,614.0,5.37,36.24,26.65,9,7.77,-9.59,9.59,Normal
2024-09-04,Runyenjes East,B,4356.1,1024.9,75,HDPE,41.1,4.7,51.45,46.73,3,3.28,-4.72,4.72,Normal
2024-09-04,Embu Green,G,4374.1,1326.2,40,HDPE,539.3,7.71,34.44,35.71,5,2.32,1.27,0.0,Normal
2024-09-04,Runyenjes East,A,1954.8,1031.2,90,PVC,568.2,6.73,37.92,41.07,3,6.97,3.15,0.0,Normal
2024-09-04,Kibugu-Nguviu,F,2053.4,1161.2,63,PVC,159.7,7.68,46.31,52.49,7,4.1,6.18,0.0,High Pressure
2024-09-04,Mwea Smallholder,B,1253.1,952.6,32,HDPE,351.5,4.45,52.31,38.53,8,1.33,-13.78,13.78,Normal
2024-09-05,Embu Green,H,1058.3,1146.5,90,PVC,749.4,3.4,37.16,34.7,6,1.12,-2.46,2.46,Normal
2024-09-05,Runyenjes East,A,1696.2,1118.1,63,HDPE,271.4,9.12,44.99,35.93,9,2.05,-9.06,9.06,Normal
2024-09-05,Kibugu-Nguviu,C,109.7,1201.5,63,PVC,56.8,8.2,45.16,36.67,10,3.89,-8.49,8.49,Normal
2024-09-05,Kibugu-Nguviu,H,2050.7,1046.5,63,PVC,601.3,3.78,42.92,33.66,1,0.53,-9.26,9.26,Normal
2024-09-05,Kibugu-Nguviu,C,3780.2,1107.8,40,PVC,342.5,4.4,44.49,39.15,2,7.18,-5.34,5.34,Normal
2024-09-05,Embu Green,B,4896.9,1291.4,90,GI,525.0,6.37,30.66,30.65,7,2.91,-0.01,0.01,Normal
2024-09-06,Embu Green,B,773.8,1326.7,63,HDPE,662.8,4.85,30.65,30.51,1,4.33,-0.14,0.14,Normal
2024-09-06,Mwea Smallholder,F,3880.4,1257.8,32,GI,97.1,0.96,42.79,28.71,6,3.52,-14.08,14.08,Normal
2024-09-06,Embu Green,E,3044.3,1235.6,63,PVC,345.1,4.96,34.6,34.92,1,4.89,0.32,0.0,Normal
2024-09-06,Kibugu-Nguviu,E,2822.7,1083.5,25,PVC,52.5,8.85,50.63,51.12,7,5.79,0.49,0.0,High Pressure
2024-09-07,Embu Green,H,1603.7,1091.9,40,PVC,391.0,5.85,43.75,49.74,7,3.99,5.99,0.0,Normal
2024-09-07,Mwea Smallholder,G,4311.2,955.4,40,PVC,591.6,4.29,43.04,45.59,1,2.03,2.55,0.0,Normal
2024-09-07,Kibugu-Nguviu,E,4413.5,1123.3,25,PVC,636.7,2.6,43.22,37.9,11,6.91,-5.32,5.32,Normal
2024-09-07,Runyenjes East,G,3166.7,1237.7,40,PVC,31.0,7.44,42.31,34.92,8,6.27,-7.39,7.39,Normal
2024-09-07,Mwea Smallholder,E,3687.8,1316.5,32,PVC,343.8,5.61,38.39,33.23,7,7.93,-5.16,5.16,Normal
2024-09-07,Kibugu-Nguviu,H,2349.2,1231.1,50,PVC,386.9,6.55,38.92,38.05,3,3.43,-0.87,0.87,Normal
2024-09-07,Mwea Smallholder,D,3508.3,1128.6,40,PVC,59.7,4.8,46.75,54.86,2,4.88,8.11,0.0,High Pressure
2024-09-07,Mwea Smallholder,G,3805.0,1274.7,40,HDPE,571.6,3.02,30.83,26.03,3,6.54,-4.8,4.8,Normal
2024-09-07,Runyenjes East,F,1642.5,1021.2,63,PVC,36.4,1.7,52.12,50.47,9,2.81,-1.65,1.65,High Pressure
2024-09-07,Embu Green,C,3190.7,1080.8,75,PVC,146.4,5.38,48.87,48.12,1,2.49,-0.75,0.75,Normal
2024-09-07,Kibugu-Nguviu,C,88.4,1230.9,32,PVC,373.7,6.5,35.19,31.38,6,1.85,-3.81,3.81,Normal
2024-09-08,Kibugu-Nguviu,A,1724.3,997.1,63,PVC,388.5,7.06,45.89,39.57,11,2.91,-6.32,6.32,Normal
2024-09-08,Mwea Smallholder,G,4034.6,1118.8,32,PVC,720.7,0.5,41.01,37.9,11,5.33,-3.11,3.11,Normal
2024-09-08,Kibugu-Nguviu,B,2181.5,1208.4,40,PVC,423.6,5.67,39.04,43.73,7,7.95,4.69,0.0,Normal
2024-09-08,Runyenjes East,B,4038.6,1071.7,63,PVC,85.0,3.93,48.53,47.48,1,6.34,-1.05,1.05,Normal
2024-09-08,Runyenjes East,D,2996.0,951.3,50,PVC,374.2,4.98,46.66,44.27,11,6.43,-2.39,2.39,Normal
2024-09-08,Embu Green,F,3791.3,1349.2,32,PVC,201.2,2.18,32.76,30.66,8,1.1,-2.1,2.1,Normal
2024-09-08,Mwea Smallholder,C,3602.5,1197.1,50,PVC,580.2,7.31,31.92,25.29,11,4.86,-6.63,6.63,Normal
2024-09-08,Mwea Smallholder,D,3658.4,1153.5,50,HDPE,69.6,3.82,44.12,48.13,3,4.42,4.01,0.0,Normal
2024-09-09,Embu Green,H,2817.8,1243.1,75,GI,116.7,4.69,38.73,39.06,10,3.83,0.33,0.0,Normal
2024-09-09,Embu Green,D,404.4,1302.4,40,PVC,72.0,1.65,33.78,37.72,4,1.2,3.94,0.0,Normal
2024-09-09,Mwea Smallholder,B,1205.5,1248.9,50,PVC,710.3,3.47,32.84,27.6,6,1.76,-5.24,5.24,Normal
2024-09-10,Embu Green,A,2567.2,1073.7,63,PVC,643.6,9.74,43.5,44.41,9,2.52,0.91,0.0,Normal
2024-09-10,Mwea Smallholder,C,3934.4,1143.7,32,PVC,376.4,5.52,48.89,37.47,10,6.15,-11.42,11.42,Normal
2024-09-10,Embu Green,B,1938.8,1072.9,40,PVC,594.5,6.02,38.16,45.4,5,3.95,7.24,0.0,Normal
2024-09-10,Embu Green,D,398.6,1224.3,40,GI,631.6,6.25,34.22,34.6,3,6.98,0.38,0.0,Normal
2024-09-10,Embu Green,A,3139.2,1161.4,50,PVC,163.5,5.11,43.29,47.17,7,4.55,3.88,0.0,Normal
2024-09-10,Runyenjes East,E,4733.8,1149.5,50,GI,154.7,1.63,45.12,43.14,9,2.2,-1.98,1.98,Normal
2024-09-10,Embu Green,C,1658.9,979.2,40,PVC,133.9,2.61,57.37,56.85,4,1.7,-0.52,0.52,High Pressure
2024-09-11,Mwea Smallholder,E,3124.8,1193.6,90,PVC,339.5,5.76,37.58,39.26,2,3.89,1.68,0.0,Normal
2024-09-11,Runyenjes East,E,4858.7,1213.0,63,PVC,566.9,2.95,35.31,30.91,7,7.96,-4.4,4.4,Normal
2024-09-11,Runyenjes East,F,797.3,1301.4,32,PVC,528.5,8.48,31.61,27.63,3,1.86,-3.98,3.98,Normal
2024-09-11,Kibugu-Nguviu,E,820.9,1000.6,50,PVC,423.0,2.66,49.84,37.2,4,5.14,-12.64,12.64,Normal
2024-09-11,Embu Green,G,3241.4,1256.5,63,PVC,103.4,3.38,41.15,37.56,8,3.22,-3.59,3.59,Normal
2024-09-11,Kibugu-Nguviu,H,4996.8,1295.7,40,PVC,711.3,5.31,32.12,27.57,9,1.41,-4.55,4.55,Normal
2024-09-12,Mwea Smallholder,G,455.8,1058.1,90,HDPE,734.8,7.91,44.19,43.89,8,5.52,-0.3,0.3,Normal
2024-09-12,Kibugu-Nguviu,D,4252.0,1150.8,75,HDPE,528.8,3.9,42.36,34.24,3,5.29,-8.12,8.12,Normal
2024-09-12,Embu Green,F,2911.8,1039.4,63,PVC,417.9,4.71,46.96,41.1,1,5.11,-5.86,5.86,Normal
2024-09-12,Embu Green,A,4888.5,990.9,63,PVC,788.6,3.91,41.41,38.72,6,6.81,-2.69,2.69,Normal
2024-09-12,Runyenjes East,G,3108.1,1246.2,63,PVC,662.3,5.84,34.49,35.96,9,4.57,1.47,0.0,Normal
2024-09-12,Embu Green,B,3787.6,1010.0,40,HDPE,323.7,6.77,47.04,51.48,11,5.12,4.44,0.0,High Pressure
2024-09-13,Embu Green,A,2672.1,1227.8,32,PVC,388.7,9.08,35.48,31.56,11,7.31,-3.92,3.92,Normal
2024-09-13,Mwea Smallholder,G,3322.0,1004.1,75,PVC,764.2,3.63,39.79,37.15,8,3.03,-2.64,2.64,Normal
2024-09-13,Embu Green,F,1280.2,984.3,75,PVC,417.5,7.06,47.92,49.48,9,4.78,1.56,0.0,Normal
2024-09-14,Runyenjes East,F,2273.5,1179.8,40,HDPE,294.5,5.82,37.8,39.06,3,7.07,1.26,0.0,Normal
2024-09-14,Runyenjes East,C,2880.5,1114.6,90,HDPE,139.9,6.36,51.65,48.78,7,3.4,-2.87,2.87,Normal
2024-09-14,Embu Green,C,3534.6,1267.9,90,HDPE,365.0,3.79,30.53,26.68,8,3.02,-3.85,3.85,Normal
2024-09-14,Mwea Smallholder,A,1834.4,1150.7,90,PVC,348.9,3.01,39.21,46.66,3,7.4,7.45,0.0,Normal
2024-09-14,Kibugu-Nguviu,F,2882.3,1300.8,90,HDPE,589.6,4.97,33.08,32.58,2,3.5,-0.5,0.5,Normal
2024-09-14,Embu Green,D,575.0,997.0,50,PVC,651.9,7.43,44.67,41.81,1,5.21,-2.86,2.86,Normal
2024-09-15,Kibugu-Nguviu,H,3235.7,1201.8,75,GI,158.7,5.4,35.77,42.36,6,5.28,6.59,0.0,Normal
2024-09-15,Runyenjes East,H,2948.6,1324.8,40,PVC,796.4,3.4,28.54,30.09,4,3.1,1.55,0.0,Normal
2024-09-15,Kibugu-Nguviu,F,96.3,1335.3,90,PVC,47.5,2.37,38.05,35.25,3,7.47,-2.8,2.8,Normal
2024-09-15,Embu Green,D,3593.0,973.0,32,PVC,135.3,8.81,51.13,51.33,4,5.82,0.2,0.0,High Pressure
2024-09-16,Embu Green,G,3672.3,1018.3,40,PVC,141.5,3.81,49.69,44.01,1,5.4,-5.68,5.68,Normal
2024-09-16,Embu Green,E,3771.2,1075.7,63,PVC,101.9,8.22,52.72,53.43,6,2.49,0.71,0.0,High Pressure
2024-09-17,Runyenjes East,G,1410.9,1281.4,75,PVC,687.5,4.26,30.71,27.27,2,0.65,-3.44,3.44,Normal
2024-09-17,Embu Green,C,3575.3,1202.3,50,PVC,501.0,8.46,35.49,40.23,11,0.59,4.74,0.0,Normal
2024-09-17,Runyenjes East,F,2123.0,1347.0,50,PVC,214.7,2.77,31.46,30.47,2,6.63,-0.99,0.99,Normal
2024-09-17,Mwea Smallholder,G,1021.3,1226.5,50,GI,167.7,4.59,40.57,36.43,4,1.32,-4.14,4.14,Normal
2024-09-17,Kibugu-Nguviu,D,1174.4,1105.3,63,PVC,316.0,5.15,45.33,50.67,8,1.59,5.34,0.0,High Pressure
2024-09-17,Runyenjes East,H,246.1,1215.0,40,PVC,487.9,5.62,40.41,42.72,5,2.66,2.31,0.0,Normal
2024-09-18,Kibugu-Nguviu,D,4138.9,1248.2,40,HDPE,399.5,6.41,37.57,45.29,9,6.09,7.72,0.0,Normal
2024-09-18,Kibugu-Nguviu,D,2085.3,1102.7,40,PVC,586.9,2.38,39.72,35.7,9,7.18,-4.02,4.02,Normal
2024-09-18,Mwea Smallholder,A,1236.8,1054.5,50,HDPE,518.4,5.38,44.79,49.94,6,1.85,5.15,0.0,Normal
2024-09-18,Runyenjes East,D,4060.8,1154.7,63,PVC,700.1,6.38,37.45,37.71,4,2.32,0.26,0.0,Normal
2024-09-18,Embu Green,B,1899.1,1197.3,63,HDPE,205.6,9.78,38.45,32.51,11,3.84,-5.94,5.94,Normal
2024-09-18,Kibugu-Nguviu,E,3329.9,1195.4,40,PVC,437.3,2.64,38.89,32.42,6,6.97,-6.47,6.47,Normal
2024-09-19,Mwea Smallholder,F,692.9,1276.0,75,PVC,231.8,4.25,38.27,34.77,7,1.38,-3.5,3.5,Normal
2024-09-19,Mwea Smallholder,C,4494.5,1023.7,32,HDPE,185.0,6.57,51.85,51.93,3,2.95,0.08,0.0,High Pressure
2024-09-19,Mwea Smallholder,A,3655.2,1281.8,25,HDPE,620.2,3.38,35.15,36.23,9,2.97,1.08,0.0,Normal
2024-09-19,Embu Green,F,873.1,966.1,63,PVC,722.5,6.88,40.29,33.16,6,7.7,-7.13,7.13,Normal
2024-09-19,Runyenjes East,E,2237.5,1049.3,75,PVC,699.4,7.54,43.39,46.83,2,3.15,3.44,0.0,Normal
2024-09-19,Mwea Smallholder,F,3486.3,963.6,25,PVC,632.3,3.19,49.02,51.58,6,2.91,2.56,0.0,High Pressure
2024-09-19,Embu Green,G,2650.1,1183.2,63,GI,232.7,3.34,45.08,41.18,6,0.92,-3.9,3.9,Normal
2024-09-19,Runyenjes East,D,2568.2,1343.2,63,GI,512.5,6.42,29.47,23.51,1,2.23,-5.96,5.96,Normal
2024-09-19,Embu Green,D,3495.9,1122.6,75,PVC,514.2,0.59,44.74,38.89,6,5.36,-5.85,5.85,Normal
2024-09-20,Embu Green,A,583.5,1048.1,63,PVC,759.7,4.0,42.59,44.91,3,6.34,2.32,0.0,Normal
2024-09-20,Embu Green,D,1477.9,961.7,25,PVC,650.8,1.57,46.7,33.98,11,1.69,-12.72,12.72,Normal
2024-09-20,Runyenjes East,D,2033.2,971.4,40,PVC,719.3,6.36,48.76,52.02,11,0.91,3.26,0.0,High Pressure
2024-09-20,Mwea Smallholder,E,3673.7,1008.0,40,PVC,300.1,7.65,45.67,46.1,5,2.13,0.43,0.0,Normal
2024-09-20,Kibugu-Nguviu,G,1062.8,1286.7,25,HDPE,116.7,3.39,40.76,38.41,5,6.56,-2.35,2.35,Normal
2024-09-20,Mwea Smallholder,B,2972.6,1263.5,63,PVC,90.7,4.15,37.82,38.08,9,2.86,0.26,0.0,Normal
2024-09-20,Runyenjes East,A,453.9,1206.7,75,HDPE,783.9,4.44,32.51,30.7,1,2.86,-1.81,1.81,Normal
2024-09-21,Runyenjes East,C,4825.5,1191.8,50,PVC,590.7,7.46,43.94,39.4,6,7.9,-4.54,4.54,Normal
2024-09-21,Runyenjes East,F,667.7,1148.5,63,PVC,164.5,5.76,39.48,44.0,3,5.19,4.52,0.0,Normal
2024-09-21,Embu Green,G,2015.7,1041.9,50,PVC,401.2,4.56,46.62,47.26,8,7.26,0.64,0.0,Normal
2024-09-21,Runyenjes East,D,3350.5,1018.1,63,HDPE,539.2,7.14,48.03,50.46,6,5.76,2.43,0.0,High Pressure
2024-09-21,Runyenjes East,D,1748.1,1332.1,32,HDPE,313.2,3.03,36.55,37.3,3,6.65,0.75,0.0,Normal
2024-09-22,Kibugu-Nguviu,C,555.8,1275.0,32,PVC,290.7,3.51,40.47,37.49,4,6.34,-2.98,2.98,Normal
2024-09-22,Runyenjes East,B,2511.3,1096.0,75,GI,344.0,7.5,41.84,39.77,8,3.78,-2.07,2.07,Normal
2024-09-22,Mwea Smallholder,G,415.2,1049.9,40,PVC,558.6,7.59,40.37,27.86,11,5.36,-12.51,12.51,Normal
2024-09-22,Runyenjes East,E,4503.6,1274.7,50,HDPE,629.6,2.15,35.39,38.49,7,4.73,3.1,0.0,Normal
2024-09-22,Runyenjes East,E,2963.2,1057.8,50,PVC,235.1,8.9,47.31,45.04,3,6.14,-2.27,2.27,Normal
2024-09-22,Kibugu-Nguviu,C,2634.8,1201.0,75,GI,537.2,5.99,36.15,32.33,3,2.58,-3.82,3.82,Normal
2024-09-22,Kibugu-Nguviu,H,409.9,1164.4,32,GI,511.4,5.16,36.01,35.48,5,3.18,-0.53,0.53,Normal
2024-09-23,Runyenjes East,G,4771.7,1064.3,25,HDPE,373.6,3.64,41.11,38.16,11,6.22,-2.95,2.95,Normal
2024-09-23,Mwea Smallholder,D,4583.6,1219.1,50,PVC,546.4,1.43,39.82,34.73,3,0.58,-5.09,5.09,Normal
2024-09-23,Runyenjes East,G,2282.4,983.1,63,PVC,244.5,6.1,49.92,54.89,11,5.85,4.97,0.0,High Pressure
2024-09-23,Kibugu-Nguviu,B,4141.2,1079.0,50,PVC,542.5,6.77,41.68,42.75,5,1.16,1.07,0.0,Normal
2024-09-23,Kibugu-Nguviu,D,2129.7,1206.7,25,PVC,491.2,2.43,36.71,27.17,4,2.12,-9.54,9.54,Normal
2024-09-23,Mwea Smallholder,C,4146.3,1337.8,75,PVC,693.1,3.6,25.55,24.34,2,1.82,-1.21,1.21,Normal
2024-09-23,Embu Green,F,3761.6,1273.5,75,HDPE,279.3,6.12,35.19,28.9,7,3.77,-6.29,6.29,Normal
2024-09-23,Embu Green,A,1446.2,962.0,63,PVC,664.4,4.89,51.4,52.8,1,2.68,1.4,0.0,High Pressure
2024-09-23,Kibugu-Nguviu,D,2495.0,1178.4,75,PVC,314.7,4.27,37.18,29.99,1,2.33,-7.19,7.19,Normal
2024-09-23,Mwea Smallholder,C,1223.6,1232.1,40,HDPE,182.0,4.21,39.47,37.98,1,4.47,-1.49,1.49,Normal
2024-09-23,Embu Green,D,308.2,966.7,90,PVC,551.4,7.38,50.11,58.22,5,1.72,8.11,0.0,High Pressure
2024-09-24,Embu Green,D,3636.2,1269.6,75,PVC,144.4,3.67,40.66,49.7,4,3.59,9.04,0.0,Normal
2024-09-24,Kibugu-Nguviu,E,2452.8,1334.0,63,GI,71.3,3.35,36.38,40.28,1,2.84,3.9,0.0,Normal
2024-09-24,Mwea Smallholder,E,3920.0,1257.2,75,PVC,491.8,5.19,37.15,43.53,9,2.94,6.38,0.0,Normal
2024-09-24,Runyenjes East,B,1516.4,1001.0,90,PVC,515.0,2.66,42.01,42.16,6,3.15,0.15,0.0,Normal
2024-09-24,Kibugu-Nguviu,B,3253.4,1069.8,40,PVC,646.5,3.09,41.92,38.05,5,7.5,-3.87,3.87,Normal
2024-09-24,Mwea Smallholder,A,2980.1,1062.3,40,PVC,568.8,3.85,42.98,51.63,11,4.63,8.65,0.0,High Pressure
2024-09-25,Mwea Smallholder,F,2088.6,1184.7,50,HDPE,579.0,4.3,41.49,45.7,6,6.0,4.21,0.0,Normal
2024-09-25,Embu Green,H,2339.1,1216.9,90,GI,97.1,9.24,45.7,40.06,8,6.27,-5.64,5.64,Normal
2024-09-25,Kibugu-Nguviu,G,657.0,1327.4,63,PVC,204.1,2.74,42.29,42.0,8,3.89,-0.29,0.29,Normal
2024-09-25,Embu Green,H,3012.1,968.7,75,PVC,396.6,3.29,47.29,47.12,6,7.86,-0.17,0.17,Normal
2024-09-25,Runyenjes East,B,4462.5,1096.2,32,HDPE,600.6,6.71,41.92,45.18,4,1.76,3.26,0.0,Normal
2024-09-25,Mwea Smallholder,H,600.5,1091.4,75,PVC,740.9,7.51,44.76,43.37,8,6.93,-1.39,1.39,Normal
2024-09-25,Mwea Smallholder,B,824.1,1193.3,50,HDPE,384.6,5.13,41.86,44.53,9,7.37,2.67,0.0,Normal
2024-09-25,Embu Green,B,247.2,1209.5,75,GI,304.4,5.57,34.65,39.93,7,3.66,5.28,0.0,Normal
2024-09-25,Kibugu-Nguviu,F,2265.6,1161.8,25,HDPE,727.9,3.77,30.03,25.86,4,7.06,-4.17,4.17,Normal
2024-09-26,Kibugu-Nguviu,E,2414.6,1265.8,32,PVC,96.9,0.5,37.26,30.73,7,2.19,-6.53,6.53,Normal
2024-09-26,Embu Green,H,1697.8,1298.3,75,PVC,609.8,6.48,30.62,28.98,8,5.47,-1.64,1.64,Normal
2024-09-26,Embu Green,F,3200.5,1068.1,50,HDPE,277.9,4.68,48.23,50.09,1,0.71,1.86,0.0,High Pressure
2024-09-26,Kibugu-Nguviu,E,2023.0,1296.6,75,PVC,199.2,5.83,31.81,28.67,6,6.93,-3.14,3.14,Normal
2024-09-26,Mwea Smallholder,C,4203.9,1035.9,63,PVC,548.0,6.25,48.68,42.23,3,3.53,-6.45,6.45,Normal
2024-09-26,Mwea Smallholder,B,1692.2,1090.8,32,HDPE,286.6,3.79,43.13,42.95,9,6.12,-0.18,0.18,Normal
2024-09-26,Mwea Smallholder,A,3817.1,1279.6,50,HDPE,281.1,5.28,33.42,29.35,4,4.91,-4.07,4.07,Normal
2024-09-27,Embu Green,D,1496.9,1122.6,75,PVC,158.3,6.86,42.15,43.4,8,1.4,1.25,0.0,Normal
2024-09-27,Embu Green,A,168.9,1027.3,50,GI,314.5,8.13,51.12,43.53,8,0.73,-7.59,7.59,Normal
2024-09-27,Embu Green,C,1146.2,1148.0,75,PVC,724.5,2.25,44.65,37.94,1,1.84,-6.71,6.71,Normal
2024-09-27,Mwea Smallholder,C,915.2,1006.0,63,HDPE,56.8,8.65,46.74,40.71,7,4.34,-6.03,6.03,Normal
2024-09-27,Kibugu-Nguviu,E,2580.5,1109.8,75,HDPE,651.8,5.77,37.13,36.19,5,2.29,-0.94,0.94,Normal
2024-09-27,Kibugu-Nguviu,A,858.2,1070.8,32,PVC,429.9,3.8,43.97,44.91,4,5.41,0.94,0.0,Normal
2024-09-28,Runyenjes East,F,83.8,1292.9,25,PVC,235.8,7.68,36.58,35.85,11,1.52,-0.73,0.73,Normal
2024-09-28,Embu Green,A,304.9,1280.1,40,HDPE,792.9,7.24,30.66,32.19,9,5.67,1.53,0.0,Normal
2024-09-28,Mwea Smallholder,F,1564.8,1344.9,25,PVC,522.0,3.25,31.85,33.54,5,6.14,1.69,0.0,Normal
2024-09-28,Kibugu-Nguviu,D,1864.5,1090.7,90,PVC,63.3,5.57,47.54,46.29,10,4.86,-1.25,1.25,Normal
2024-09-29,Embu Green,D,4615.5,1291.9,50,PVC,402.7,6.43,35.54,26.93,11,3.71,-8.61,8.61,Normal
2024-09-29,Runyenjes East,A,3049.0,1311.5,63,PVC,692.0,4.47,26.23,26.81,5,1.7,0.58,0.0,Normal
2024-09-29,Runyenjes East,B,2919.6,1224.3,50,HDPE,49.6,2.68,46.29,46.76,1,5.94,0.47,0.0,Normal
2024-09-29,Mwea Smallholder,D,3304.2,961.4,50,PVC,115.0,4.21,54.13,57.59,10,5.14,3.46,0.0,High Pressure
2024-09-29,Kibugu-Nguviu,D,4251.5,1206.1,50,PVC,422.7,3.03,41.18,36.54,5,2.73,-4.64,4.64,Normal
2024-09-29,Kibugu-Nguviu,D,145.4,1151.6,32,HDPE,365.5,4.87,38.79,43.98,10,4.82,5.19,0.0,Normal
2024-09-29,Runyenjes East,G,2704.1,1319.0,40,HDPE,236.0,4.52,38.78,31.54,6,6.66,-7.24,7.24,Normal
2024-09-29,Mwea Smallholder,H,2670.2,1059.9,75,GI,627.3,4.97,44.53,35.91,11,2.27,-8.62,8.62,Normal
2024-09-29,Kibugu-Nguviu,A,4579.4,1306.1,63,PVC,676.5,4.6,32.98,28.71,6,7.55,-4.27,4.27,Normal
2024-09-29,Embu Green,H,1609.7,1144.4,63,PVC,789.7,4.46,33.81,36.19,3,1.17,2.38,0.0,Normal
2024-09-29,Embu Green,B,1570.0,1266.6,75,HDPE,300.5,4.98,37.31,42.92,10,7.04,5.61,0.0,Normal
2024-09-30,Kibugu-Nguviu,G,1930.9,1290.6,63,PVC,431.6,7.93,35.5,39.43,7,5.71,3.93,0.0,Normal
2024-09-30,Embu Green,A,933.7,1002.8,50,PVC,770.7,0.8,40.13,34.56,11,6.99,-5.57,5.57,Normal
2024-09-30,Runyenjes East,B,775.9,1039.2,50,HDPE,273.1,2.9,48.13,40.88,7,3.64,-7.25,7.25,Normal
2024-09-30,Embu Green,A,2596.7,1198.8,50,PVC,562.1,5.56,43.12,33.63,10,3.89,-9.49,9.49,Normal
2024-09-30,Runyenjes East,H,4932.5,1196.7,75,PVC,478.8,2.83,39.58,37.8,7,3.14,-1.78,1.78,Normal
2024-09-30,Embu Green,H,3183.2,1220.2,63,PVC,492.0,2.37,33.05,33.77,2,7.2,0.72,0.0,Normal
2024-09-30,Runyenjes East,B,4374.8,1086.1,63,HDPE,440.3,4.46,47.19,41.75,7,6.68,-5.44,5.44,Normal
2024-09-30,Kibugu-Nguviu,A,1388.6,1225.1,63,PVC,527.5,3.65,36.8,34.66,6,3.71,-2.14,2.14,Normal
2024-10-01,Mwea Smallholder,E,3801.8,1138.1,75,PVC,705.2,4.7,40.85,36.33,5,4.19,-4.52,4.52,Normal
2024-10-01,Runyenjes East,G,601.0,1056.9,75,PVC,94.4,6.61,54.6,46.52,8,4.62,-8.08,8.08,Normal
2024-10-01,Embu Green,A,4186.6,1271.5,75,PVC,241.4,7.06,36.09,39.49,4,7.97,3.4,0.0,Normal
2024-10-01,Runyenjes East,B,1066.9,1348.1,50,PVC,457.0,2.74,34.58,29.64,6,0.9,-4.94,4.94,Normal
2024-10-01,Runyenjes East,B,3919.0,1053.5,25,PVC,111.0,3.87,49.58,51.2,4,4.77,1.62,0.0,High Pressure
2024-10-02,Runyenjes East,E,4349.6,1236.0,32,PVC,565.2,6.59,35.56,34.99,4,1.85,-0.57,0.57,Normal
2024-10-02,Runyenjes East,B,4815.1,1052.0,90,PVC,192.0,2.28,49.04,53.74,2,1.53,4.7,0.0,High Pressure
2024-10-02,Runyenjes East,F,3186.1,1215.6,90,PVC,223.9,4.77,43.96,38.1,6,1.39,-5.86,5.86,Normal
2024-10-02,Embu Green,C,40.1,986.4,50,PVC,561.7,5.48,46.55,44.35,10,2.58,-2.2,2.2,Normal
2024-10-02,Embu Green,C,1447.9,1286.3,63,PVC,416.1,6.48,30.85,26.06,3,6.26,-4.79,4.79,Normal
2024-10-02,Runyenjes East,E,3589.8,1334.1,50,GI,404.7,6.94,31.87,19.21,10,1.66,-12.66,12.66,Normal
2024-10-02,Runyenjes East,C,972.5,1044.9,32,PVC,500.6,5.7,45.38,46.3,9,5.7,0.92,0.0,Normal
2024-10-03,Embu Green,G,2016.0,1043.3,25,PVC,619.3,3.67,44.2,41.57,8,2.09,-2.63,2.63,Normal
2024-10-03,Mwea Smallholder,C,3910.7,1049.2,50,GI,299.9,0.5,45.83,50.69,5,6.55,4.86,0.0,High Pressure
2024-10-03,Kibugu-Nguviu,F,786.0,1292.5,63,HDPE,518.5,3.22,29.0,26.91,11,2.89,-2.09,2.09,Normal
2024-10-03,Mwea Smallholder,H,2220.7,1065.2,75,GI,754.1,2.68,42.63,41.48,3,5.23,-1.15,1.15,Normal
2024-10-03,Embu Green,D,4403.9,1146.9,32,PVC,575.9,1.79,42.29,36.14,7,4.19,-6.15,6.15,Normal
2024-10-03,Mwea Smallholder,G,1718.8,1098.7,75,HDPE,203.0,7.31,46.19,46.91,8,7.86,0.72,0.0,Normal
2024-10-04,Runyenjes East,F,3412.5,1317.1,50,PVC,549.2,4.54,32.63,24.81,8,2.1,-7.82,7.82,Normal
2024-10-04,Runyenjes East,G,3625.1,1157.4,50,GI,453.2,7.08,43.08,47.09,9,7.14,4.01,0.0,Normal
2024-10-04,Runyenjes East,G,4579.6,1152.6,63,HDPE,111.5,2.53,39.34,40.95,4,5.47,1.61,0.0,Normal
2024-10-04,Embu Green,E,643.5,1316.4,75,PVC,757.6,2.84,24.97,16.61,2,6.37,-8.36,8.36,Normal
2024-10-04,Runyenjes East,D,411.6,1169.7,50,PVC,670.6,3.05,38.26,40.6,4,5.73,2.34,0.0,Normal
2024-10-05,Runyenjes East,A,2221.0,1041.6,50,PVC,696.6,3.75,39.4,40.24,11,3.46,0.84,0.0,Normal
2024-10-05,Runyenjes East,H,2827.6,1343.8,40,PVC,624.6,2.92,25.4,27.04,10,1.55,1.64,0.0,Normal
2024-10-05,Kibugu-Nguviu,B,944.5,1342.1,50,PVC,443.6,7.78,34.35,21.08,6,5.86,-13.27,13.27,Normal
2024-10-05,Embu Green,H,2819.0,1200.8,63,PVC,770.6,5.89,35.16,35.2,10,7.49,0.04,0.0,Normal
2024-10-05,Kibugu-Nguviu,G,3949.5,1042.8,90,HDPE,164.6,3.3,47.27,41.0,5,5.62,-6.27,6.27,Normal
2024-10-05,Runyenjes East,E,4728.1,1138.4,63,PVC,784.1,5.67,38.78,42.7,6,4.73,3.92,0.0,Normal
2024-10-05,Mwea Smallholder,H,1773.6,972.5,25,GI,65.5,5.24,56.32,51.41,1,3.51,-4.91,4.91,High Pressure
2024-10-05,Kibugu-Nguviu,A,3419.5,1071.1,40,PVC,482.1,4.53,41.01,34.74,7,3.83,-6.27,6.27,Normal
2024-10-06,Runyenjes East,A,1459.4,1233.5,40,PVC,751.4,3.87,26.74,27.8,2,1.29,1.06,0.0,Normal
2024-10-06,Runyenjes East,B,2312.4,1233.3,40,PVC,732.8,5.0,32.83,33.69,10,0.89,0.86,0.0,Normal
2024-10-06,Kibugu-Nguviu,F,2186.8,992.7,32,PVC,722.8,6.29,41.13,33.22,6,5.8,-7.91,7.91,Normal
2024-10-06,Kibugu-Nguviu,H,2688.7,1147.7,40,PVC,617.6,4.64,36.97,33.12,8,7.02,-3.85,3.85,Normal
2024-10-06,Runyenjes East,H,2733.3,1062.0,75,PVC,583.1,5.64,43.9,37.4,7,3.88,-6.5,6.5,Normal
2024-10-06,Mwea Smallholder,C,2372.3,1282.6,40,PVC,382.7,5.83,36.59,35.39,8,1.56,-1.2,1.2,Normal
2024-10-06,Mwea Smallholder,A,2942.8,1015.3,40,PVC,742.9,4.92,41.97,35.93,5,5.98,-6.04,6.04,Normal
2024-10-06,Mwea Smallholder,H,1291.5,1194.0,90,PVC,768.2,8.45,30.29,25.03,2,4.39,-5.26,5.26,Normal
2024-10-06,Mwea Smallholder,B,3550.8,1002.1,40,PVC,300.9,4.39,52.1,52.16,4,6.37,0.06,0.0,High Pressure
2024-10-06,Embu Green,A,2388.0,1309.6,40,PVC,355.3,11.36,33.52,27.57,6,2.93,-5.95,5.95,Normal
2024-10-06,Mwea Smallholder,B,3960.6,966.3,90,PVC,122.1,2.84,52.84,45.55,7,3.36,-7.29,7.29,Normal
2024-10-06,Runyenjes East,E,2910.6,1164.2,50,PVC,767.9,2.79,32.85,39.37,8,4.58,6.52,0.0,Normal
2024-10-06,Mwea Smallholder,F,4808.4,1047.3,63,PVC,730.1,4.2,44.41,44.37,3,7.0,-0.04,0.04,Normal
2024-10-06,Embu Green,A,4387.8,1008.4,75,GI,401.1,3.15,50.27,45.17,1,6.9,-5.1,5.1,Normal
2024-10-07,Runyenjes East,D,297.1,1014.5,40,PVC,131.3,5.46,55.03,49.4,2,2.58,-5.63,5.63,Normal
2024-10-07,Runyenjes East,A,2017.4,974.8,75,HDPE,387.6,4.72,51.09,48.27,2,3.18,-2.82,2.82,Normal
2024-10-07,Kibugu-Nguviu,C,2576.6,963.2,50,GI,339.1,6.78,52.39,51.01,8,5.06,-1.38,1.38,High Pressure
2024-10-07,Embu Green,A,3791.5,1178.8,50,HDPE,758.0,6.81,33.44,24.61,5,4.03,-8.83,8.83,Normal
2024-10-07,Kibugu-Nguviu,E,3544.1,1020.1,75,PVC,566.7,1.94,47.29,51.98,6,7.86,4.69,0.0,High Pressure
2024-10-07,Kibugu-Nguviu,D,86.8,1239.0,75,PVC,82.8,6.97,42.17,44.19,2,4.77,2.02,0.0,Normal
2024-10-08,Mwea Smallholder,D,2306.5,1224.0,50,PVC,501.9,3.72,35.97,34.91,7,6.76,-1.06,1.06,Normal
2024-10-08,Mwea Smallholder,B,4496.7,1294.9,63,HDPE,239.1,0.76,36.76,39.95,1,6.64,3.19,0.0,Normal
2024-10-08,Embu Green,H,2832.8,975.3,50,PVC,45.3,6.55,48.12,43.1,7,2.27,-5.02,5.02,Normal
2024-10-08,Runyenjes East,D,2389.2,1215.9,40,HDPE,474.5,7.77,37.28,35.03,1,6.94,-2.25,2.25,Normal
2024-10-09,Embu Green,A,4004.0,1017.9,32,HDPE,46.5,5.65,49.26,47.64,1,2.52,-1.62,1.62,Normal
2024-10-09,Kibugu-Nguviu,H,1805.6,1072.7,50,HDPE,799.3,7.96,38.84,36.39,2,5.73,-2.45,2.45,Normal
2024-10-09,Embu Green,F,1073.1,1089.7,32,HDPE,784.7,2.82,41.31,35.73,5,4.28,-5.58,5.58,Normal
2024-10-09,Embu Green,D,4063.2,1305.6,90,HDPE,411.1,4.9,32.54,30.12,5,1.88,-2.42,2.42,Normal
2024-10-09,Mwea Smallholder,D,3469.8,1345.0,90,GI,797.8,11.06,23.71,23.29,4,7.49,-0.42,0.42,Normal
2024-10-09,Runyenjes East,A,4283.2,950.5,75,PVC,461.4,4.45,46.97,44.45,2,3.59,-2.52,2.52,Normal
2024-10-10,Kibugu-Nguviu,G,2511.9,957.5,40,PVC,513.4,3.97,49.24,52.61,6,0.73,3.37,0.0,High Pressure
2024-10-10,Mwea Smallholder,D,4420.8,1172.0,75,GI,204.8,6.05,45.72,43.97,8,5.09,-1.75,1.75,Normal
2024-10-10,Runyenjes East,F,4337.2,996.7,50,PVC,37.8,3.15,53.11,53.12,6,3.08,0.01,0.0,High Pressure
2024-10-10,Mwea Smallholder,G,2463.7,1035.9,25,PVC,138.8,7.01,52.2,50.93,4,4.49,-1.27,1.27,High Pressure
2024-10-10,Mwea Smallholder,C,3489.9,1335.3,40,PVC,321.2,6.27,34.94,44.17,4,7.81,9.23,0.0,Normal
2024-10-10,Runyenjes East,E,1992.6,1255.7,50,HDPE,184.6,1.72,38.73,40.86,1,7.68,2.13,0.0,Normal
2024-10-11,Mwea Smallholder,B,4430.2,1338.4,32,PVC,639.1,6.09,28.95,27.29,5,3.75,-1.66,1.66,Normal
2024-10-11,Mwea Smallholder,A,3448.9,1125.6,63,PVC,664.7,6.08,37.51,37.93,6,5.29,0.42,0.0,Normal
2024-10-11,Embu Green,E,682.6,1016.4,90,PVC,545.9,2.97,43.63,44.59,5,6.32,0.96,0.0,Normal
2024-10-11,Kibugu-Nguviu,B,4197.8,962.5,32,PVC,462.3,7.95,47.62,47.38,10,6.54,-0.24,0.24,Normal
2024-10-11,Mwea Smallholder,D,254.1,1112.1,63,HDPE,797.2,4.9,37.44,35.87,10,6.92,-1.57,1.57,Normal
2024-10-11,Runyenjes East,E,3187.3,1167.7,40,HDPE,554.2,5.97,39.53,39.48,7,5.88,-0.05,0.05,Normal
2024-10-11,Kibugu-Nguviu,C,3093.5,1109.5,25,PVC,596.7,6.46,39.13,34.8,5,2.19,-4.33,4.33,Normal
2024-10-12,Mwea Smallholder,B,614.3,992.9,32,PVC,670.8,4.83,47.26,48.13,5,2.54,0.87,0.0,Normal
2024-10-12,Embu Green,C,4557.2,1258.1,75,PVC,499.0,5.09,32.14,34.37,8,2.73,2.23,0.0,Normal
2024-10-12,Runyenjes East,A,721.0,1316.2,50,HDPE,509.3,7.17,29.39,21.55,11,0.57,-7.84,7.84,Normal
2024-10-12,Embu Green,D,4336.7,1304.0,50,HDPE,576.6,5.05,34.68,30.17,8,5.02,-4.51,4.51,Normal
2024-10-13,Embu Green,E,3612.4,1346.7,40,PVC,110.8,8.67,39.43,41.42,5,5.78,1.99,0.0,Normal
2024-10-13,Embu Green,G,2338.2,990.8,50,PVC,773.8,6.17,39.61,42.92,6,1.14,3.31,0.0,Normal
2024-10-13,Mwea Smallholder,C,984.8,1289.4,40,PVC,722.6,4.81,32.4,21.39,9,5.07,-11.01,11.01,Normal
2024-10-13,Embu Green,B,394.5,1251.0,50,PVC,509.1,5.76,38.15,37.55,8,6.25,-0.6,0.6,Normal
2024-10-13,Kibugu-Nguviu,B,647.3,960.5,50,PVC,471.4,2.83,49.99,47.92,9,3.83,-2.07,2.07,Normal
2024-10-13,Embu Green,H,872.4,970.3,25,PVC,636.6,1.59,42.83,47.73,11,1.76,4.9,0.0,Normal
2024-10-13,Runyenjes East,A,3332.1,1117.6,40,PVC,545.2,3.39,36.65,38.73,5,7.79,2.08,0.0,Normal
2024-10-13,Embu Green,G,3218.6,1211.2,40,PVC,586.9,3.29,35.85,37.79,9,6.88,1.94,0.0,Normal
2024-10-14,Mwea Smallholder,F,4591.9,1142.8,50,HDPE,154.1,2.59,51.52,52.91,6,4.87,1.39,0.0,High Pressure
2024-10-14,Mwea Smallholder,H,2604.3,1110.9,50,PVC,144.2,5.67,43.29,45.25,4,0.55,1.96,0.0,Normal
2024-10-14,Embu Green,B,2056.8,979.5,40,PVC,749.4,6.51,44.09,47.16,6,7.49,3.07,0.0,Normal
2024-10-14,Kibugu-Nguviu,H,627.6,1027.4,90,HDPE,302.0,6.48,46.26,45.09,10,7.43,-1.17,1.17,Normal
2024-10-14,Runyenjes East,H,734.3,1104.0,75,GI,435.9,10.8,37.93,41.23,2,7.02,3.3,0.0,Normal
2024-10-14,Runyenjes East,A,1603.7,1017.2,32,PVC,458.6,6.26,46.38,44.48,8,4.45,-1.9,1.9,Normal
2024-10-14,Mwea Smallholder,H,2307.5,1131.1,75,HDPE,657.3,6.15,43.7,44.91,3,1.88,1.21,0.0,Normal
2024-10-14,Kibugu-Nguviu,B,2308.2,1231.7,25,PVC,113.2,1.17,39.48,31.43,10,3.55,-8.05,8.05,Normal
2024-10-14,Kibugu-Nguviu,C,3922.5,1098.8,40,PVC,247.0,4.3,45.01,40.31,9,1.01,-4.7,4.7,Normal
2024-10-14,Runyenjes East,H,3972.2,1283.7,63,PVC,725.8,5.62,30.68,28.36,3,6.27,-2.32,2.32,Normal
2024-10-14,Mwea Smallholder,H,1136.2,1163.8,63,PVC,247.4,11.95,40.83,42.05,8,2.46,1.22,0.0,Normal
2024-10-14,Kibugu-Nguviu,D,3238.1,1036.7,40,GI,405.1,3.11,43.17,41.93,11,0.86,-1.24,1.24,Normal
2024-10-15,Mwea Smallholder,C,722.0,1176.6,40,PVC,691.1,4.73,40.08,34.32,3,6.1,-5.76,5.76,Normal
2024-10-15,Kibugu-Nguviu,C,2733.3,1022.1,50,PVC,80.4,4.57,46.7,50.46,11,6.09,3.76,0.0,High Pressure
2024-10-15,Runyenjes East,A,319.4,1194.0,63,HDPE,440.2,4.05,41.05,36.77,4,3.5,-4.28,4.28,Normal
2024-10-15,Kibugu-Nguviu,E,3715.1,975.0,50,PVC,340.1,6.19,51.5,51.21,9,4.29,-0.29,0.29,High Pressure
2024-10-15,Mwea Smallholder,D,186.4,958.6,50,HDPE,602.2,4.26,43.82,46.36,11,2.54,2.54,0.0,Normal
2024-10-15,Mwea Smallholder,B,3390.5,1078.5,63,PVC,551.2,7.36,43.19,45.15,3,3.95,1.96,0.0,Normal
2024-10-15,Mwea Smallholder,H,1922.1,1228.1,63,HDPE,117.4,8.77,45.32,40.64,10,6.55,-4.68,4.68,Normal
2024-10-16,Runyenjes East,G,965.9,993.5,40,HDPE,532.7,8.0,47.29,55.43,6,3.17,8.14,0.0,High Pressure
2024-10-16,Embu Green,A,107.4,1044.1,40,PVC,121.1,4.39,47.27,49.8,9,7.02,2.53,0.0,Normal
2024-10-16,Embu Green,D,4160.9,1261.8,40,PVC,432.1,4.9,34.7,37.35,10,4.0,2.65,0.0,Normal
2024-10-16,Embu Green,E,705.2,1020.6,63,PVC,769.9,1.39,37.86,38.74,7,2.19,0.88,0.0,Normal
2024-10-16,Embu Green,A,1919.9,1114.2,63,GI,249.8,1.99,45.3,37.28,4,2.44,-8.02,8.02,Normal
2024-10-16,Kibugu-Nguviu,E,4774.8,1011.9,90,PVC,562.1,5.34,48.63,44.14,1,0.85,-4.49,4.49,Normal
2024-10-17,Embu Green,F,1802.4,1345.9,63,PVC,777.7,5.29,24.61,21.86,5,3.05,-2.75,2.75,Normal
2024-10-17,Kibugu-Nguviu,H,2288.4,1125.9,25,PVC,307.7,7.4,43.47,37.99,9,4.83,-5.48,5.48,Normal
2024-10-17,Mwea Smallholder,G,1336.3,1195.9,40,PVC,507.4,3.63,31.59,32.7,5,0.59,1.11,0.0,Normal
2024-10-17,Runyenjes East,F,4468.4,1337.0,32,PVC,375.5,5.84,29.66,28.62,1,7.4,-1.04,1.04,Normal
2024-10-17,Kibugu-Nguviu,E,4708.3,1258.6,75,PVC,596.5,6.82,36.66,22.12,7,5.56,-14.54,14.54,Normal
2024-10-18,Kibugu-Nguviu,D,3605.6,1083.2,50,PVC,464.7,5.26,45.51,45.91,9,5.3,0.4,0.0,Normal
2024-10-18,Kibugu-Nguviu,C,3045.9,1227.4,75,PVC,754.0,4.11,30.13,29.6,1,6.01,-0.53,0.53,Normal
2024-10-18,Runyenjes East,H,4722.0,1331.8,63,HDPE,293.6,2.55,33.6,34.19,1,7.71,0.59,0.0,Normal
2024-10-18,Mwea Smallholder,G,1073.4,1136.2,50,HDPE,381.1,6.2,42.72,37.57,8,4.94,-5.15,5.15,Normal
2024-10-18,Mwea Smallholder,C,2467.2,1096.1,75,HDPE,66.2,7.75,51.39,40.57,11,7.67,-10.82,10.82,Normal
2024-10-19,Embu Green,D,263.5,1165.8,40,PVC,414.4,3.96,42.18,38.88,5,0.56,-3.3,3.3,Normal
2024-10-19,Mwea Smallholder,A,2227.0,1104.4,25,PVC,581.4,3.03,40.37,41.83,3,5.77,1.46,0.0,Normal
2024-10-19,Embu Green,D,2291.4,1247.0,63,PVC,623.3,2.84,35.31,29.51,7,1.96,-5.8,5.8,Normal
2024-10-19,Embu Green,H,4845.9,1251.5,63,PVC,751.6,3.39,32.45,35.46,9,6.69,3.01,0.0,Normal
2024-10-19,Mwea Smallholder,C,3632.1,1041.5,63,PVC,516.3,4.48,44.88,46.53,7,5.02,1.65,0.0,Normal
2024-10-20,Embu Green,C,539.9,1331.3,50,HDPE,574.3,8.53,30.3,21.02,7,4.86,-9.28,9.28,Normal
2024-10-20,Runyenjes East,C,3333.7,1284.0,63,PVC,71.0,8.4,34.07,38.48,8,2.12,4.41,0.0,Normal
2024-10-20,Runyenjes East,F,2875.7,1232.1,40,PVC,611.4,1.92,35.03,31.45,9,1.03,-3.58,3.58,Normal
2024-10-20,Kibugu-Nguviu,A,3016.8,1140.1,50,PVC,311.6,3.69,46.47,48.19,10,4.33,1.72,0.0,Normal
2024-10-20,Runyenjes East,C,438.7,1019.3,50,PVC,602.1,7.58,42.78,43.78,1,1.79,1.0,0.0,Normal
2024-10-20,Runyenjes East,A,3218.7,1271.3,50,PVC,418.0,6.79,34.29,35.37,6,2.43,1.08,0.0,Normal
2024-10-20,Kibugu-Nguviu,G,3603.3,1019.4,63,HDPE,262.5,6.56,46.69,39.45,1,6.26,-7.24,7.24,Normal
2024-10-20,Embu Green,B,4581.0,1081.6,40,PVC,512.6,5.72,46.44,49.7,9,3.16,3.26,0.0,Normal
2024-10-20,Runyenjes East,A,1753.7,1201.3,50,PVC,535.3,5.26,35.32,29.59,10,7.95,-5.73,5.73,Normal
2024-10-20,Kibugu-Nguviu,B,3280.4,1043.5,50,HDPE,560.7,5.26,42.18,44.9,3,7.42,2.72,0.0,Normal
2024-10-21,Embu Green,G,3290.7,1278.9,40,PVC,545.1,5.94,38.23,38.7,1,5.4,0.47,0.0,Normal
2024-10-21,Kibugu-Nguviu,E,1772.9,1192.2,32,HDPE,514.5,9.0,40.23,41.84,3,6.37,1.61,0.0,Normal
2024-10-21,Runyenjes East,F,4574.6,1016.7,40,PVC,152.4,1.85,47.85,54.27,10,2.58,6.42,0.0,High Pressure
2024-10-21,Kibugu-Nguviu,E,59.2,1327.8,63,PVC,594.0,3.88,32.83,30.78,11,3.86,-2.05,2.05,Normal
2024-10-21,Mwea Smallholder,D,2115.5,1073.9,32,PVC,755.1,5.99,40.73,42.27,6,4.94,1.54,0.0,Normal
2024-10-21,Kibugu-Nguviu,C,3985.6,1152.1,32,PVC,751.6,3.49,32.66,28.78,2,3.91,-3.88,3.88,Normal
2024-10-21,Kibugu-Nguviu,H,2481.0,964.8,63,PVC,236.9,6.66,55.85,56.2,6,1.85,0.35,0.0,High Pressure
2024-10-21,Mwea Smallholder,B,2351.4,1232.8,75,PVC,225.9,3.79,38.44,50.44,9,7.3,12.0,0.0,High Pressure
2024-10-21,Embu Green,H,1763.5,1104.9,63,PVC,55.0,6.77,48.51,45.89,1,3.65,-2.62,2.62,Normal
2024-10-21,Kibugu-Nguviu,H,983.9,1347.3,32,PVC,690.7,4.57,29.28,26.22,3,3.07,-3.06,3.06,Normal
2024-10-22,Kibugu-Nguviu,C,3466.1,1057.8,25,PVC,418.6,6.69,40.9,39.72,11,5.0,-1.18,1.18,Normal
2024-10-22,Embu Green,C,1784.7,1122.9,63,GI,328.9,8.75,45.7,42.66,4,6.31,-3.04,3.04,Normal
2024-10-22,Kibugu-Nguviu,C,3517.3,1258.7,90,PVC,157.4,3.73,37.89,38.41,5,8.0,0.52,0.0,Normal
2024-10-22,Embu Green,G,1213.7,1203.8,25,PVC,56.8,3.62,40.76,36.31,6,1.66,-4.45,4.45,Normal
2024-10-22,Runyenjes East,E,4600.1,1001.4,75,HDPE,56.0,6.9,45.42,46.45,6,3.59,1.03,0.0,Normal
2024-10-22,Embu Green,E,2783.8,1293.0,50,HDPE,581.7,4.17,34.67,39.33,3,3.51,4.66,0.0,Normal
2024-10-23,Embu Green,C,1020.0,1207.7,75,PVC,432.7,2.75,36.48,34.26,5,0.52,-2.22,2.22,Normal
2024-10-23,Kibugu-Nguviu,D,2803.5,1133.7,75,HDPE,69.2,4.28,48.44,50.72,5,3.58,2.28,0.0,High Pressure
2024-10-23,Runyenjes East,A,1455.9,1207.8,63,PVC,98.4,1.67,39.38,36.47,1,1.17,-2.91,2.91,Normal
2024-10-23,Runyenjes East,E,2373.0,1295.7,63,GI,739.5,1.65,31.53,31.35,11,3.68,-0.18,0.18,Normal
2024-10-23,Kibugu-Nguviu,D,3898.0,1219.6,63,HDPE,71.2,4.29,41.91,46.11,2,4.39,4.2,0.0,Normal
2024-10-23,Runyenjes East,C,531.6,1141.2,32,PVC,240.9,6.19,41.75,37.54,8,2.89,-4.21,4.21,Normal
2024-10-23,Embu Green,C,2446.8,1129.4,50,PVC,341.0,5.65,47.82,46.46,5,3.73,-1.36,1.36,Normal
2024-10-23,Kibugu-Nguviu,A,3515.1,1070.6,25,PVC,69.3,9.24,50.12,49.49,11,7.82,-0.63,0.63,Normal
2024-10-24,Embu Green,B,2253.8,1251.0,75,PVC,84.7,6.4,41.22,35.89,7,4.52,-5.33,5.33,Normal
2024-10-24,Kibugu-Nguviu,F,217.5,1307.3,25,PVC,247.4,5.23,35.03,38.64,2,1.24,3.61,0.0,Normal
2024-10-24,Embu Green,F,3140.4,1307.6,40,PVC,703.0,4.98,27.35,28.9,3,1.13,1.55,0.0,Normal
2024-10-24,Embu Green,G,3553.1,1137.5,63,HDPE,265.8,7.08,43.81,45.29,8,4.33,1.48,0.0,Normal
2024-10-24,Runyenjes East,H,4102.2,1039.1,50,PVC,240.2,7.59,44.17,34.85,6,5.84,-9.32,9.32,Normal
2024-10-24,Mwea Smallholder,G,727.9,1276.5,50,PVC,336.1,4.95,33.86,27.53,4,5.04,-6.33,6.33,Normal
2024-10-24,Runyenjes East,E,2087.0,1045.4,63,PVC,47.8,7.63,47.29,46.82,5,0.74,-0.47,0.47,Normal
2024-10-24,Embu Green,D,1333.1,1299.3,40,PVC,596.7,5.51,30.97,29.12,2,2.55,-1.85,1.85,Normal
2024-10-25,Kibugu-Nguviu,H,1434.4,1214.4,32,HDPE,507.1,4.14,38.9,40.38,3,2.13,1.48,0.0,Normal
2024-10-25,Mwea Smallholder,A,4715.2,1134.7,90,HDPE,223.6,3.94,50.23,43.77,11,3.38,-6.46,6.46,Normal
2024-10-25,Kibugu-Nguviu,C,1459.9,1088.3,90,PVC,741.2,3.37,38.97,42.39,10,3.09,3.42,0.0,Normal
2024-10-25,Mwea Smallholder,E,3166.8,1341.8,32,PVC,150.2,3.33,34.74,20.85,3,6.8,-13.89,13.89,Normal
2024-10-25,Mwea Smallholder,H,3102.0,1091.9,40,GI,442.8,9.64,45.57,41.49,9,5.51,-4.08,4.08,Normal
2024-10-26,Embu Green,C,4463.4,1103.4,90,PVC,315.5,9.0,45.35,48.0,11,1.26,2.65,0.0,Normal
2024-10-26,Kibugu-Nguviu,G,2295.3,1103.2,50,GI,603.0,5.98,45.92,46.42,1,4.3,0.5,0.0,Normal
2024-10-26,Kibugu-Nguviu,C,239.7,1041.7,40,GI,165.6,2.68,46.69,44.02,3,5.93,-2.67,2.67,Normal
2024-10-26,Kibugu-Nguviu,A,3099.3,1345.9,63,HDPE,501.7,6.7,31.68,28.16,1,3.9,-3.52,3.52,Normal
2024-10-26,Mwea Smallholder,H,3658.2,1267.4,63,PVC,493.0,6.57,37.81,44.36,10,6.23,6.55,0.0,Normal
2024-10-27,Runyenjes East,F,3508.3,1104.0,40,PVC,632.7,5.12,48.06,45.23,3,0.87,-2.83,2.83,Normal
2024-10-27,Embu Green,A,2301.4,1297.1,75,PVC,320.7,5.46,36.49,39.35,9,6.05,2.86,0.0,Normal
2024-10-27,Runyenjes East,D,3253.2,1227.5,40,PVC,650.6,5.81,38.4,42.56,4,4.21,4.16,0.0,Normal
2024-10-27,Embu Green,E,3750.2,971.6,63,HDPE,362.2,3.7,45.68,40.03,1,3.35,-5.65,5.65,Normal
2024-10-27,Runyenjes East,A,4199.2,1264.6,40,PVC,89.6,3.99,35.94,36.71,1,2.82,0.77,0.0,Normal
2024-10-27,Embu Green,E,2058.1,1158.1,63,PVC,67.2,5.36,41.44,39.04,6,3.67,-2.4,2.4,Normal
2024-10-27,Runyenjes East,B,4173.9,1120.8,50,HDPE,467.2,7.52,39.33,44.02,2,4.19,4.69,0.0,Normal
2024-10-28,Mwea Smallholder,D,4639.2,1234.2,40,PVC,296.1,6.9,40.96,36.83,8,6.85,-4.13,4.13,Normal
2024-10-28,Kibugu-Nguviu,F,3642.1,1031.2,50,HDPE,124.5,2.85,44.25,43.05,5,7.94,-1.2,1.2,Normal
2024-10-28,Mwea Smallholder,G,3268.6,1331.2,40,GI,654.5,5.86,27.46,26.65,9,7.21,-0.81,0.81,Normal
2024-10-28,Kibugu-Nguviu,E,557.6,979.0,75,HDPE,271.8,6.24,52.29,42.86,11,5.16,-9.43,9.43,Normal
2024-10-28,Kibugu-Nguviu,B,3881.0,1187.6,50,PVC,459.2,4.73,39.09,40.46,4,5.58,1.37,0.0,Normal
2024-10-28,Runyenjes East,B,1663.9,970.3,63,PVC,289.7,6.14,44.51,44.78,6,4.23,0.27,0.0,Normal
2024-10-28,Mwea Smallholder,B,444.0,1132.4,63,GI,245.1,3.88,44.22,45.49,6,7.44,1.27,0.0,Normal
2024-10-29,Mwea Smallholder,A,1377.2,1231.3,75,PVC,605.8,4.93,34.01,33.19,6,5.86,-0.82,0.82,Normal
2024-10-29,Kibugu-Nguviu,D,1066.0,1246.8,63,HDPE,153.4,2.36,38.8,39.95,1,4.88,1.15,0.0,Normal
2024-10-29,Runyenjes East,D,4398.2,1225.1,40,PVC,724.1,3.43,38.59,39.07,8,1.67,0.48,0.0,Normal
2024-10-29,Kibugu-Nguviu,D,4974.3,1295.0,40,PVC,357.7,3.2,26.22,29.68,1,0.58,3.46,0.0,Normal
2024-10-29,Embu Green,G,4784.5,1331.7,63,PVC,292.1,5.7,38.46,30.64,10,3.78,-7.82,7.82,Normal
2024-10-29,Mwea Smallholder,H,798.5,1229.1,50,PVC,177.4,5.15,35.91,39.48,6,6.34,3.57,0.0,Normal
2024-10-29,Embu Green,F,168.5,1168.0,63,PVC,481.6,3.98,40.86,40.66,4,2.2,-0.2,0.2,Normal
2024-10-29,Embu Green,C,4126.5,1139.5,50,HDPE,189.1,8.74,44.37,38.82,11,4.34,-5.55,5.55,Normal
2024-10-30,Embu Green,F,4631.5,960.6,75,PVC,567.1,5.85,49.79,40.04,10,7.88,-9.75,9.75,Normal
2024-10-30,Runyenjes East,G,2345.1,1303.0,63,PVC,351.4,4.45,33.31,34.26,1,6.86,0.95,0.0,Normal
2024-10-30,Kibugu-Nguviu,C,3325.6,990.3,50,HDPE,143.0,4.21,50.96,50.72,9,2.17,-0.24,0.24,High Pressure
2024-10-30,Embu Green,F,870.6,1005.2,25,PVC,768.7,4.11,42.29,33.44,11,5.63,-8.85,8.85,Normal
2024-10-30,Kibugu-Nguviu,B,118.0,1345.8,50,GI,283.5,6.07,31.08,25.56,8,6.98,-5.52,5.52,Normal
2024-10-31,Mwea Smallholder,H,4552.1,1317.3,75,GI,623.4,7.56,32.26,37.64,4,5.48,5.38,0.0,Normal
2024-10-31,Embu Green,B,3128.7,1259.1,50,PVC,52.5,2.01,43.15,44.76,3,3.71,1.61,0.0,Normal
2024-10-31,Runyenjes East,C,4643.8,1165.2,25,GI,408.3,2.95,35.03,32.31,9,1.52,-2.72,2.72,Normal
2024-10-31,Kibugu-Nguviu,A,4843.1,1127.9,50,HDPE,794.3,4.21,41.09,33.95,1,0.96,-7.14,7.14,Normal
2024-10-31,Embu Green,E,1175.8,1316.0,40,PVC,165.2,3.64,33.19,26.93,6,2.79,-6.26,6.26,Normal
2024-10-31,Mwea Smallholder,D,1164.5,1036.0,63,HDPE,123.8,6.9,45.76,46.36,7,6.92,0.6,0.0,Normal
2024-10-31,Runyenjes East,E,720.6,1046.6,25,PVC,547.2,4.34,44.79,49.04,11,7.28,4.25,0.0,Normal
2024-10-31,Embu Green,A,2639.7,1116.1,90,GI,400.9,4.14,41.95,37.93,6,2.84,-4.02,4.02,Normal
2024-10-31,Kibugu-Nguviu,G,2365.9,1110.7,32,PVC,356.7,5.46,41.78,40.58,5,7.13,-1.2,1.2,Normal
2024-10-31,Runyenjes East,H,4514.5,1104.8,32,PVC,551.3,8.22,43.72,46.57,1,5.51,2.85,0.0,Normal
2024-10-31,Runyenjes East,H,2790.5,1215.1,75,PVC,350.9,5.0,36.8,35.33,2,0.78,-1.47,1.47,Normal
2024-10-31,Runyenjes East,E,3282.4,1184.8,50,HDPE,384.8,5.35,38.49,42.55,7,5.58,4.06,0.0,Normal
2024-11-01,Embu Green,H,1270.1,1139.5,25,PVC,671.5,7.23,40.43,43.37,8,7.28,2.94,0.0,Normal
2024-11-01,Embu Green,H,4180.9,1326.7,75,PVC,541.8,5.71,28.76,31.03,4,5.13,2.27,0.0,Normal
2024-11-01,Kibugu-Nguviu,E,665.3,980.4,25,HDPE,320.4,6.47,50.67,47.27,1,2.64,-3.4,3.4,Normal
2024-11-01,Mwea Smallholder,B,3841.2,1064.9,40,PVC,311.5,3.98,42.27,39.99,10,7.62,-2.28,2.28,Normal
2024-11-01,Kibugu-Nguviu,D,2870.1,1059.8,75,PVC,409.4,8.7,43.07,38.62,7,6.03,-4.45,4.45,Normal
2024-11-01,Embu Green,B,2818.9,1166.7,75,PVC,761.5,5.15,33.22,35.1,10,4.69,1.88,0.0,Normal
2024-11-01,Runyenjes East,E,2421.9,1072.2,50,PVC,316.7,4.73,43.9,43.7,6,7.65,-0.2,0.2,Normal
2024-11-01,Mwea Smallholder,C,2054.0,1177.8,63,PVC,292.3,6.72,38.15,29.49,5,3.57,-8.66,8.66,Normal
2024-11-01,Mwea Smallholder,B,4092.9,1296.0,50,PVC,558.1,5.46,37.71,44.09,1,1.86,6.38,0.0,Normal
2024-11-01,Mwea Smallholder,E,712.1,1310.9,25,HDPE,694.3,5.97,26.39,28.04,10,5.8,1.65,0.0,Normal
2024-11-01,Runyenjes East,F,1922.2,1307.4,75,GI,778.9,8.32,28.67,21.66,7,5.78,-7.01,7.01,Normal
2024-11-02,Embu Green,G,1117.8,1106.2,50,HDPE,383.0,2.38,39.63,43.43,2,6.1,3.8,0.0,Normal
2024-11-02,Kibugu-Nguviu,B,1579.0,1327.4,63,PVC,783.2,4.08,20.13,15.69,7,5.56,-4.44,4.44,Normal
2024-11-02,Runyenjes East,H,3784.1,1113.8,32,PVC,491.6,5.26,38.75,42.65,8,4.97,3.9,0.0,Normal
2024-11-02,Embu Green,B,4882.2,1294.9,75,PVC,474.3,4.99,35.3,40.01,5,2.59,4.71,0.0,Normal
2024-11-02,Mwea Smallholder,F,977.2,1086.3,75,PVC,42.3,4.76,45.61,41.01,4,7.34,-4.6,4.6,Normal
2024-11-02,Embu Green,F,3465.4,1146.3,40,HDPE,64.0,4.13,48.29,47.9,1,6.9,-0.39,0.39,Normal
2024-11-02,Kibugu-Nguviu,F,3312.7,1303.2,32,PVC,347.6,3.81,39.63,41.23,10,1.12,1.6,0.0,Normal
2024-11-02,Kibugu-Nguviu,H,288.3,1008.6,75,HDPE,147.7,5.64,51.93,56.21,1,2.27,4.28,0.0,High Pressure
2024-11-02,Mwea Smallholder,F,354.5,1337.9,25,PVC,579.5,0.5,26.9,29.84,1,3.38,2.94,0.0,Normal
2024-11-02,Runyenjes East,B,349.1,1123.8,90,GI,423.4,6.76,41.77,40.41,7,3.23,-1.36,1.36,Normal
2024-11-03,Runyenjes East,D,3700.0,1320.6,75,HDPE,522.1,0.5,34.02,36.19,8,5.54,2.17,0.0,Normal
2024-11-03,Mwea Smallholder,B,568.0,1018.1,63,GI,600.0,5.95,49.28,53.79,3,4.66,4.51,0.0,High Pressure
2024-11-03,Embu Green,E,65.4,1094.0,50,PVC,313.8,4.64,46.61,51.44,7,6.99,4.83,0.0,High Pressure
2024-11-03,Embu Green,E,2913.2,1143.3,75,PVC,706.8,7.58,39.26,38.15,8,3.63,-1.11,1.11,Normal
2024-11-03,Mwea Smallholder,D,490.1,1162.3,75,GI,118.5,0.96,47.19,40.81,5,2.56,-6.38,6.38,Normal
2024-11-04,Mwea Smallholder,C,2115.8,1259.1,40,GI,377.4,6.3,35.18,45.46,11,6.08,10.28,0.0,Normal
2024-11-04,Runyenjes East,C,3050.7,1118.3,63,PVC,782.5,5.83,36.03,31.0,3,2.23,-5.03,5.03,Normal
2024-11-04,Embu Green,E,4819.3,1336.7,90,PVC,397.1,5.24,33.65,34.16,4,1.14,0.51,0.0,Normal
2024-11-04,Mwea Smallholder,D,953.2,1173.2,40,PVC,681.8,7.8,35.61,34.42,11,2.36,-1.19,1.19,Normal
2024-11-04,Embu Green,A,3095.6,1001.7,32,HDPE,651.4,4.08,42.09,37.77,10,6.45,-4.32,4.32,Normal
2024-11-04,Embu Green,H,4909.2,1072.0,50,HDPE,267.2,7.34,47.22,48.94,10,3.23,1.72,0.0,Normal
2024-11-04,Runyenjes East,G,228.6,1250.6,63,PVC,526.9,7.32,33.31,33.17,6,2.18,-0.14,0.14,Normal
2024-11-04,Kibugu-Nguviu,G,105.2,1089.1,40,PVC,551.2,3.27,32.48,30.53,10,1.01,-1.95,1.95,Normal
2024-11-04,Kibugu-Nguviu,F,3694.1,1019.8,40,PVC,739.4,5.58,46.9,46.42,1,5.26,-0.48,0.48,Normal
2024-11-04,Embu Green,E,3124.5,1195.3,63,HDPE,505.1,3.99,44.73,38.39,3,7.37,-6.34,6.34,Normal
2024-11-04,Kibugu-Nguviu,B,2661.5,1192.7,25,HDPE,480.0,8.22,35.53,39.46,10,6.24,3.93,0.0,Normal
2024-11-04,Kibugu-Nguviu,D,1828.0,1030.8,32,GI,503.9,3.09,44.11,39.51,10,2.37,-4.6,4.6,Normal
2024-11-04,Kibugu-Nguviu,H,2292.8,1080.9,75,GI,790.6,8.62,40.93,43.49,9,6.04,2.56,0.0,Normal
2024-11-05,Runyenjes East,A,2242.3,1339.5,50,PVC,555.1,6.26,35.35,29.92,11,7.79,-5.43,5.43,Normal
2024-11-05,Mwea Smallholder,H,395.6,985.8,40,PVC,510.9,4.82,48.6,36.33,4,2.03,-12.27,12.27,Normal
2024-11-05,Runyenjes East,B,4584.0,1250.3,50,PVC,241.7,0.97,40.94,39.63,11,2.24,-1.31,1.31,Normal
2024-11-05,Mwea Smallholder,C,4303.9,1162.8,25,PVC,737.2,5.33,39.91,38.72,4,3.72,-1.19,1.19,Normal
2024-11-05,Kibugu-Nguviu,C,203.1,1301.0,63,PVC,254.7,7.77,40.57,42.83,11,3.9,2.26,0.0,Normal
2024-11-06,Mwea Smallholder,A,2328.6,1283.9,75,PVC,587.7,1.81,32.76,29.37,6,6.32,-3.39,3.39,Normal
2024-11-06,Kibugu-Nguviu,D,1228.7,1314.1,40,PVC,591.6,3.67,34.53,40.14,1,1.68,5.61,0.0,Normal
2024-11-06,Kibugu-Nguviu,C,2609.2,1028.6,40,HDPE,692.5,7.24,43.17,37.27,3,5.61,-5.9,5.9,Normal
2024-11-06,Runyenjes East,B,3108.1,1281.2,75,HDPE,779.9,5.78,29.75,22.62,10,6.08,-7.13,7.13,Normal
2024-11-06,Runyenjes East,E,3643.3,1206.0,75,PVC,282.3,2.81,41.54,42.7,6,2.96,1.16,0.0,Normal
2024-11-06,Embu Green,H,3309.1,1181.0,32,GI,156.1,8.52,43.04,42.84,7,7.91,-0.2,0.2,Normal
2024-11-07,Kibugu-Nguviu,D,3197.9,1130.6,63,PVC,294.9,4.39,45.41,41.03,11,7.85,-4.38,4.38,Normal
2024-11-07,Runyenjes East,D,3372.2,1139.5,75,PVC,732.7,4.78,39.4,40.86,8,6.03,1.46,0.0,Normal
2024-11-07,Mwea Smallholder,E,420.8,1307.4,75,PVC,230.7,6.7,29.9,28.5,10,1.53,-1.4,1.4,Normal
2024-11-07,Mwea Smallholder,E,3526.7,1121.8,50,PVC,643.6,1.36,32.33,36.28,1,7.44,3.95,0.0,Normal
2024-11-07,Kibugu-Nguviu,A,4902.1,1321.6,90,PVC,458.5,2.34,31.91,30.01,11,6.82,-1.9,1.9,Normal
2024-11-07,Mwea Smallholder,H,2922.6,1224.4,90,PVC,603.8,5.9,34.54,30.58,5,5.8,-3.96,3.96,Normal
2024-11-07,Mwea Smallholder,F,1543.9,1016.6,40,PVC,486.9,7.1,43.91,41.41,2,5.34,-2.5,2.5,Normal
2024-11-07,Embu Green,C,3591.0,1213.0,32,HDPE,240.5,10.13,36.92,38.96,3,6.65,2.04,0.0,Normal
2024-11-07,Runyenjes East,G,2608.6,1139.9,75,PVC,343.6,4.59,47.17,40.96,1,7.6,-6.21,6.21,Normal
2024-11-08,Runyenjes East,G,4790.0,1067.6,75,PVC,221.3,1.46,43.56,40.55,6,1.93,-3.01,3.01,Normal
2024-11-08,Embu Green,H,797.5,1326.4,90,HDPE,142.0,4.6,38.53,31.14,5,6.01,-7.39,7.39,Normal
2024-11-08,Mwea Smallholder,H,1276.5,1206.3,75,HDPE,464.9,3.53,38.73,31.34,9,6.76,-7.39,7.39,Normal
2024-11-08,Mwea Smallholder,F,1862.0,1039.2,40,PVC,74.2,4.63,50.61,53.04,10,7.63,2.43,0.0,High Pressure
2024-11-08,Embu Green,B,2838.8,1319.7,50,GI,694.5,2.01,25.19,25.41,8,2.31,0.22,0.0,Normal
2024-11-09,Mwea Smallholder,G,172.4,1180.4,90,HDPE,736.6,6.82,33.75,27.57,7,6.68,-6.18,6.18,Normal
2024-11-09,Mwea Smallholder,G,3353.4,1053.2,50,HDPE,279.4,1.19,43.55,44.52,4,1.03,0.97,0.0,Normal
2024-11-09,Runyenjes East,A,4873.0,957.2,75,PVC,545.4,4.01,50.19,49.77,8,2.16,-0.42,0.42,Normal
2024-11-09,Runyenjes East,H,451.3,1077.4,32,HDPE,469.2,5.26,47.5,43.57,8,1.81,-3.93,3.93,Normal
2024-11-09,Mwea Smallholder,F,540.6,1321.2,63,GI,139.0,0.69,41.51,41.44,2,6.52,-0.07,0.07,Normal
2024-11-09,Mwea Smallholder,C,160.4,1285.6,90,PVC,796.5,3.91,28.25,28.49,2,7.3,0.24,0.0,Normal
2024-11-09,Mwea Smallholder,C,4285.9,1272.7,50,PVC,473.3,4.66,35.14,37.48,10,2.1,2.34,0.0,Normal
2024-11-09,Mwea Smallholder,E,4634.2,1022.8,50,PVC,207.2,7.37,47.68,54.78,1,1.69,7.1,0.0,High Pressure
2024-11-10,Embu Green,C,2871.0,1028.5,90,PVC,336.6,5.46,48.8,45.9,7,5.2,-2.9,2.9,Normal
2024-11-10,Kibugu-Nguviu,G,1328.9,1271.4,90,GI,572.7,7.01,36.53,35.15,7,6.98,-1.38,1.38,Normal
2024-11-10,Embu Green,F,4568.4,1291.0,63,PVC,262.4,8.85,35.56,32.62,1,1.67,-2.94,2.94,Normal
2024-11-10,Kibugu-Nguviu,C,238.3,976.3,40,GI,48.9,6.52,50.58,41.95,2,0.58,-8.63,8.63,Normal
2024-11-10,Embu Green,H,1609.9,1037.3,50,PVC,155.0,5.44,46.47,46.12,1,7.75,-0.35,0.35,Normal
2024-11-10,Runyenjes East,B,4839.5,1173.8,63,PVC,265.8,6.45,41.93,43.75,2,6.67,1.82,0.0,Normal
2024-11-11,Kibugu-Nguviu,A,3541.9,1124.6,50,PVC,573.9,4.61,33.07,32.52,11,1.38,-0.55,0.55,Normal
2024-11-11,Embu Green,D,1762.8,1235.9,50,PVC,190.6,3.49,40.45,41.64,11,4.0,1.19,0.0,Normal
2024-11-11,Runyenjes East,G,3979.1,1278.3,40,PVC,468.2,4.32,30.92,34.2,8,0.93,3.28,0.0,Normal
2024-11-11,Kibugu-Nguviu,D,2611.0,1088.7,90,HDPE,478.6,2.02,40.34,36.9,10,3.25,-3.44,3.44,Normal
2024-11-11,Runyenjes East,D,819.0,968.2,40,GI,633.6,8.13,48.29,43.25,2,2.57,-5.04,5.04,Normal
2024-11-11,Kibugu-Nguviu,A,2802.4,1128.6,75,PVC,409.2,5.55,41.31,41.09,11,6.1,-0.22,0.22,Normal
2024-11-12,Mwea Smallholder,D,1627.2,971.4,75,HDPE,739.3,4.57,44.81,40.72,10,0.72,-4.09,4.09,Normal
2024-11-12,Runyenjes East,A,1309.6,952.9,40,HDPE,105.2,4.82,55.32,59.24,10,2.88,3.92,0.0,High Pressure
2024-11-12,Mwea Smallholder,D,4471.2,1122.1,32,GI,398.3,3.92,47.35,49.44,4,6.15,2.09,0.0,Normal
2024-11-12,Kibugu-Nguviu,C,3471.4,1245.4,40,HDPE,668.3,3.68,28.79,23.0,7,2.4,-5.79,5.79,Normal
2024-11-12,Runyenjes East,B,3832.6,1263.4,25,PVC,488.7,3.76,33.95,29.76,8,2.19,-4.19,4.19,Normal
2024-11-13,Runyenjes East,E,4180.2,1047.0,32,PVC,295.2,3.91,48.27,48.31,7,7.7,0.04,0.0,Normal
2024-11-13,Mwea Smallholder,F,1413.1,1165.2,75,PVC,250.4,6.39,41.06,30.14,6,7.69,-10.92,10.92,Normal
2024-11-13,Mwea Smallholder,E,3251.5,1176.3,75,PVC,116.6,3.9,39.04,39.52,7,2.56,0.48,0.0,Normal
2024-11-13,Kibugu-Nguviu,D,3106.0,1348.6,40,PVC,116.3,5.08,39.68,50.95,8,6.33,11.27,0.0,High Pressure
2024-11-13,Embu Green,A,4898.1,1162.9,50,HDPE,620.1,3.41,36.61,34.22,11,7.5,-2.39,2.39,Normal
2024-11-13,Runyenjes East,F,530.4,982.1,75,PVC,159.5,6.46,47.79,50.87,5,4.0,3.08,0.0,High Pressure
2024-11-13,Kibugu-Nguviu,E,689.0,1017.3,32,PVC,147.1,2.49,49.52,49.3,9,3.99,-0.22,0.22,Normal
2024-11-13,Kibugu-Nguviu,H,4202.5,966.5,75,PVC,723.7,3.53,38.14,38.7,4,4.55,0.56,0.0,Normal
2024-11-13,Mwea Smallholder,E,3993.3,1294.2,63,PVC,43.7,5.39,35.51,35.31,6,4.34,-0.2,0.2,Normal
2024-11-13,Runyenjes East,A,1030.2,1177.0,75,HDPE,190.3,4.11,43.76,47.29,4,7.77,3.53,0.0,Normal
2024-11-14,Embu Green,F,165.8,1193.5,90,PVC,788.8,5.7,32.54,33.54,3,5.23,1.0,0.0,Normal
2024-11-14,Embu Green,G,654.0,1017.5,63,PVC,520.3,9.04,44.57,45.18,7,2.43,0.61,0.0,Normal
2024-11-14,Kibugu-Nguviu,F,3647.1,970.0,25,PVC,397.4,6.2,47.14,52.98,8,5.31,5.84,0.0,High Pressure
2024-11-14,Embu Green,C,3067.9,1161.8,32,PVC,729.5,6.65,37.7,32.06,3,2.9,-5.64,5.64,Normal
2024-11-15,Kibugu-Nguviu,B,1655.1,1305.2,63,HDPE,100.8,3.69,42.96,44.26,1,2.27,1.3,0.0,Normal
2024-11-15,Mwea Smallholder,G,3565.3,1119.0,40,PVC,688.5,6.24,40.83,38.95,9,0.54,-1.88,1.88,Normal
2024-11-15,Mwea Smallholder,H,3882.8,1140.8,40,PVC,595.5,7.25,38.33,44.63,4,6.05,6.3,0.0,Normal
2024-11-15,Mwea Smallholder,D,3801.2,1145.3,63,PVC,256.0,4.94,40.66,43.22,2,7.07,2.56,0.0,Normal
2024-11-15,Mwea Smallholder,F,1955.1,1013.5,75,HDPE,417.6,5.86,43.33,43.05,7,5.34,-0.28,0.28,Normal
2024-11-15,Mwea Smallholder,E,555.5,1117.1,32,PVC,607.9,2.46,36.01,27.35,6,3.74,-8.66,8.66,Normal
2024-11-15,Runyenjes East,E,2523.5,1254.0,50,PVC,542.1,5.0,36.26,35.82,1,1.33,-0.44,0.44,Normal
2024-11-16,Mwea Smallholder,C,430.1,978.0,63,PVC,362.9,3.51,50.64,51.89,6,4.67,1.25,0.0,High Pressure
2024-11-16,Kibugu-Nguviu,C,1789.8,974.7,50,PVC,615.1,1.37,49.08,48.95,3,2.17,-0.13,0.13,Normal
2024-11-17,Runyenjes East,F,4756.6,1244.2,50,HDPE,186.9,6.47,37.18,31.21,6,3.86,-5.97,5.97,Normal
2024-11-17,Embu Green,A,3047.8,1205.7,90,PVC,765.2,5.31,33.3,40.07,1,7.95,6.77,0.0,Normal
2024-11-17,Runyenjes East,E,161.9,1229.7,63,PVC,438.7,1.59,35.8,33.45,2,3.61,-2.35,2.35,Normal
2024-11-17,Mwea Smallholder,B,3980.0,1161.9,63,PVC,484.1,3.21,39.69,41.23,4,3.66,1.54,0.0,Normal
2024-11-17,Kibugu-Nguviu,D,2852.1,1238.8,32,HDPE,538.9,7.37,42.34,47.95,7,0.86,5.61,0.0,Normal
2024-11-17,Runyenjes East,B,3556.4,1001.5,75,HDPE,238.3,4.19,52.99,42.46,10,5.91,-10.53,10.53,Normal
2024-11-17,Mwea Smallholder,C,1272.0,1242.0,75,PVC,151.2,3.57,38.57,38.27,11,2.65,-0.3,0.3,Normal
2024-11-18,Embu Green,C,2068.3,1218.0,25,HDPE,255.8,2.43,42.33,44.43,2,6.43,2.1,0.0,Normal
2024-11-18,Mwea Smallholder,E,18.0,967.5,75,PVC,132.8,4.67,57.38,49.0,2,6.01,-8.38,8.38,Normal
2024-11-18,Mwea Smallholder,F,586.4,1304.6,40,PVC,564.1,3.16,33.53,29.01,11,7.26,-4.52,4.52,Normal
2024-11-18,Kibugu-Nguviu,A,4777.3,1297.1,75,HDPE,36.5,5.95,36.59,35.64,2,3.18,-0.95,0.95,Normal
2024-11-18,Embu Green,G,1042.1,1311.0,25,PVC,177.0,7.93,38.82,39.56,1,5.5,0.74,0.0,Normal
2024-11-18,Runyenjes East,D,4976.7,1279.2,40,PVC,120.0,4.86,40.35,43.07,8,5.34,2.72,0.0,Normal
2024-11-18,Embu Green,G,2186.5,1264.9,50,PVC,524.3,4.89,33.07,36.58,6,1.84,3.51,0.0,Normal
2024-11-19,Kibugu-Nguviu,D,2819.1,1082.2,63,PVC,551.4,3.02,41.38,32.84,10,7.49,-8.54,8.54,Normal
2024-11-19,Kibugu-Nguviu,A,4295.5,1308.8,25,PVC,701.3,3.22,25.86,28.49,10,7.07,2.63,0.0,Normal
2024-11-19,Mwea Smallholder,E,226.4,1204.2,32,PVC,310.5,4.59,45.39,47.22,3,7.26,1.83,0.0,Normal
2024-11-19,Mwea Smallholder,C,1394.5,1100.6,25,HDPE,666.3,5.69,40.22,41.04,7,3.0,0.82,0.0,Normal
2024-11-19,Embu Green,A,981.9,1181.7,90,PVC,40.1,7.48,45.9,40.27,2,3.7,-5.63,5.63,Normal
2024-11-20,Kibugu-Nguviu,A,4432.4,1141.9,25,PVC,166.7,6.11,43.01,42.26,7,3.45,-0.75,0.75,Normal
2024-11-20,Kibugu-Nguviu,H,981.7,1136.8,32,GI,283.0,2.05,45.35,34.94,2,5.94,-10.41,10.41,Normal
2024-11-20,Embu Green,A,598.8,1063.0,90,PVC,673.0,2.64,48.67,42.74,9,2.32,-5.93,5.93,Normal
2024-11-20,Mwea Smallholder,D,817.4,1316.3,40,GI,272.2,6.58,44.2,45.28,8,3.36,1.08,0.0,Normal
2024-11-20,Mwea Smallholder,G,3453.1,1063.6,63,PVC,723.9,8.27,40.57,32.33,2,4.9,-8.24,8.24,Normal
2024-11-20,Runyenjes East,D,4380.6,1193.9,32,PVC,421.4,6.74,41.26,38.74,10,3.76,-2.52,2.52,Normal
2024-11-20,Runyenjes East,E,264.9,1203.4,40,PVC,43.7,5.3,45.68,42.57,8,3.63,-3.11,3.11,Normal
2024-11-20,Kibugu-Nguviu,B,489.3,1234.6,40,PVC,248.7,6.17,43.81,42.87,1,7.87,-0.94,0.94,Normal
2024-11-20,Runyenjes East,F,1165.8,1266.1,40,PVC,653.2,2.69,39.72,44.69,4,2.18,4.97,0.0,Normal
2024-11-20,Runyenjes East,F,3771.2,1118.3,50,PVC,206.7,8.58,38.7,36.57,11,6.03,-2.13,2.13,Normal
2024-11-20,Embu Green,C,2224.6,1098.5,32,PVC,108.0,5.73,56.46,54.43,6,5.26,-2.03,2.03,High Pressure
2024-11-21,Embu Green,B,585.3,1272.6,63,PVC,62.4,4.95,37.54,40.06,8,3.14,2.52,0.0,Normal
2024-11-21,Kibugu-Nguviu,H,2820.2,980.2,32,PVC,72.7,5.56,56.01,53.76,1,7.79,-2.25,2.25,High Pressure
2024-11-21,Embu Green,H,1376.7,982.7,40,PVC,270.3,5.3,52.34,50.78,1,1.1,-1.56,1.56,High Pressure
2024-11-21,Runyenjes East,A,4470.1,971.8,90,PVC,269.4,5.02,53.03,55.96,7,1.99,2.93,0.0,High Pressure
2024-11-21,Runyenjes East,E,2279.8,1285.2,75,PVC,722.8,6.06,31.54,31.8,6,1.14,0.26,0.0,Normal
2024-11-21,Mwea Smallholder,B,1639.3,1276.3,63,PVC,384.2,6.89,32.28,29.07,4,6.52,-3.21,3.21,Normal
2024-11-21,Runyenjes East,H,3608.1,1053.3,63,HDPE,635.6,4.74,38.47,41.06,10,5.48,2.59,0.0,Normal
2024-11-21,Kibugu-Nguviu,B,420.4,1294.0,90,PVC,681.9,3.57,32.5,35.71,10,6.72,3.21,0.0,Normal
2024-11-22,Embu Green,A,3433.9,1323.2,75,PVC,505.3,5.88,31.0,30.6,11,2.47,-0.4,0.4,Normal
2024-11-22,Embu Green,G,976.7,1014.9,90,PVC,641.6,1.75,44.42,42.48,6,2.92,-1.94,1.94,Normal
2024-11-22,Embu Green,E,3169.9,1201.3,75,PVC,273.1,4.3,43.67,41.46,3,5.12,-2.21,2.21,Normal
2024-11-22,Runyenjes East,G,4557.9,1149.9,50,PVC,40.2,7.32,45.38,39.76,6,4.49,-5.62,5.62,Normal
2024-11-22,Kibugu-Nguviu,C,4564.6,1241.7,63,PVC,128.0,5.22,42.01,43.68,9,5.62,1.67,0.0,Normal
2024-11-22,Runyenjes East,G,2485.3,1109.5,63,PVC,769.2,6.34,38.95,33.58,6,4.99,-5.37,5.37,Normal
2024-11-22,Embu Green,B,4595.6,1076.2,50,PVC,274.0,6.47,44.91,35.77,6,2.1,-9.14,9.14,Normal
2024-11-22,Mwea Smallholder,F,54.1,987.8,40,PVC,664.6,7.73,43.69,38.01,2,7.44,-5.68,5.68,Normal
2024-11-23,Mwea Smallholder,G,2510.0,1230.8,32,PVC,523.8,6.56,36.01,37.14,2,6.03,1.13,0.0,Normal
2024-11-23,Embu Green,G,2008.4,1077.6,90,PVC,224.4,5.89,46.52,43.05,11,6.63,-3.47,3.47,Normal
2024-11-23,Kibugu-Nguviu,E,3870.2,1259.4,32,HDPE,562.6,4.34,28.45,25.49,1,2.92,-2.96,2.96,Normal
2024-11-23,Runyenjes East,F,4927.9,1217.8,75,GI,709.2,7.12,34.27,31.33,4,5.4,-2.94,2.94,Normal
2024-11-23,Embu Green,H,4861.6,1109.9,63,PVC,177.3,3.81,47.19,49.91,2,5.17,2.72,0.0,Normal
2024-11-23,Mwea Smallholder,C,3846.4,1202.8,40,PVC,657.2,4.43,37.59,33.41,7,4.18,-4.18,4.18,Normal
2024-11-24,Mwea Smallholder,G,2223.3,1024.9,50,HDPE,346.5,3.31,49.35,48.76,5,1.14,-0.59,0.59,Normal
2024-11-24,Mwea Smallholder,A,3516.8,1207.0,75,PVC,501.9,10.28,32.95,36.42,9,4.66,3.47,0.0,Normal
2024-11-24,Runyenjes East,D,4694.4,951.4,50,PVC,691.8,6.95,51.29,47.75,8,3.03,-3.54,3.54,Normal
2024-11-25,Embu Green,D,1772.2,1136.5,75,HDPE,514.4,5.72,35.07,20.95,2,6.84,-14.12,14.12,Normal
2024-11-25,Embu Green,B,3751.2,1300.1,40,HDPE,614.7,0.5,30.54,28.69,2,5.64,-1.85,1.85,Normal
2024-11-25,Mwea Smallholder,B,3556.2,1083.8,75,HDPE,36.4,7.55,48.0,47.78,4,0.85,-0.22,0.22,Normal
2024-11-25,Runyenjes East,B,1729.2,1235.9,50,PVC,227.6,4.41,36.25,33.62,5,4.32,-2.63,2.63,Normal
2024-11-26,Embu Green,H,1269.0,1231.8,63,GI,488.7,2.71,38.66,31.8,10,2.1,-6.86,6.86,Normal
2024-11-26,Embu Green,H,1604.2,1115.4,40,PVC,507.9,6.62,44.38,43.94,5,5.99,-0.44,0.44,Normal
2024-11-26,Mwea Smallholder,D,3090.7,1174.1,75,HDPE,199.7,4.93,41.49,47.13,6,7.58,5.64,0.0,Normal
2024-11-26,Runyenjes East,H,1186.5,1106.6,40,HDPE,499.2,4.91,37.44,42.26,8,2.92,4.82,0.0,Normal
2024-11-26,Embu Green,D,4915.4,1344.8,40,GI,430.0,3.8,24.36,25.8,9,2.92,1.44,0.0,Normal
2024-11-26,Runyenjes East,A,1513.2,987.2,25,PVC,788.2,6.79,41.63,27.68,1,4.74,-13.95,13.95,Normal
2024-11-26,Kibugu-Nguviu,A,1299.8,1020.8,50,HDPE,266.2,6.44,53.22,51.61,9,3.33,-1.61,1.61,High Pressure
2024-11-26,Embu Green,D,2514.1,1279.9,90,PVC,90.4,3.77,37.28,42.12,3,7.4,4.84,0.0,Normal
2024-11-26,Kibugu-Nguviu,D,2028.1,1058.0,75,PVC,750.6,6.81,38.91,40.53,9,1.73,1.62,0.0,Normal
2024-11-26,Runyenjes East,A,1867.0,1003.1,40,GI,350.5,4.66,50.85,49.4,3,3.62,-1.45,1.45,Normal
2024-11-26,Mwea Smallholder,A,1575.2,1249.5,63,HDPE,328.0,6.19,36.75,34.91,9,6.76,-1.84,1.84,Normal
2024-11-26,Embu Green,E,2504.0,1155.1,40,PVC,97.5,3.61,41.32,37.74,2,2.98,-3.58,3.58,Normal
2024-11-26,Kibugu-Nguviu,G,1153.2,1205.3,32,PVC,112.9,4.61,41.21,39.42,2,6.51,-1.79,1.79,Normal
2024-11-26,Mwea Smallholder,G,135.7,1075.8,90,PVC,559.3,6.28,43.83,42.33,2,5.86,-1.5,1.5,Normal
2024-11-27,Runyenjes East,B,204.4,1324.4,40,PVC,468.8,7.37,28.97,21.52,5,1.14,-7.45,7.45,Normal
2024-11-27,Embu Green,A,3361.6,952.8,90,HDPE,339.5,7.08,52.65,60.33,1,7.92,7.68,0.0,High Pressure
2024-11-27,Mwea Smallholder,H,2340.5,1334.0,25,PVC,761.8,5.22,27.36,29.36,7,3.75,2.0,0.0,Normal
2024-11-27,Kibugu-Nguviu,A,2551.5,1337.9,63,PVC,168.7,2.67,38.29,41.44,4,1.25,3.15,0.0,Normal
2024-11-27,Embu Green,F,2304.4,1048.4,50,HDPE,630.6,6.14,46.11,47.75,5,6.68,1.64,0.0,Normal
2024-11-27,Runyenjes East,B,3468.7,1223.1,90,PVC,466.8,8.67,33.81,35.06,7,2.71,1.25,0.0,Normal
2024-11-27,Embu Green,E,3866.2,1085.5,25,PVC,737.5,5.83,39.22,43.7,8,6.89,4.48,0.0,Normal
2024-11-28,Kibugu-Nguviu,G,4526.5,1090.5,25,PVC,408.0,4.11,48.99,50.55,10,7.15,1.56,0.0,High Pressure
2024-11-28,Kibugu-Nguviu,B,1353.1,1142.8,50,GI,312.9,5.22,41.56,45.04,2,4.5,3.48,0.0,Normal
2024-11-28,Mwea Smallholder,E,195.6,1124.0,50,PVC,513.2,3.2,38.87,38.66,7,4.78,-0.21,0.21,Normal
2024-11-28,Kibugu-Nguviu,A,1123.1,1180.5,75,PVC,157.9,6.91,44.78,48.16,10,2.09,3.38,0.0,Normal
2024-11-28,Kibugu-Nguviu,F,4581.0,1241.5,50,GI,59.9,8.69,41.22,39.75,7,5.32,-1.47,1.47,Normal
2024-11-28,Embu Green,G,3281.0,1098.6,40,PVC,367.0,9.17,39.54,34.19,9,2.06,-5.35,5.35,Normal
2024-11-29,Kibugu-Nguviu,B,4958.5,1195.3,40,PVC,505.2,0.5,39.23,29.07,10,3.68,-10.16,10.16,Normal
2024-11-29,Embu Green,A,2580.1,1342.1,50,GI,681.9,5.53,33.35,38.51,9,1.52,5.16,0.0,Normal
2024-11-29,Runyenjes East,E,1085.8,1314.8,25,PVC,682.6,3.47,33.78,27.33,6,1.48,-6.45,6.45,Normal
2024-11-29,Kibugu-Nguviu,G,4819.1,1174.3,63,GI,193.1,4.52,47.89,39.99,5,3.41,-7.9,7.9,Normal
2024-11-29,Embu Green,D,3242.2,1304.6,63,PVC,59.4,0.99,38.12,39.94,2,5.41,1.82,0.0,Normal
2024-11-29,Runyenjes East,F,4625.6,1338.6,50,HDPE,49.6,4.87,36.06,29.27,10,7.3,-6.79,6.79,Normal
2024-11-29,Kibugu-Nguviu,B,4607.3,1090.3,90,PVC,138.5,4.27,43.89,39.55,2,5.29,-4.34,4.34,Normal
2024-11-29,Kibugu-Nguviu,E,1699.9,1232.6,50,PVC,689.8,1.97,32.85,33.96,7,6.97,1.11,0.0,Normal
2024-11-30,Mwea Smallholder,G,2901.0,1179.4,40,PVC,592.0,5.66,38.65,29.72,5,5.9,-8.93,8.93,Normal
2024-11-30,Embu Green,F,1521.1,997.8,90,PVC,234.8,9.92,50.37,54.42,5,0.85,4.05,0.0,High Pressure
2024-11-30,Kibugu-Nguviu,H,1411.6,1260.0,50,PVC,514.4,6.28,34.01,37.31,1,3.13,3.3,0.0,Normal
2024-11-30,Kibugu-Nguviu,G,3179.1,954.0,90,PVC,408.7,5.3,51.26,53.38,9,4.28,2.12,0.0,High Pressure
2024-12-01,Embu Green,H,1587.3,1311.7,25,HDPE,436.5,7.27,34.39,32.49,11,2.68,-1.9,1.9,Normal
2024-12-01,Embu Green,E,2577.8,1284.5,63,PVC,134.2,5.64,33.66,39.08,2,1.08,5.42,0.0,Normal
2024-12-01,Embu Green,G,2209.4,1233.3,25,HDPE,282.2,6.79,38.18,43.4,6,4.91,5.22,0.0,Normal
2024-12-01,Kibugu-Nguviu,F,1233.4,1103.7,50,HDPE,32.0,5.87,52.42,56.18,2,6.15,3.76,0.0,High Pressure
2024-12-01,Mwea Smallholder,C,1116.6,1227.5,50,PVC,435.5,5.97,36.26,33.9,11,6.49,-2.36,2.36,Normal
2024-12-01,Kibugu-Nguviu,E,4636.7,1230.4,40,GI,237.2,5.12,39.01,31.08,9,2.92,-7.93,7.93,Normal
2024-12-01,Mwea Smallholder,A,1784.0,1075.4,63,PVC,84.6,5.45,49.09,54.97,8,2.24,5.88,0.0,High Pressure
2024-12-01,Runyenjes East,B,3941.9,1171.8,32,GI,210.8,4.45,46.92,41.42,5,6.13,-5.5,5.5,Normal
2024-12-01,Runyenjes East,E,4734.1,1002.5,75,GI,387.6,4.6,43.07,34.66,8,1.97,-8.41,8.41,Normal
2024-12-01,Kibugu-Nguviu,B,3825.3,1335.9,40,PVC,415.0,4.18,36.79,25.21,11,5.0,-11.58,11.58,Normal
2024-12-02,Kibugu-Nguviu,B,4392.7,1220.9,63,PVC,276.1,6.82,42.43,48.08,7,2.63,5.65,0.0,Normal
2024-12-02,Runyenjes East,D,246.2,1156.2,75,HDPE,749.1,4.47,40.3,47.01,1,3.33,6.71,0.0,Normal
2024-12-02,Runyenjes East,H,3514.6,1053.3,63,PVC,365.2,3.37,48.89,44.74,4,2.17,-4.15,4.15,Normal
2024-12-02,Kibugu-Nguviu,F,3721.6,1262.9,25,PVC,244.5,5.82,39.16,34.94,11,6.46,-4.22,4.22,Normal
2024-12-02,Kibugu-Nguviu,B,4505.3,1346.1,40,PVC,189.0,1.94,31.11,22.74,7,7.41,-8.37,8.37,Normal
2024-12-02,Embu Green,A,2983.3,1254.2,40,HDPE,126.7,2.48,38.46,27.73,11,5.64,-10.73,10.73,Normal
2024-12-02,Mwea Smallholder,A,3185.3,1304.9,90,PVC,602.1,5.42,36.22,33.83,7,5.29,-2.39,2.39,Normal
2024-12-02,Kibugu-Nguviu,G,164.6,1163.8,50,GI,719.6,3.2,32.28,34.35,5,1.4,2.07,0.0,Normal
2024-12-03,Kibugu-Nguviu,E,1545.4,1118.4,75,PVC,400.8,1.95,44.81,41.18,11,3.96,-3.63,3.63,Normal
2024-12-03,Mwea Smallholder,H,4527.5,1201.2,50,PVC,579.9,5.75,42.11,39.89,2,5.16,-2.22,2.22,Normal
2024-12-03,Runyenjes East,G,1213.5,1201.6,32,PVC,99.9,7.43,42.01,38.92,7,5.21,-3.09,3.09,Normal
2024-12-03,Runyenjes East,C,4228.4,1153.0,50,PVC,342.0,4.69,36.91,33.44,4,2.61,-3.47,3.47,Normal
2024-12-03,Embu Green,H,101.5,1038.5,90,PVC,138.7,5.62,53.61,53.27,10,1.29,-0.34,0.34,High Pressure
2024-12-03,Mwea Smallholder,G,2335.1,1121.7,75,PVC,284.2,2.72,42.17,38.47,9,2.7,-3.7,3.7,Normal
2024-12-03,Kibugu-Nguviu,B,1.2,1275.6,25,PVC,797.4,5.73,34.68,33.46,5,5.05,-1.22,1.22,Normal
2024-12-03,Runyenjes East,A,3050.3,1142.8,50,HDPE,217.7,4.65,44.62,37.93,11,7.63,-6.69,6.69,Normal
2024-12-04,Mwea Smallholder,F,306.3,1271.4,75,GI,34.0,4.91,40.7,42.15,11,2.44,1.45,0.0,Normal
2024-12-04,Runyenjes East,B,2207.0,1143.8,63,PVC,715.1,3.75,31.53,24.81,8,1.7,-6.72,6.72,Normal
2024-12-04,Kibugu-Nguviu,G,4771.0,961.7,32,PVC,213.4,4.91,55.96,45.76,2,1.85,-10.2,10.2,Normal
2024-12-04,Runyenjes East,F,456.8,1057.7,75,PVC,242.9,6.57,45.23,53.75,7,7.99,8.52,0.0,High Pressure
2024-12-04,Runyenjes East,A,3465.4,1216.1,32,HDPE,632.2,4.8,37.94,43.36,9,3.75,5.42,0.0,Normal
2024-12-05,Embu Green,A,4115.4,1075.2,50,PVC,697.4,6.96,42.71,46.08,4,2.05,3.37,0.0,Normal
2024-12-05,Runyenjes East,E,3187.1,1323.3,75,PVC,242.9,5.83,33.33,36.62,7,5.27,3.29,0.0,Normal
2024-12-05,Kibugu-Nguviu,G,4995.6,1287.1,40,HDPE,290.7,7.5,34.15,34.91,8,3.21,0.76,0.0,Normal
2024-12-05,Embu Green,F,3111.6,960.7,90,PVC,610.5,8.12,45.57,38.82,7,4.53,-6.75,6.75,Normal
2024-12-06,Kibugu-Nguviu,E,1147.7,1150.3,63,PVC,220.4,3.4,44.11,46.48,6,6.27,2.37,0.0,Normal
2024-12-06,Mwea Smallholder,B,4224.1,1176.5,75,HDPE,282.6,2.61,43.92,42.56,10,0.6,-1.36,1.36,Normal
2024-12-06,Mwea Smallholder,F,2884.8,1016.9,32,PVC,165.2,3.48,46.29,43.14,10,7.98,-3.15,3.15,Normal
2024-12-06,Embu Green,G,3788.6,1031.9,32,PVC,56.2,5.55,54.1,49.86,10,1.6,-4.24,4.24,Normal
2024-12-06,Runyenjes East,B,2745.0,972.8,63,PVC,286.3,2.74,49.51,48.45,9,5.84,-1.06,1.06,Normal
2024-12-06,Kibugu-Nguviu,A,805.2,1292.9,63,PVC,565.9,4.16,28.34,21.98,11,1.97,-6.36,6.36,Normal
2024-12-06,Runyenjes East,H,3680.8,1293.6,32,PVC,771.4,4.16,27.81,20.76,2,7.86,-7.05,7.05,Normal
2024-12-06,Embu Green,G,4197.6,1259.2,75,PVC,155.4,3.5,37.8,34.05,4,2.4,-3.75,3.75,Normal
2024-12-06,Mwea Smallholder,G,1257.2,1026.9,90,PVC,707.4,2.83,45.51,47.83,3,2.93,2.32,0.0,Normal
2024-12-06,Runyenjes East,G,1967.2,994.1,50,PVC,255.3,5.25,55.33,45.54,9,2.23,-9.79,9.79,Normal
2024-12-07,Mwea Smallholder,E,4122.9,1164.7,32,PVC,30.2,5.69,44.04,43.03,9,7.19,-1.01,1.01,Normal
2024-12-07,Embu Green,F,2292.7,1296.4,40,PVC,243.6,5.45,31.75,28.21,1,3.56,-3.54,3.54,Normal
2024-12-07,Runyenjes East,C,4866.0,1018.3,63,PVC,292.0,6.3,49.31,41.87,5,4.34,-7.44,7.44,Normal
2024-12-07,Mwea Smallholder,D,309.0,1152.3,50,HDPE,268.4,3.14,41.26,30.76,8,1.33,-10.5,10.5,Normal
2024-12-07,Runyenjes East,E,3507.8,1148.0,63,HDPE,75.0,2.04,41.34,39.75,4,7.46,-1.59,1.59,Normal
2024-12-07,Mwea Smallholder,G,2522.8,1346.3,32,HDPE,126.5,3.71,38.67,41.99,1,4.82,3.32,0.0,Normal
2024-12-07,Mwea Smallholder,D,1264.9,1150.0,63,GI,676.0,4.7,40.46,29.34,10,3.42,-11.12,11.12,Normal
2024-12-07,Kibugu-Nguviu,F,2053.1,1285.3,40,PVC,492.7,6.66,29.77,28.18,9,5.47,-1.59,1.59,Normal
2024-12-07,Embu Green,F,1587.4,1195.7,40,GI,423.6,5.46,38.0,39.48,10,6.88,1.48,0.0,Normal
2024-12-08,Kibugu-Nguviu,F,3256.5,1326.3,32,PVC,219.0,4.55,31.08,29.17,7,7.16,-1.91,1.91,Normal
2024-12-08,Embu Green,C,696.2,1054.2,75,PVC,503.6,5.85,43.9,41.79,3,2.85,-2.11,2.11,Normal
2024-12-08,Runyenjes East,F,1329.9,952.1,63,PVC,641.3,5.7,45.44,49.07,5,4.46,3.63,0.0,Normal
2024-12-09,Runyenjes East,B,4591.9,994.4,75,PVC,306.6,8.58,48.36,38.0,8,3.79,-10.36,10.36,Normal
2024-12-09,Embu Green,B,3511.9,958.0,40,HDPE,178.2,3.5,52.47,56.65,10,1.5,4.18,0.0,High Pressure
2024-12-09,Embu Green,F,1862.6,1181.3,40,PVC,410.6,4.04,37.64,38.46,1,4.84,0.82,0.0,Normal
2024-12-09,Mwea Smallholder,C,3134.0,1245.8,40,HDPE,556.2,0.5,38.39,30.98,11,2.19,-7.41,7.41,Normal
2024-12-09,Runyenjes East,G,1261.4,976.1,25,PVC,335.9,3.37,46.78,44.33,7,6.79,-2.45,2.45,Normal
2024-12-09,Runyenjes East,E,2021.4,1297.2,32,PVC,156.6,7.21,33.43,30.4,8,0.85,-3.03,3.03,Normal
2024-12-09,Kibugu-Nguviu,C,1567.2,1211.3,90,PVC,297.8,8.43,42.06,38.58,1,2.87,-3.48,3.48,Normal
2024-12-10,Embu Green,F,1139.6,1074.5,75,PVC,154.1,3.9,47.18,42.11,6,5.07,-5.07,5.07,Normal
2024-12-10,Embu Green,A,1525.2,1007.8,63,PVC,57.4,4.54,53.8,58.84,10,4.6,5.04,0.0,High Pressure
2024-12-10,Runyenjes East,C,4535.1,1262.8,90,GI,193.0,5.6,40.31,36.66,9,0.85,-3.65,3.65,Normal
2024-12-10,Runyenjes East,G,256.7,1069.7,75,PVC,189.4,3.81,49.24,55.56,9,5.96,6.32,0.0,High Pressure
2024-12-10,Embu Green,F,2103.6,1289.6,50,GI,96.8,3.74,40.99,43.86,8,2.34,2.87,0.0,Normal
2024-12-10,Kibugu-Nguviu,B,4011.5,1251.7,50,GI,231.8,6.56,35.24,36.25,4,1.74,1.01,0.0,Normal
2024-12-10,Embu Green,C,3929.6,1205.6,63,HDPE,658.1,5.11,31.42,29.14,2,3.87,-2.28,2.28,Normal
2024-12-10,Kibugu-Nguviu,C,1642.8,1009.6,50,GI,753.5,6.06,47.42,50.67,10,1.17,3.25,0.0,High Pressure
2024-12-11,Embu Green,B,423.7,965.0,75,PVC,634.2,4.97,41.21,39.21,10,1.79,-2.0,2.0,Normal
2024-12-11,Mwea Smallholder,D,2149.2,1277.1,90,HDPE,223.6,7.37,40.56,39.82,6,4.01,-0.74,0.74,Normal
2024-12-11,Embu Green,H,4445.2,1088.7,75,PVC,280.4,4.12,40.78,39.3,1,0.53,-1.48,1.48,Normal
2024-12-11,Kibugu-Nguviu,F,4909.4,956.1,63,PVC,581.4,5.72,47.78,41.95,1,4.44,-5.83,5.83,Normal
2024-12-11,Embu Green,G,3283.5,1129.3,40,PVC,758.8,7.25,35.04,37.89,2,6.33,2.85,0.0,Normal
2024-12-11,Kibugu-Nguviu,A,1017.5,1132.0,40,PVC,656.8,5.49,39.77,39.0,4,7.63,-0.77,0.77,Normal
2024-12-11,Runyenjes East,E,4972.3,968.9,40,PVC,136.1,7.2,55.09,53.03,5,4.44,-2.06,2.06,High Pressure
2024-12-11,Mwea Smallholder,D,1665.9,983.0,50,PVC,651.9,6.6,47.55,42.5,6,0.67,-5.05,5.05,Normal
2024-12-11,Mwea Smallholder,D,2499.1,1230.5,63,GI,116.3,5.0,42.21,34.95,5,2.21,-7.26,7.26,Normal
2024-12-12,Kibugu-Nguviu,G,803.7,1030.7,50,HDPE,86.3,4.83,48.53,47.65,9,7.47,-0.88,0.88,Normal
2024-12-12,Mwea Smallholder,G,3931.4,1214.5,40,PVC,700.2,1.86,35.08,29.52,3,0.95,-5.56,5.56,Normal
2024-12-12,Mwea Smallholder,B,4134.0,1026.0,75,PVC,81.9,4.78,51.58,51.03,1,3.69,-0.55,0.55,High Pressure
2024-12-12,Runyenjes East,G,2061.3,1228.7,63,PVC,471.8,5.22,37.54,40.22,2,2.63,2.68,0.0,Normal
2024-12-12,Embu Green,B,862.5,1317.9,50,PVC,721.9,0.5,34.57,37.7,9,4.14,3.13,0.0,Normal
2024-12-12,Kibugu-Nguviu,D,961.8,1286.5,50,PVC,39.0,6.12,41.61,43.02,4,2.2,1.41,0.0,Normal
2024-12-12,Runyenjes East,B,211.2,1345.3,75,GI,268.3,0.5,32.14,27.6,1,7.14,-4.54,4.54,Normal
2024-12-12,Mwea Smallholder,E,2762.4,1328.6,40,PVC,791.7,4.88,27.16,23.55,5,0.82,-3.61,3.61,Normal
2024-12-12,Mwea Smallholder,F,4490.6,1106.3,63,PVC,45.3,5.39,47.09,34.11,7,2.75,-12.98,12.98,Normal
2024-12-12,Runyenjes East,B,3769.5,986.3,75,HDPE,85.1,7.99,51.88,46.66,5,5.49,-5.22,5.22,Normal
2024-12-12,Mwea Smallholder,D,2212.8,1151.4,32,PVC,366.6,4.85,43.63,46.0,5,2.06,2.37,0.0,Normal
2024-12-12,Embu Green,H,4866.3,1036.4,75,PVC,756.4,5.1,40.04,37.47,11,3.57,-2.57,2.57,Normal
2024-12-12,Runyenjes East,F,3125.1,1169.6,40,PVC,106.6,8.56,44.15,36.81,6,4.96,-7.34,7.34,Normal
2024-12-12,Mwea Smallholder,B,2783.3,1347.1,75,PVC,435.3,2.47,29.91,30.27,2,3.98,0.36,0.0,Normal
2024-12-12,Mwea Smallholder,D,820.6,1116.2,32,PVC,749.1,4.8,38.13,39.12,10,6.83,0.99,0.0,Normal
2024-12-12,Runyenjes East,C,4944.3,1323.6,75,PVC,650.8,3.93,26.18,25.14,6,5.75,-1.04,1.04,Normal
2024-12-13,Runyenjes East,D,3205.8,1126.4,63,PVC,577.6,3.5,41.35,40.45,10,0.83,-0.9,0.9,Normal
2024-12-13,Mwea Smallholder,G,1055.4,1188.6,75,HDPE,54.0,5.75,39.11,35.82,5,4.13,-3.29,3.29,Normal
2024-12-13,Mwea Smallholder,G,979.8,1240.1,25,HDPE,140.6,8.33,43.78,37.22,10,3.75,-6.56,6.56,Normal
2024-12-13,Mwea Smallholder,A,1677.4,1118.6,75,GI,684.5,9.36,40.68,44.8,3,2.78,4.12,0.0,Normal
2024-12-13,Kibugu-Nguviu,E,2434.4,1147.2,50,HDPE,632.8,7.66,41.69,41.63,1,2.39,-0.06,0.06,Normal
2024-12-13,Runyenjes East,A,182.4,1114.8,32,PVC,710.3,4.78,40.51,40.88,11,7.0,0.37,0.0,Normal
2024-12-14,Embu Green,D,4617.4,1349.3,25,PVC,146.3,2.76,33.62,39.12,4,3.31,5.5,0.0,Normal
2024-12-15,Embu Green,D,2563.3,1319.1,90,PVC,734.7,3.5,27.98,26.82,9,3.48,-1.16,1.16,Normal
2024-12-15,Kibugu-Nguviu,F,620.3,1018.3,40,HDPE,694.2,6.24,43.05,42.29,7,4.49,-0.76,0.76,Normal
2024-12-15,Embu Green,D,2997.3,1043.0,63,HDPE,175.7,0.72,49.36,44.41,1,2.21,-4.95,4.95,Normal
2024-12-15,Embu Green,D,1506.7,977.8,40,PVC,729.1,3.04,47.12,52.62,2,1.26,5.5,0.0,High Pressure
2024-12-15,Embu Green,F,2158.1,966.5,63,PVC,463.8,7.36,51.51,54.87,8,7.26,3.36,0.0,High Pressure
2024-12-16,Mwea Smallholder,A,411.3,1278.9,32,GI,575.5,4.54,35.63,36.93,6,4.69,1.3,0.0,Normal
2024-12-16,Mwea Smallholder,H,707.3,1281.0,50,PVC,630.0,2.44,30.82,30.94,4,0.77,0.12,0.0,Normal
2024-12-16,Runyenjes East,F,4259.0,1295.4,50,PVC,451.1,7.2,30.92,36.0,2,5.04,5.08,0.0,Normal
2024-12-16,Mwea Smallholder,H,3398.8,1242.9,25,PVC,736.7,5.5,34.25,31.47,3,6.67,-2.78,2.78,Normal
2024-12-16,Runyenjes East,H,4830.6,1109.5,63,HDPE,245.4,4.63,46.51,37.82,8,7.63,-8.69,8.69,Normal
2024-12-16,Kibugu-Nguviu,C,4981.7,1097.5,63,PVC,326.6,8.67,44.08,36.78,8,5.94,-7.3,7.3,Normal
2024-12-17,Embu Green,B,2057.0,969.6,63,HDPE,439.9,7.55,55.64,58.47,7,5.92,2.83,0.0,High Pressure
2024-12-17,Embu Green,F,4934.6,1144.2,25,PVC,120.8,1.37,45.72,52.3,2,3.03,6.58,0.0,High Pressure
2024-12-17,Embu Green,B,4456.5,1210.1,40,PVC,105.7,7.23,43.26,44.84,3,6.31,1.58,0.0,Normal
2024-12-17,Embu Green,E,2083.2,1023.3,75,HDPE,47.2,4.77,51.65,46.08,9,4.71,-5.57,5.57,Normal
2024-12-17,Kibugu-Nguviu,D,2137.7,954.8,90,PVC,252.9,4.4,43.6,46.34,7,2.24,2.74,0.0,Normal
2024-12-17,Runyenjes East,B,3511.8,1087.5,40,PVC,323.2,2.98,43.82,46.09,7,1.72,2.27,0.0,Normal
2024-12-17,Mwea Smallholder,B,4737.3,1222.0,75,PVC,315.1,3.34,37.71,30.64,2,3.97,-7.07,7.07,Normal
2024-12-17,Mwea Smallholder,C,4559.0,1207.8,50,PVC,467.4,7.83,40.67,37.2,6,7.99,-3.47,3.47,Normal
2024-12-18,Runyenjes East,H,2854.6,1345.1,90,PVC,128.9,4.37,38.15,42.61,5,7.22,4.46,0.0,Normal
2024-12-18,Runyenjes East,G,3558.4,1017.1,50,PVC,149.0,2.7,54.15,59.49,7,7.03,5.34,0.0,High Pressure
2024-12-18,Runyenjes East,E,1921.7,1309.4,50,PVC,122.0,7.91,37.45,31.33,4,2.12,-6.12,6.12,Normal
2024-12-18,Kibugu-Nguviu,H,1580.0,1199.6,63,PVC,355.3,3.8,44.16,43.34,9,4.04,-0.82,0.82,Normal
2024-12-18,Mwea Smallholder,H,3550.3,1271.1,32,HDPE,604.4,2.52,28.12,22.22,7,5.3,-5.9,5.9,Normal
2024-12-18,Mwea Smallholder,A,3133.4,977.3,50,HDPE,206.6,3.45,46.77,51.04,4,1.0,4.27,0.0,High Pressure
2024-12-18,Mwea Smallholder,F,4629.9,1108.7,25,PVC,494.8,4.01,41.15,44.4,10,4.29,3.25,0.0,Normal
2024-12-19,Kibugu-Nguviu,D,2861.7,1301.3,75,HDPE,721.8,6.97,32.7,32.61,2,3.17,-0.09,0.09,Normal
2024-12-19,Kibugu-Nguviu,E,1960.7,1164.1,32,PVC,777.2,5.13,34.61,39.38,7,6.19,4.77,0.0,Normal
2024-12-19,Embu Green,F,4278.7,1138.8,63,HDPE,76.6,5.88,40.96,48.24,7,6.46,7.28,0.0,Normal
2024-12-19,Runyenjes East,A,3008.6,1271.0,40,HDPE,688.6,6.47,35.65,31.43,3,2.36,-4.22,4.22,Normal
2024-12-19,Embu Green,B,2234.6,1200.6,40,PVC,481.7,1.94,37.82,39.24,1,1.83,1.42,0.0,Normal
2024-12-20,Runyenjes East,F,1434.2,1103.8,63,HDPE,294.6,6.46,41.6,34.92,10,1.75,-6.68,6.68,Normal
2024-12-20,Kibugu-Nguviu,D,2000.0,1301.5,63,PVC,75.0,9.22,39.1,40.68,4,5.94,1.58,0.0,Normal
2024-12-20,Embu Green,F,2192.1,1069.5,40,PVC,143.8,7.13,50.67,44.64,6,7.79,-6.03,6.03,Normal
2024-12-20,Embu Green,E,2434.2,1070.7,25,HDPE,117.6,4.67,48.12,45.54,10,0.81,-2.58,2.58,Normal
2024-12-21,Mwea Smallholder,C,174.2,1055.8,63,PVC,112.1,3.14,49.44,52.78,1,5.34,3.34,0.0,High Pressure
2024-12-21,Mwea Smallholder,D,2166.2,1065.1,25,PVC,350.8,0.5,42.82,42.84,11,4.25,0.02,0.0,Normal
2024-12-21,Embu Green,A,4084.6,1184.6,25,HDPE,380.1,5.44,41.65,30.57,7,7.98,-11.08,11.08,Normal
2024-12-21,Embu Green,B,960.7,1296.0,40,HDPE,224.5,9.44,38.26,34.63,6,6.26,-3.63,3.63,Normal
2024-12-21,Embu Green,H,2512.2,1003.4,90,GI,99.9,5.85,52.17,40.3,2,7.78,-11.87,11.87,Normal
2024-12-21,Embu Green,F,1549.1,1312.8,32,PVC,135.5,4.42,33.59,29.77,3,1.43,-3.82,3.82,Normal
2024-12-21,Mwea Smallholder,D,4170.1,1336.4,32,GI,626.0,2.53,33.77,37.48,3,3.02,3.71,0.0,Normal
2024-12-22,Runyenjes East,F,1423.1,1075.2,63,PVC,527.5,3.56,40.09,43.92,2,6.27,3.83,0.0,Normal
2024-12-22,Kibugu-Nguviu,G,635.7,1234.8,75,PVC,317.0,7.62,36.3,41.99,5,2.94,5.69,0.0,Normal
2024-12-22,Kibugu-Nguviu,D,1379.2,1016.1,32,PVC,352.0,7.11,47.06,36.02,4,2.73,-11.04,11.04,Normal
2024-12-22,Mwea Smallholder,G,213.3,1292.0,40,PVC,38.7,5.77,43.09,44.35,3,1.12,1.26,0.0,Normal
2024-12-22,Kibugu-Nguviu,H,4296.1,967.5,25,PVC,782.7,6.05,44.68,46.43,8,0.84,1.75,0.0,Normal
2024-12-22,Runyenjes East,H,3166.6,1032.5,75,PVC,792.2,6.47,45.19,36.57,7,7.19,-8.62,8.62,Normal
2024-12-23,Runyenjes East,C,1434.5,1283.8,63,PVC,507.3,3.62,31.52,31.32,8,7.61,-0.2,0.2,Normal
2024-12-23,Kibugu-Nguviu,H,2043.6,1276.7,40,PVC,333.1,9.08,40.42,39.39,7,4.05,-1.03,1.03,Normal
2024-12-23,Mwea Smallholder,H,764.4,1208.4,63,PVC,720.1,7.67,36.73,40.0,10,7.61,3.27,0.0,Normal
2024-12-23,Runyenjes East,B,1277.8,967.3,75,GI,289.3,0.58,52.11,55.64,9,5.79,3.53,0.0,High Pressure
2024-12-23,Embu Green,H,1156.3,1031.1,25,PVC,146.2,8.67,51.31,52.43,2,3.28,1.12,0.0,High Pressure
2024-12-23,Kibugu-Nguviu,F,1058.8,1197.4,90,HDPE,288.0,4.41,42.89,44.92,7,2.54,2.03,0.0,Normal
2024-12-24,Embu Green,H,2963.2,1282.2,63,GI,293.2,5.18,37.66,40.81,9,4.68,3.15,0.0,Normal
2024-12-24,Runyenjes East,G,1886.4,1315.3,25,PVC,691.9,5.17,34.47,31.24,4,1.47,-3.23,3.23,Normal
2024-12-24,Kibugu-Nguviu,E,2693.1,964.7,63,HDPE,62.3,9.0,50.01,53.6,3,7.15,3.59,0.0,High Pressure
2024-12-24,Runyenjes East,F,578.4,1172.6,40,PVC,724.2,4.24,37.04,28.41,2,6.06,-8.63,8.63,Normal
2024-12-24,Runyenjes East,B,2786.4,1036.9,40,PVC,546.9,5.57,42.79,34.27,4,7.08,-8.52,8.52,Normal
2024-12-24,Runyenjes East,A,866.1,1092.0,50,HDPE,800.0,4.44,42.01,36.34,1,3.23,-5.67,5.67,Normal
2024-12-25,Embu Green,E,312.9,974.4,40,HDPE,299.2,7.62,50.35,45.3,8,3.99,-5.05,5.05,Normal
2024-12-25,Runyenjes East,C,1318.2,1111.9,40,PVC,157.8,7.45,44.99,42.45,3,0.95,-2.54,2.54,Normal
2024-12-25,Runyenjes East,C,937.2,1144.8,75,PVC,329.4,3.88,37.54,41.64,11,5.99,4.1,0.0,Normal
2024-12-25,Embu Green,H,3608.5,1324.6,40,PVC,183.6,5.25,30.8,19.36,3,2.83,-11.44,11.44,Normal
2024-12-25,Kibugu-Nguviu,B,1628.4,1051.1,75,PVC,554.6,5.68,41.79,41.36,4,5.15,-0.43,0.43,Normal
2024-12-26,Runyenjes East,A,2666.3,1179.3,75,PVC,115.6,6.44,42.81,43.64,11,6.72,0.83,0.0,Normal
2024-12-26,Runyenjes East,H,4704.1,1198.7,90,HDPE,269.8,0.81,44.37,43.07,9,4.13,-1.3,1.3,Normal
2024-12-26,Runyenjes East,E,1123.9,1072.7,75,PVC,797.4,3.19,29.37,22.68,6,1.65,-6.69,6.69,Normal
2024-12-26,Mwea Smallholder,C,1150.2,1269.2,50,PVC,187.8,2.71,40.97,39.48,5,6.4,-1.49,1.49,Normal
2024-12-26,Kibugu-Nguviu,E,1454.3,1283.9,50,PVC,255.2,5.71,32.18,23.5,8,7.21,-8.68,8.68,Normal
2024-12-26,Kibugu-Nguviu,H,4591.8,988.1,63,PVC,234.5,5.2,48.49,47.17,7,7.61,-1.32,1.32,Normal
2024-12-26,Kibugu-Nguviu,G,1298.0,1042.6,32,HDPE,720.9,2.64,41.57,34.5,10,6.52,-7.07,7.07,Normal
2024-12-26,Kibugu-Nguviu,F,583.9,1270.3,75,PVC,42.7,3.61,43.45,41.12,2,1.09,-2.33,2.33,Normal
2024-12-26,Embu Green,G,292.6,1135.5,90,PVC,520.0,4.84,38.22,36.23,1,6.37,-1.99,1.99,Normal
2024-12-27,Mwea Smallholder,G,262.4,1308.2,63,PVC,629.4,2.79,37.33,33.02,10,4.78,-4.31,4.31,Normal
2024-12-27,Runyenjes East,G,3791.7,1306.9,75,PVC,780.9,3.63,33.23,31.79,1,5.85,-1.44,1.44,Normal
2024-12-27,Kibugu-Nguviu,E,3763.1,1157.9,50,PVC,541.0,6.37,34.58,32.83,3,4.44,-1.75,1.75,Normal
2024-12-27,Kibugu-Nguviu,E,4286.2,1327.4,63,PVC,246.9,3.23,36.09,33.4,4,3.96,-2.69,2.69,Normal
2024-12-27,Embu Green,H,4288.6,1032.3,75,PVC,263.6,4.71,46.31,42.76,1,2.06,-3.55,3.55,Normal
2024-12-27,Kibugu-Nguviu,C,3651.5,1146.3,25,PVC,525.6,4.35,41.35,36.88,8,5.5,-4.47,4.47,Normal
2024-12-28,Mwea Smallholder,H,326.2,956.6,63,PVC,193.7,6.36,53.19,56.85,1,4.97,3.66,0.0,High Pressure
2024-12-28,Embu Green,B,1450.5,1156.1,90,PVC,150.3,5.83,42.31,41.92,9,0.82,-0.39,0.39,Normal
2024-12-29,Mwea Smallholder,B,3088.2,1177.3,63,HDPE,181.9,7.32,42.58,49.6,10,5.65,7.02,0.0,Normal
2024-12-29,Mwea Smallholder,H,4726.2,1338.2,40,PVC,56.5,4.85,41.94,43.79,11,1.89,1.85,0.0,Normal
2024-12-29,Kibugu-Nguviu,C,1313.9,961.2,63,PVC,691.8,0.74,47.05,50.51,1,6.53,3.46,0.0,High Pressure
2024-12-29,Mwea Smallholder,F,3207.6,1133.5,40,HDPE,239.7,5.4,41.1,41.48,10,0.96,0.38,0.0,Normal
2024-12-29,Mwea Smallholder,G,3573.1,960.9,40,PVC,320.3,3.73,48.61,47.29,6,3.37,-1.32,1.32,Normal
2024-12-29,Embu Green,E,59.1,1200.5,25,PVC,59.2,5.27,36.48,35.72,2,6.09,-0.76,0.76,Normal
2024-12-30,Kibugu-Nguviu,G,3174.9,1293.9,75,PVC,491.9,4.51,34.46,25.2,8,0.53,-9.26,9.26,Normal
2024-12-30,Embu Green,G,4795.5,1136.8,75,HDPE,594.7,5.2,39.38,41.18,7,5.47,1.8,0.0,Normal
2024-12-30,Runyenjes East,C,1797.7,1264.7,32,PVC,640.1,4.93,31.22,28.64,11,6.75,-2.58,2.58,Normal
2024-12-30,Embu Green,A,1717.1,1189.3,32,PVC,31.8,7.23,44.45,44.53,7,5.68,0.08,0.0,Normal
2024-12-30,Kibugu-Nguviu,H,1374.9,1087.8,63,HDPE,442.3,2.51,40.52,40.35,7,7.79,-0.17,0.17,Normal
2024-12-30,Runyenjes East,B,4364.0,1192.6,75,PVC,382.2,6.63,38.81,44.85,2,4.27,6.04,0.0,Normal
2024-12-30,Kibugu-Nguviu,G,4664.1,955.6,63,GI,377.3,2.92,50.95,48.6,9,2.66,-2.35,2.35,Normal
2024-12-30,Embu Green,D,2454.4,1027.8,75,PVC,349.0,6.34,45.51,46.55,6,3.37,1.04,0.0,Normal
2024-12-31,Kibugu-Nguviu,B,4015.8,1185.0,90,HDPE,725.1,4.07,32.31,31.92,2,7.0,-0.39,0.39,Normal
2024-12-31,Runyenjes East,F,226.4,1185.5,32,GI,757.8,4.04,37.58,39.16,4,6.13,1.58,0.0,Normal
2024-12-31,Embu Green,D,3359.4,1238.5,75,PVC,85.9,4.08,40.79,38.42,4,2.57,-2.37,2.37,Normal
2024-12-31,Kibugu-Nguviu,C,2700.9,1153.4,63,PVC,693.3,2.92,40.53,47.14,4,0.85,6.61,0.0,Normal
2024-12-31,Runyenjes East,E,1461.4,1194.7,25,HDPE,410.6,1.61,38.18,40.61,11,4.02,2.43,0.0,Normal
2024-12-31,Mwea Smallholder,A,4629.4,1145.3,40,PVC,318.6,4.75,40.67,35.01,7,2.22,-5.66,5.66,Normal
2025-01-01,Kibugu-Nguviu,H,1896.2,1247.5,50,PVC,179.9,2.37,38.12,42.99,1,7.94,4.87,0.0,Normal
2025-01-01,Kibugu-Nguviu,B,3850.3,1029.0,90,PVC,684.9,4.67,43.1,46.29,10,5.62,3.19,0.0,Normal
2025-01-01,Runyenjes East,F,105.6,1269.9,75,HDPE,222.2,5.64,34.64,30.42,7,3.02,-4.22,4.22,Normal
2025-01-01,Embu Green,G,4899.2,1309.4,90,PVC,518.9,0.5,33.51,33.66,9,1.12,0.15,0.0,Normal
2025-01-01,Mwea Smallholder,E,4994.6,958.4,40,PVC,410.9,6.59,53.07,53.51,3,7.6,0.44,0.0,High Pressure
2025-01-01,Embu Green,C,4124.9,1089.8,25,PVC,209.6,5.44,51.27,50.28,5,4.06,-0.99,0.99,High Pressure
2025-01-02,Kibugu-Nguviu,C,4634.7,994.8,50,PVC,620.8,7.61,45.95,47.08,9,0.53,1.13,0.0,Normal
2025-01-02,Kibugu-Nguviu,G,3460.8,1184.7,50,GI,754.1,5.54,35.53,32.1,4,3.89,-3.43,3.43,Normal
2025-01-02,Mwea Smallholder,B,4220.4,1164.2,50,PVC,384.8,4.19,39.2,33.15,1,0.55,-6.05,6.05,Normal
2025-01-02,Runyenjes East,D,741.3,1319.8,63,PVC,94.4,7.09,39.05,35.95,6,7.77,-3.1,3.1,Normal
2025-01-02,Runyenjes East,H,3376.1,1318.4,75,PVC,726.1,5.11,31.04,31.83,8,3.36,0.79,0.0,Normal
2025-01-02,Runyenjes East,F,3753.7,962.2,40,PVC,601.5,7.04,48.44,49.44,10,2.64,1.0,0.0,Normal
2025-01-02,Embu Green,E,2506.2,997.4,75,PVC,612.5,7.26,44.48,39.11,5,1.45,-5.37,5.37,Normal
2025-01-02,Mwea Smallholder,A,3616.8,1250.6,40,PVC,134.3,5.3,35.12,34.86,2,4.23,-0.26,0.26,Normal
2025-01-02,Runyenjes East,G,3404.4,1193.1,63,HDPE,752.8,8.33,35.42,37.5,4,6.05,2.08,0.0,Normal
2025-01-02,Kibugu-Nguviu,D,1239.4,1267.3,75,HDPE,477.2,6.3,30.86,38.34,11,0.82,7.48,0.0,Normal
2025-01-03,Mwea Smallholder,D,3695.7,1042.3,63,PVC,682.0,5.04,47.1,47.17,8,7.44,0.07,0.0,Normal
2025-01-03,Mwea Smallholder,H,4653.9,1157.8,50,PVC,318.8,6.23,43.79,39.81,1,0.88,-3.98,3.98,Normal
2025-01-03,Mwea Smallholder,G,544.5,1079.9,63,GI,340.2,5.51,42.87,33.23,6,7.63,-9.64,9.64,Normal
2025-01-03,Embu Green,E,3890.2,1210.5,63,PVC,49.8,6.24,42.06,38.75,11,1.73,-3.31,3.31,Normal
2025-01-03,Runyenjes East,A,1115.5,1340.9,75,PVC,613.6,2.79,25.06,14.04,4,7.71,-11.02,11.02,Normal
2025-01-03,Mwea Smallholder,F,3109.6,1099.6,50,HDPE,486.2,4.47,43.68,36.04,6,1.84,-7.64,7.64,Normal
2025-01-03,Runyenjes East,B,871.8,1222.0,40,PVC,603.2,5.04,35.97,29.42,1,2.54,-6.55,6.55,Normal
2025-01-03,Runyenjes East,G,3413.8,1003.9,40,PVC,375.5,7.21,51.72,45.75,10,0.78,-5.97,5.97,Normal
2025-01-03,Runyenjes East,C,3990.9,1247.8,63,HDPE,763.9,5.54,33.14,28.49,8,2.91,-4.65,4.65,Normal
2025-01-03,Kibugu-Nguviu,B,561.6,1122.3,90,PVC,477.0,9.05,37.87,36.34,4,0.56,-1.53,1.53,Normal
2025-01-04,Embu Green,E,2442.9,1204.8,75,PVC,453.0,1.34,34.27,34.16,8,4.49,-0.11,0.11,Normal
2025-01-04,Kibugu-Nguviu,C,771.9,1127.5,63,PVC,468.1,7.59,38.27,34.3,9,3.96,-3.97,3.97,Normal
2025-01-04,Runyenjes East,G,817.6,1311.0,75,PVC,106.4,2.58,39.51,40.84,4,1.06,1.33,0.0,Normal
2025-01-04,Mwea Smallholder,C,121.2,1024.3,40,HDPE,451.4,2.82,50.64,45.25,11,7.45,-5.39,5.39,Normal
2025-01-04,Mwea Smallholder,D,341.8,1060.2,75,HDPE,270.8,7.6,44.13,43.73,3,3.19,-0.4,0.4,Normal
2025-01-04,Embu Green,H,3560.1,1330.1,63,PVC,785.7,0.91,29.03,26.13,1,3.83,-2.9,2.9,Normal
2025-01-04,Embu Green,H,2254.4,1165.9,50,PVC,335.3,5.78,35.88,33.36,1,3.32,-2.52,2.52,Normal
2025-01-04,Embu Green,C,4541.4,1123.2,75,HDPE,420.2,5.9,39.08,39.74,6,4.71,0.66,0.0,Normal
2025-01-04,Runyenjes East,A,111.4,1300.8,63,PVC,576.7,3.18,28.72,31.73,6,3.2,3.01,0.0,Normal
2025-01-05,Mwea Smallholder,B,1631.5,1033.5,50,PVC,165.5,3.61,47.82,41.74,3,6.75,-6.08,6.08,Normal
2025-01-05,Embu Green,C,723.1,1089.5,50,PVC,726.7,6.58,39.11,37.23,1,1.14,-1.88,1.88,Normal
2025-01-05,Runyenjes East,B,1832.8,1017.0,25,PVC,192.6,6.37,48.64,47.49,10,4.67,-1.15,1.15,Normal
2025-01-05,Embu Green,C,4384.2,1044.4,40,PVC,149.5,0.54,49.15,51.99,2,5.96,2.84,0.0,High Pressure
2025-01-05,Mwea Smallholder,F,3762.2,1111.0,63,PVC,114.4,6.59,48.04,48.28,4,3.47,0.24,0.0,Normal
2025-01-05,Kibugu-Nguviu,C,3190.3,1056.1,63,HDPE,80.3,5.25,40.95,47.66,1,1.19,6.71,0.0,Normal
2025-01-06,Mwea Smallholder,F,1963.1,1242.8,90,PVC,716.9,3.54,30.83,32.73,2,3.57,1.9,0.0,Normal
2025-01-06,Runyenjes East,D,2336.0,953.5,40,PVC,453.2,4.6,47.57,52.31,8,4.64,4.74,0.0,High Pressure
2025-01-06,Runyenjes East,F,1570.4,1014.6,63,HDPE,459.8,6.86,50.17,55.11,10,1.64,4.94,0.0,High Pressure
2025-01-06,Kibugu-Nguviu,A,512.9,963.5,25,HDPE,545.0,6.16,49.21,44.56,10,1.56,-4.65,4.65,Normal
2025-01-06,Mwea Smallholder,C,1377.5,1012.5,40,PVC,648.7,6.56,46.51,57.4,7,1.26,10.89,0.0,High Pressure
2025-01-06,Embu Green,E,175.4,1195.9,63,HDPE,589.7,7.93,37.92,36.51,1,3.76,-1.41,1.41,Normal
2025-01-07,Kibugu-Nguviu,G,1492.4,1177.1,75,PVC,509.9,2.53,37.16,31.9,9,4.12,-5.26,5.26,Normal
2025-01-07,Embu Green,G,2226.8,1201.3,63,GI,70.9,2.41,35.06,28.66,5,6.91,-6.4,6.4,Normal
2025-01-07,Kibugu-Nguviu,H,2829.7,1104.1,90,PVC,69.0,6.16,48.25,55.55,7,4.54,7.3,0.0,High Pressure
2025-01-07,Mwea Smallholder,H,1437.6,1334.8,50,PVC,689.9,7.66,26.11,29.64,4,5.18,3.53,0.0,Normal
2025-01-07,Embu Green,C,3509.2,985.4,50,PVC,548.2,3.48,47.03,39.1,3,1.76,-7.93,7.93,Normal
2025-01-07,Embu Green,G,4101.7,1212.0,50,PVC,175.3,4.83,38.18,42.24,6,5.83,4.06,0.0,Normal
2025-01-07,Runyenjes East,A,1002.3,1053.1,32,HDPE,684.8,6.24,41.66,34.97,6,7.86,-6.69,6.69,Normal
2025-01-07,Mwea Smallholder,F,4576.6,1331.6,40,PVC,724.1,2.47,28.98,25.19,10,2.65,-3.79,3.79,Normal
2025-01-07,Mwea Smallholder,H,4129.5,1205.9,90,PVC,153.7,7.11,43.85,53.25,9,6.97,9.4,0.0,High Pressure
2025-01-07,Runyenjes East,D,1733.1,1317.8,50,HDPE,172.6,2.66,35.01,29.59,11,2.99,-5.42,5.42,Normal
2025-01-08,Runyenjes East,H,3301.3,1252.8,90,HDPE,517.8,3.39,32.43,32.95,11,7.14,0.52,0.0,Normal
2025-01-08,Mwea Smallholder,G,3658.6,1108.6,75,HDPE,702.2,6.43,37.67,38.9,2,3.22,1.23,0.0,Normal
2025-01-08,Runyenjes East,C,1578.7,984.2,90,HDPE,129.7,8.04,49.82,46.09,8,2.41,-3.73,3.73,Normal
2025-01-08,Mwea Smallholder,F,4688.9,1031.5,50,PVC,333.3,6.15,46.23,39.28,8,4.35,-6.95,6.95,Normal
2025-01-08,Embu Green,B,2720.6,1285.1,63,PVC,193.8,1.9,37.12,35.93,7,1.87,-1.19,1.19,Normal
2025-01-08,Kibugu-Nguviu,D,162.4,1065.5,50,GI,598.9,6.09,48.15,44.1,11,0.62,-4.05,4.05,Normal
2025-01-09,Kibugu-Nguviu,D,2318.9,1245.4,50,HDPE,620.7,7.31,35.34,38.27,2,2.39,2.93,0.0,Normal
2025-01-09,Embu Green,H,1728.0,1193.0,40,PVC,257.6,9.87,40.92,35.26,7,3.71,-5.66,5.66,Normal
2025-01-09,Mwea Smallholder,E,1505.3,956.3,50,PVC,741.7,7.81,54.72,56.28,9,3.17,1.56,0.0,High Pressure
2025-01-09,Embu Green,B,163.9,1170.4,63,PVC,591.6,2.58,39.44,34.17,1,7.48,-5.27,5.27,Normal
2025-01-09,Kibugu-Nguviu,E,512.8,983.8,40,PVC,364.5,4.86,50.83,52.36,8,7.78,1.53,0.0,High Pressure
2025-01-09,Embu Green,G,3921.8,1212.3,75,PVC,300.1,1.94,42.49,39.43,2,0.88,-3.06,3.06,Normal
2025-01-09,Kibugu-Nguviu,H,46.0,1153.5,32,HDPE,203.3,3.2,46.48,50.32,3,3.82,3.84,0.0,High Pressure
2025-01-10,Mwea Smallholder,E,1440.1,1348.8,90,PVC,514.2,7.73,29.99,18.65,10,6.28,-11.34,11.34,Normal
2025-01-10,Runyenjes East,F,2916.7,1130.9,32,HDPE,743.6,7.27,38.24,31.81,4,5.41,-6.43,6.43,Normal
2025-01-10,Mwea Smallholder,C,3610.8,1070.2,75,PVC,323.2,10.49,47.78,51.45,5,7.23,3.67,0.0,High Pressure
2025-01-10,Kibugu-Nguviu,F,2722.1,1319.0,90,PVC,719.7,7.63,30.96,21.28,8,7.37,-9.68,9.68,Normal
2025-01-10,Runyenjes East,G,551.4,1334.8,75,PVC,299.1,2.3,30.32,26.97,9,4.15,-3.35,3.35,Normal
2025-01-10,Embu Green,E,19.4,1039.5,50,PVC,343.5,5.15,49.39,47.48,5,3.79,-1.91,1.91,Normal
2025-01-10,Runyenjes East,H,4994.5,1002.7,40,PVC,439.3,5.56,44.23,45.44,9,1.93,1.21,0.0,Normal
2025-01-10,Embu Green,F,1965.6,1285.4,63,HDPE,131.8,5.69,36.1,35.51,8,6.84,-0.59,0.59,Normal
2025-01-10,Mwea Smallholder,F,4154.1,1243.7,63,PVC,288.4,6.9,39.59,41.14,1,5.38,1.55,0.0,Normal
2025-01-10,Mwea Smallholder,D,2437.3,1007.0,75,PVC,688.9,7.6,44.14,40.45,5,4.48,-3.69,3.69,Normal
2025-01-11,Runyenjes East,C,2164.5,1176.9,40,HDPE,679.9,9.49,36.95,35.22,7,5.18,-1.73,1.73,Normal
2025-01-11,Mwea Smallholder,B,3368.9,1183.7,32,PVC,757.7,6.21,30.99,35.94,7,7.4,4.95,0.0,Normal
2025-01-11,Mwea Smallholder,D,2217.7,1261.1,32,PVC,247.6,5.55,40.04,45.45,7,7.45,5.41,0.0,Normal
2025-01-11,Runyenjes East,C,2470.6,1072.7,40,PVC,316.9,4.06,40.49,42.71,2,6.16,2.22,0.0,Normal
2025-01-11,Runyenjes East,G,1595.1,960.2,50,GI,361.4,1.76,50.19,47.42,10,5.09,-2.77,2.77,Normal
2025-01-11,Runyenjes East,G,1300.4,1239.6,25,PVC,207.8,6.9,34.38,30.19,9,7.39,-4.19,4.19,Normal
2025-01-11,Kibugu-Nguviu,F,4031.5,1321.7,50,HDPE,760.2,4.61,21.66,23.29,3,4.47,1.63,0.0,Normal
2025-01-12,Mwea Smallholder,F,2783.6,957.5,25,PVC,396.1,2.01,51.19,44.31,1,3.21,-6.88,6.88,Normal
2025-01-12,Kibugu-Nguviu,C,1490.6,951.2,75,PVC,384.5,4.99,45.93,46.57,5,6.75,0.64,0.0,Normal
2025-01-12,Runyenjes East,B,4817.6,1029.1,75,PVC,48.4,1.56,53.02,50.31,5,4.25,-2.71,2.71,High Pressure
2025-01-12,Kibugu-Nguviu,H,4676.2,1132.2,50,PVC,405.4,6.47,38.59,41.39,5,2.25,2.8,0.0,Normal
2025-01-13,Embu Green,G,1237.8,1212.4,75,HDPE,608.0,9.32,36.3,32.49,10,4.65,-3.81,3.81,Normal
2025-01-13,Mwea Smallholder,F,1254.2,982.2,75,HDPE,536.1,5.7,47.14,44.58,1,3.66,-2.56,2.56,Normal
2025-01-13,Kibugu-Nguviu,D,331.3,1102.7,63,PVC,719.9,8.85,41.44,40.64,8,2.44,-0.8,0.8,Normal
2025-01-13,Runyenjes East,A,761.3,1322.7,32,GI,538.5,0.81,31.91,36.58,2,0.73,4.67,0.0,Normal
2025-01-13,Runyenjes East,E,2965.3,971.7,40,PVC,575.6,8.15,50.77,40.61,1,6.55,-10.16,10.16,Normal
2025-01-13,Kibugu-Nguviu,A,4818.9,1050.1,32,PVC,612.9,5.64,46.2,44.96,8,4.45,-1.24,1.24,Normal
2025-01-13,Runyenjes East,B,381.8,1060.3,50,PVC,590.7,4.38,41.62,42.69,3,2.17,1.07,0.0,Normal
2025-01-13,Runyenjes East,E,2660.6,1347.4,50,PVC,653.1,2.54,24.98,16.2,8,4.63,-8.78,8.78,Normal
2025-01-13,Embu Green,H,1910.1,1171.0,75,PVC,757.7,3.87,36.7,43.82,6,2.37,7.12,0.0,Normal
2025-01-13,Kibugu-Nguviu,C,4222.8,1217.7,25,PVC,204.8,2.21,42.59,35.56,9,7.54,-7.03,7.03,Normal
2025-01-13,Kibugu-Nguviu,A,1520.5,1162.5,63,PVC,477.0,4.52,42.01,46.67,3,7.48,4.66,0.0,Normal
2025-01-14,Runyenjes East,D,793.5,1073.8,90,GI,125.5,7.55,46.32,48.7,9,3.2,2.38,0.0,Normal
2025-01-14,Runyenjes East,F,4250.5,1084.7,63,PVC,199.9,4.85,41.33,40.16,8,3.54,-1.17,1.17,Normal
2025-01-14,Embu Green,G,3118.0,1116.2,40,PVC,615.5,2.88,37.99,34.7,5,5.54,-3.29,3.29,Normal
2025-01-14,Embu Green,G,4950.3,1310.2,50,PVC,345.1,5.59,30.98,29.25,9,3.17,-1.73,1.73,Normal
2025-01-14,Embu Green,A,3125.8,1177.3,40,PVC,197.7,4.14,44.25,48.58,5,5.88,4.33,0.0,Normal
2025-01-15,Mwea Smallholder,G,4989.7,1133.4,75,PVC,80.8,8.22,41.67,39.62,4,6.06,-2.05,2.05,Normal
2025-01-15,Mwea Smallholder,E,326.6,1104.8,32,PVC,532.4,2.6,47.94,50.74,4,5.07,2.8,0.0,High Pressure
2025-01-15,Runyenjes East,B,3743.8,1113.5,50,PVC,790.8,6.99,29.17,39.45,6,7.95,10.28,0.0,Normal
2025-01-15,Embu Green,G,1687.0,986.7,90,HDPE,91.8,4.87,55.87,48.16,5,4.37,-7.71,7.71,Normal
2025-01-15,Runyenjes East,D,1125.7,1208.6,25,HDPE,498.4,5.9,40.19,33.33,3,1.44,-6.86,6.86,Normal
2025-01-16,Mwea Smallholder,C,2734.4,1023.4,63,PVC,325.5,5.06,49.01,50.69,1,7.29,1.68,0.0,High Pressure
2025-01-16,Mwea Smallholder,D,268.0,1079.8,50,PVC,772.7,6.24,40.92,39.33,10,2.74,-1.59,1.59,Normal
2025-01-16,Kibugu-Nguviu,C,1769.4,1111.6,75,PVC,752.6,2.43,42.2,34.47,6,6.01,-7.73,7.73,Normal
2025-01-16,Mwea Smallholder,H,3370.5,1276.1,40,PVC,345.9,1.36,39.48,38.23,11,1.11,-1.25,1.25,Normal
2025-01-16,Runyenjes East,G,874.9,1114.1,63,PVC,721.9,7.29,38.7,37.44,1,3.81,-1.26,1.26,Normal
2025-01-16,Embu Green,B,1568.7,1293.0,90,HDPE,687.8,2.6,27.7,25.5,4,5.07,-2.2,2.2,Normal
2025-01-16,Embu Green,G,2674.0,1239.1,25,HDPE,218.7,4.56,46.98,45.14,3,2.26,-1.84,1.84,Normal
2025-01-16,Mwea Smallholder,E,1075.4,1262.8,90,GI,662.2,1.6,30.53,32.98,10,3.8,2.45,0.0,Normal
2025-01-16,Mwea Smallholder,G,3123.5,1179.4,40,HDPE,383.8,6.75,38.14,41.78,3,3.21,3.64,0.0,Normal
2025-01-17,Embu Green,B,4581.4,1300.3,40,PVC,446.3,4.15,35.98,40.16,7,1.76,4.18,0.0,Normal
2025-01-17,Embu Green,A,3212.5,1180.5,50,PVC,456.3,4.69,42.03,36.77,2,1.88,-5.26,5.26,Normal
2025-01-17,Kibugu-Nguviu,H,1965.4,1299.3,50,PVC,40.1,2.31,39.44,41.97,1,6.8,2.53,0.0,Normal
2025-01-17,Kibugu-Nguviu,D,929.6,997.7,32,GI,143.5,4.52,48.08,49.78,9,5.58,1.7,0.0,Normal
2025-01-17,Embu Green,A,3086.5,1299.3,25,PVC,235.5,6.16,37.84,38.96,6,5.15,1.12,0.0,Normal
2025-01-17,Mwea Smallholder,B,872.4,1042.8,63,HDPE,699.1,4.37,40.78,35.25,2,4.77,-5.53,5.53,Normal
2025-01-18,Embu Green,F,1333.0,1303.6,75,GI,602.2,8.1,36.47,33.06,7,4.46,-3.41,3.41,Normal
2025-01-18,Embu Green,A,2207.1,985.2,75,PVC,467.6,3.79,48.21,53.52,3,6.89,5.31,0.0,High Pressure
2025-01-18,Mwea Smallholder,H,4803.7,1181.5,40,HDPE,637.4,4.75,35.02,40.43,3,3.47,5.41,0.0,Normal
2025-01-18,Runyenjes East,F,1004.4,954.0,40,HDPE,603.4,2.66,47.38,42.69,8,1.98,-4.69,4.69,Normal
2025-01-19,Embu Green,A,2630.5,1151.7,90,PVC,90.2,5.03,45.29,40.82,11,6.87,-4.47,4.47,Normal
2025-01-19,Embu Green,F,1853.3,1305.9,40,HDPE,187.7,5.04,39.32,37.01,6,6.26,-2.31,2.31,Normal
2025-01-19,Mwea Smallholder,D,3336.9,1266.7,63,PVC,424.5,6.56,35.36,30.13,1,7.97,-5.23,5.23,Normal
2025-01-19,Runyenjes East,H,91.0,1040.3,25,HDPE,765.5,5.23,40.32,39.88,5,5.64,-0.44,0.44,Normal
2025-01-19,Runyenjes East,D,1635.2,1257.9,25,PVC,770.7,5.56,29.2,28.1,11,1.87,-1.1,1.1,Normal
2025-01-19,Embu Green,G,3413.7,1068.6,32,HDPE,748.8,5.59,40.15,40.92,4,3.03,0.77,0.0,Normal
2025-01-20,Runyenjes East,A,2394.5,1162.8,40,PVC,53.1,5.48,49.11,57.37,3,4.14,8.26,0.0,High Pressure
2025-01-20,Mwea Smallholder,A,579.9,1030.2,40,HDPE,411.9,7.66,47.66,40.74,11,6.0,-6.92,6.92,Normal
2025-01-20,Runyenjes East,G,4846.2,1059.0,90,PVC,128.0,3.36,50.88,47.43,10,7.78,-3.45,3.45,Normal
2025-01-20,Mwea Smallholder,E,3280.2,1260.2,50,PVC,521.1,4.72,37.54,33.9,8,3.15,-3.64,3.64,Normal
2025-01-20,Embu Green,G,2879.9,993.7,40,PVC,279.5,4.13,51.63,45.92,5,6.1,-5.71,5.71,Normal
2025-01-21,Kibugu-Nguviu,F,3952.4,1170.6,75,GI,778.1,5.48,34.25,30.56,11,4.62,-3.69,3.69,Normal
2025-01-21,Mwea Smallholder,D,3799.4,1346.9,25,HDPE,416.4,6.82,32.27,25.67,5,1.69,-6.6,6.6,Normal
2025-01-21,Embu Green,B,3832.3,999.6,63,GI,404.0,2.3,47.38,44.49,5,2.19,-2.89,2.89,Normal
2025-01-21,Runyenjes East,D,1406.7,1034.2,50,PVC,498.4,6.87,50.74,48.97,6,1.98,-1.77,1.77,Normal
2025-01-21,Kibugu-Nguviu,F,3477.6,1285.5,25,PVC,147.9,6.33,37.81,27.07,7,6.15,-10.74,10.74,Normal
2025-01-22,Mwea Smallholder,H,2308.2,987.1,63,PVC,741.7,6.32,46.38,41.92,5,0.65,-4.46,4.46,Normal
2025-01-22,Kibugu-Nguviu,E,3085.3,1259.8,75,PVC,163.9,6.3,40.04,33.33,10,3.87,-6.71,6.71,Normal
2025-01-22,Kibugu-Nguviu,H,1615.8,1223.1,32,PVC,432.7,5.53,38.41,29.59,4,5.34,-8.82,8.82,Normal
2025-01-22,Mwea Smallholder,A,2222.5,1213.7,32,PVC,31.0,6.13,41.52,38.23,5,4.8,-3.29,3.29,Normal
2025-01-23,Mwea Smallholder,F,4975.4,1235.0,75,PVC,780.0,6.56,33.98,34.01,10,5.62,0.03,0.0,Normal
2025-01-23,Runyenjes East,B,1993.2,985.0,90,PVC,257.3,2.25,50.48,45.09,3,5.91,-5.39,5.39,Normal
2025-01-23,Mwea Smallholder,D,4060.6,1143.6,25,PVC,236.3,3.77,42.5,34.15,4,1.11,-8.35,8.35,Normal
2025-01-23,Runyenjes East,D,3669.3,1156.1,50,PVC,609.7,4.1,40.85,42.68,10,6.9,1.83,0.0,Normal
2025-01-23,Runyenjes East,G,3777.9,1108.3,75,HDPE,460.9,5.07,41.66,39.31,3,7.4,-2.35,2.35,Normal
2025-01-23,Embu Green,D,1243.5,1055.2,63,PVC,717.1,7.01,43.33,40.86,11,3.9,-2.47,2.47,Normal
2025-01-23,Embu Green,E,46.4,953.0,32,PVC,45.3,7.08,53.73,42.51,1,2.7,-11.22,11.22,Normal
2025-01-23,Runyenjes East,G,566.4,958.0,32,HDPE,781.7,6.51,44.0,42.6,9,3.28,-1.4,1.4,Normal
2025-01-24,Embu Green,D,2559.6,1346.5,90,GI,772.2,4.18,27.83,21.22,3,5.17,-6.61,6.61,Normal
2025-01-24,Embu Green,B,603.0,1087.6,63,PVC,247.7,5.71,42.51,38.7,6,6.08,-3.81,3.81,Normal
2025-01-24,Kibugu-Nguviu,H,3061.0,1099.3,40,PVC,547.0,3.48,41.98,43.26,9,0.7,1.28,0.0,Normal
2025-01-24,Mwea Smallholder,C,3574.5,1076.2,32,PVC,142.2,0.5,45.58,41.86,9,3.75,-3.72,3.72,Normal
2025-01-24,Kibugu-Nguviu,G,2376.2,1300.6,50,PVC,249.6,5.4,34.28,31.09,11,7.56,-3.19,3.19,Normal
2025-01-24,Kibugu-Nguviu,H,540.9,1013.6,40,GI,238.9,2.41,49.18,42.12,8,6.91,-7.06,7.06,Normal
2025-01-25,Kibugu-Nguviu,H,3081.3,1144.7,40,PVC,217.6,6.13,44.43,46.2,1,1.02,1.77,0.0,Normal
2025-01-25,Kibugu-Nguviu,A,4468.0,1211.4,32,HDPE,242.5,2.2,35.8,35.67,8,5.2,-0.13,0.13,Normal
2025-01-25,Kibugu-Nguviu,E,973.8,1179.6,75,GI,458.7,1.11,38.76,32.69,5,1.42,-6.07,6.07,Normal
2025-01-25,Kibugu-Nguviu,A,916.2,1222.3,50,PVC,689.3,9.63,29.95,28.01,4,2.06,-1.94,1.94,Normal
2025-01-25,Embu Green,C,4859.2,1300.4,75,HDPE,632.8,5.17,34.27,30.97,8,2.22,-3.3,3.3,Normal
2025-01-26,Embu Green,A,60.9,985.3,40,PVC,354.0,4.77,47.02,51.35,10,0.6,4.33,0.0,High Pressure
2025-01-26,Kibugu-Nguviu,F,4245.8,1167.1,40,PVC,604.0,6.42,36.38,41.43,6,5.7,5.05,0.0,Normal
2025-01-26,Runyenjes East,B,3760.5,1263.0,50,PVC,131.3,7.72,35.68,28.56,7,2.72,-7.12,7.12,Normal
2025-01-26,Mwea Smallholder,B,965.8,1146.0,50,HDPE,459.6,3.94,40.38,37.53,7,2.42,-2.85,2.85,Normal
2025-01-26,Embu Green,D,813.5,1042.4,40,PVC,158.2,7.08,46.05,42.77,10,7.4,-3.28,3.28,Normal
2025-01-26,Runyenjes East,F,3626.0,1246.8,50,PVC,775.4,7.69,32.8,36.61,4,6.33,3.81,0.0,Normal
2025-01-26,Kibugu-Nguviu,G,4916.4,1113.6,40,PVC,567.0,3.76,38.68,35.37,3,1.22,-3.31,3.31,Normal
2025-01-26,Mwea Smallholder,B,3398.7,1039.2,63,PVC,421.8,5.28,46.13,52.27,5,4.17,6.14,0.0,High Pressure
2025-01-26,Kibugu-Nguviu,G,1922.5,959.3,32,PVC,643.7,3.48,44.44,42.1,4,7.84,-2.34,2.34,Normal
2025-01-27,Runyenjes East,G,4047.9,1321.9,40,GI,438.7,5.54,28.38,24.58,4,6.39,-3.8,3.8,Normal
2025-01-27,Embu Green,F,3163.2,1257.7,50,GI,321.6,9.12,37.3,34.29,3,3.24,-3.01,3.01,Normal
2025-01-27,Embu Green,E,2215.3,1179.2,50,PVC,72.7,5.77,46.55,49.04,11,1.96,2.49,0.0,Normal
2025-01-27,Embu Green,D,4469.8,1188.7,40,PVC,466.6,8.68,37.08,43.05,3,7.15,5.97,0.0,Normal
2025-01-27,Embu Green,G,2538.2,968.5,90,PVC,175.7,7.94,50.82,56.05,5,3.73,5.23,0.0,High Pressure
2025-01-27,Kibugu-Nguviu,E,4061.8,1112.9,32,PVC,613.7,5.25,44.43,40.68,6,2.87,-3.75,3.75,Normal
2025-01-27,Mwea Smallholder,G,19.2,1345.1,32,PVC,567.6,5.55,28.04,30.17,10,0.62,2.13,0.0,Normal
2025-01-27,Runyenjes East,D,2267.5,1094.4,63,PVC,475.4,4.84,46.61,45.42,8,2.1,-1.19,1.19,Normal
2025-01-27,Embu Green,B,4422.7,1021.3,50,PVC,297.4,6.57,53.08,59.21,6,2.89,6.13,0.0,High Pressure
2025-01-27,Embu Green,H,1827.8,1021.2,32,PVC,524.3,10.02,45.28,52.52,11,3.44,7.24,0.0,High Pressure
2025-01-27,Kibugu-Nguviu,B,4909.5,1251.2,32,PVC,779.3,4.26,32.87,35.29,10,3.77,2.42,0.0,Normal
2025-01-28,Mwea Smallholder,F,344.8,961.9,25,GI,204.2,2.33,55.5,52.07,9,4.42,-3.43,3.43,High Pressure
2025-01-28,Mwea Smallholder,D,9.5,1210.4,50,HDPE,472.1,2.46,35.42,39.53,7,4.2,4.11,0.0,Normal
2025-01-28,Embu Green,G,538.5,1116.0,90,PVC,333.9,6.36,45.16,44.43,10,6.17,-0.73,0.73,Normal
2025-01-29,Kibugu-Nguviu,A,1460.7,1346.2,40,PVC,529.7,7.07,31.95,22.25,8,2.33,-9.7,9.7,Normal
2025-01-29,Embu Green,H,2259.5,1143.6,63,HDPE,84.0,4.15,45.89,33.83,2,3.87,-12.06,12.06,Normal
2025-01-29,Embu Green,C,1850.1,1021.0,32,PVC,381.6,4.12,49.79,49.32,4,4.59,-0.47,0.47,Normal
2025-01-29,Embu Green,E,1470.2,1186.5,40,PVC,776.0,6.88,33.48,32.19,4,5.81,-1.29,1.29,Normal
2025-01-30,Kibugu-Nguviu,G,1454.7,956.9,75,HDPE,619.4,5.55,48.69,47.03,11,3.24,-1.66,1.66,Normal
2025-01-30,Runyenjes East,D,1180.9,1251.8,25,PVC,785.5,5.8,31.7,28.8,7,7.17,-2.9,2.9,Normal
2025-01-30,Embu Green,E,3278.9,1179.1,40,PVC,679.4,3.09,33.34,30.47,7,3.18,-2.87,2.87,Normal
2025-01-30,Mwea Smallholder,E,3415.8,967.0,63,PVC,62.9,6.92,48.36,41.92,6,5.08,-6.44,6.44,Normal
2025-01-30,Embu Green,E,414.5,1246.7,32,PVC,706.8,2.85,34.24,31.2,9,5.16,-3.04,3.04,Normal
2025-01-30,Embu Green,G,430.2,1061.1,63,HDPE,187.7,2.73,52.54,51.05,2,5.77,-1.49,1.49,High Pressure
2025-01-30,Mwea Smallholder,E,1870.6,1286.4,25,PVC,449.4,5.72,30.71,33.75,5,1.62,3.04,0.0,Normal
2025-01-31,Mwea Smallholder,H,3949.3,1044.3,40,PVC,353.7,4.73,47.87,41.17,2,6.86,-6.7,6.7,Normal
2025-01-31,Mwea Smallholder,F,4376.9,1208.6,75,PVC,782.5,9.38,34.2,31.76,6,4.17,-2.44,2.44,Normal
2025-01-31,Runyenjes East,H,283.9,963.8,63,HDPE,704.7,1.77,42.43,39.78,7,7.06,-2.65,2.65,Normal
2025-01-31,Mwea Smallholder,B,2831.6,1176.6,50,HDPE,56.3,3.23,41.84,43.12,8,2.42,1.28,0.0,Normal
2025-01-31,Embu Green,B,1114.6,963.0,63,PVC,783.1,3.38,42.25,35.48,5,3.81,-6.77,6.77,Normal
2025-01-31,Mwea Smallholder,A,3409.5,1263.7,63,PVC,265.3,4.31,39.29,43.96,1,6.34,4.67,0.0,Normal
2025-02-01,Runyenjes East,D,4685.1,1114.8,40,PVC,590.4,6.26,42.83,41.84,2,2.17,-0.99,0.99,Normal
2025-02-01,Runyenjes East,G,3244.8,1227.5,63,HDPE,544.0,5.2,38.32,37.54,9,7.94,-0.78,0.78,Normal
2025-02-01,Kibugu-Nguviu,A,1438.7,972.5,40,PVC,201.3,5.76,54.0,51.58,11,3.72,-2.42,2.42,High Pressure
2025-02-02,Runyenjes East,E,1840.5,951.8,25,PVC,724.7,5.95,44.63,48.11,2,4.01,3.48,0.0,Normal
2025-02-02,Runyenjes East,E,3827.2,1060.0,50,HDPE,538.7,8.44,46.83,49.32,5,4.08,2.49,0.0,Normal
2025-02-02,Runyenjes East,B,1782.3,1043.1,75,HDPE,138.0,5.27,52.6,43.95,3,3.25,-8.65,8.65,Normal
2025-02-02,Mwea Smallholder,H,3444.3,1129.3,63,PVC,262.1,3.99,44.78,47.89,9,6.84,3.11,0.0,Normal
2025-02-02,Mwea Smallholder,G,1845.0,1055.3,90,PVC,563.8,9.6,41.23,42.32,6,5.98,1.09,0.0,Normal
2025-02-02,Embu Green,H,3418.2,1163.3,40,PVC,544.5,7.69,31.81,34.81,5,0.84,3.0,0.0,Normal
2025-02-02,Runyenjes East,D,2178.7,1038.2,40,HDPE,64.5,5.92,48.45,42.89,10,6.2,-5.56,5.56,Normal
2025-02-02,Kibugu-Nguviu,D,4423.5,1250.7,75,PVC,147.2,7.1,42.46,39.26,11,3.26,-3.2,3.2,Normal
2025-02-02,Mwea Smallholder,B,4642.4,1140.3,50,PVC,606.2,5.15,41.48,31.4,3,4.23,-10.08,10.08,Normal
2025-02-03,Mwea Smallholder,B,4559.1,1156.0,75,HDPE,486.8,7.66,38.85,40.96,4,3.27,2.11,0.0,Normal
2025-02-03,Kibugu-Nguviu,H,4486.2,1067.1,32,HDPE,379.5,6.36,47.73,41.84,1,4.36,-5.89,5.89,Normal
2025-02-03,Kibugu-Nguviu,G,244.2,1216.9,75,PVC,665.9,4.97,36.05,38.21,6,5.19,2.16,0.0,Normal
2025-02-03,Runyenjes East,G,2527.8,966.3,40,PVC,420.0,3.99,49.54,47.42,11,1.67,-2.12,2.12,Normal
2025-02-03,Embu Green,C,1453.9,1333.5,63,GI,516.7,0.5,34.14,37.09,11,2.07,2.95,0.0,Normal
2025-02-03,Runyenjes East,D,4318.2,1179.5,40,PVC,70.4,5.93,46.91,44.78,4,7.38,-2.13,2.13,Normal
2025-02-03,Runyenjes East,G,2356.5,1161.7,40,PVC,448.8,5.61,40.53,36.12,11,7.44,-4.41,4.41,Normal
2025-02-03,Mwea Smallholder,H,4248.2,1273.1,75,PVC,220.3,7.28,38.49,31.36,5,7.69,-7.13,7.13,Normal
2025-02-03,Kibugu-Nguviu,A,1204.2,1089.4,50,PVC,226.9,3.87,44.94,32.99,8,1.52,-11.95,11.95,Normal
2025-02-03,Runyenjes East,D,1774.9,1116.0,32,HDPE,417.8,8.56,45.0,38.55,2,6.58,-6.45,6.45,Normal
2025-02-03,Runyenjes East,C,4523.3,1052.3,63,PVC,383.7,7.73,42.88,44.92,9,5.97,2.04,0.0,Normal
2025-02-04,Embu Green,F,4833.7,1161.7,40,PVC,628.9,4.61,31.88,28.44,11,4.58,-3.44,3.44,Normal
2025-02-04,Embu Green,E,1278.0,1285.7,50,PVC,104.6,6.33,39.43,43.09,9,6.97,3.66,0.0,Normal
2025-02-04,Kibugu-Nguviu,C,700.1,1347.8,50,GI,330.5,7.61,29.07,32.0,10,0.64,2.93,0.0,Normal
2025-02-04,Mwea Smallholder,B,2690.5,1150.1,63,PVC,443.2,3.56,43.82,40.56,4,1.06,-3.26,3.26,Normal
2025-02-04,Embu Green,C,4336.3,1228.0,50,PVC,792.8,3.76,31.34,36.66,9,2.33,5.32,0.0,Normal
2025-02-04,Kibugu-Nguviu,B,501.5,1174.8,40,PVC,783.9,2.58,34.43,33.01,4,2.67,-1.42,1.42,Normal
2025-02-04,Mwea Smallholder,B,1869.4,1010.2,50,GI,34.3,8.37,50.8,53.83,7,7.5,3.03,0.0,High Pressure
2025-02-05,Mwea Smallholder,C,1027.4,1112.5,40,PVC,791.7,6.65,37.39,44.57,10,5.12,7.18,0.0,Normal
2025-02-05,Embu Green,H,3395.8,1030.9,63,PVC,772.5,6.49,38.18,39.67,11,4.73,1.49,0.0,Normal
2025-02-05,Runyenjes East,C,3895.8,1295.9,50,PVC,306.9,6.79,36.62,34.16,7,1.1,-2.46,2.46,Normal
2025-02-05,Embu Green,C,2173.3,1191.7,25,HDPE,324.8,2.49,39.36,40.27,4,5.89,0.91,0.0,Normal
2025-02-05,Embu Green,F,3666.5,1117.1,40,HDPE,326.5,3.37,40.37,42.35,1,3.33,1.98,0.0,Normal
2025-02-05,Runyenjes East,H,1484.2,1115.2,40,PVC,38.9,5.03,48.4,51.76,4,4.59,3.36,0.0,High Pressure
2025-02-05,Mwea Smallholder,F,4431.5,1019.2,40,HDPE,355.4,6.82,45.48,43.57,6,5.07,-1.91,1.91,Normal
2025-02-06,Runyenjes East,H,834.4,1103.5,40,PVC,366.3,7.6,43.31,40.55,1,6.54,-2.76,2.76,Normal
2025-02-06,Runyenjes East,C,1414.0,1273.3,50,HDPE,630.6,7.12,32.36,27.99,9,2.64,-4.37,4.37,Normal
2025-02-06,Kibugu-Nguviu,A,4697.9,1202.3,63,GI,524.7,3.68,37.54,42.72,7,2.58,5.18,0.0,Normal
2025-02-06,Kibugu-Nguviu,D,220.7,952.8,63,HDPE,323.8,4.58,54.7,54.0,2,5.11,-0.7,0.7,High Pressure
2025-02-06,Kibugu-Nguviu,C,4009.7,998.6,90,PVC,129.1,3.79,54.49,56.46,6,3.79,1.97,0.0,High Pressure
2025-02-07,Embu Green,H,4048.1,1224.0,40,HDPE,575.8,5.87,41.2,42.51,3,1.48,1.31,0.0,Normal
2025-02-07,Embu Green,C,4082.9,1134.8,40,PVC,226.3,6.01,45.74,46.6,4,5.84,0.86,0.0,Normal
2025-02-07,Embu Green,E,4736.3,978.9,63,PVC,506.3,7.74,46.23,48.27,2,4.6,2.04,0.0,Normal
2025-02-07,Embu Green,C,223.6,1105.6,63,HDPE,599.4,4.11,37.72,38.47,1,1.86,0.75,0.0,Normal
2025-02-07,Embu Green,E,2212.0,1041.1,40,PVC,68.8,7.17,51.24,50.28,3,3.02,-0.96,0.96,High Pressure
2025-02-07,Kibugu-Nguviu,E,2297.4,1130.5,32,PVC,124.4,5.22,54.29,51.22,2,6.34,-3.07,3.07,High Pressure
2025-02-07,Runyenjes East,C,4597.3,1222.3,32,PVC,482.4,2.06,33.33,28.0,6,7.0,-5.33,5.33,Normal
2025-02-07,Embu Green,E,4813.0,1332.6,25,PVC,729.9,6.98,28.49,34.6,10,6.34,6.11,0.0,Normal
2025-02-07,Runyenjes East,F,3398.3,1237.3,25,PVC,550.9,6.38,36.56,37.1,2,4.69,0.54,0.0,Normal
2025-02-07,Kibugu-Nguviu,D,1526.2,1132.2,25,PVC,74.5,3.4,42.56,46.49,9,6.21,3.93,0.0,Normal
2025-02-08,Runyenjes East,A,3330.2,1001.6,40,PVC,668.0,5.99,50.22,47.2,4,4.04,-3.02,3.02,Normal
2025-02-08,Kibugu-Nguviu,E,3347.7,1011.6,40,HDPE,654.4,8.15,37.08,35.31,7,0.73,-1.77,1.77,Normal
2025-02-08,Mwea Smallholder,E,1101.5,1334.9,63,HDPE,696.0,0.5,28.29,24.71,11,3.1,-3.58,3.58,Normal
2025-02-08,Mwea Smallholder,C,1460.8,1154.0,75,PVC,72.0,2.52,47.47,43.56,3,7.01,-3.91,3.91,Normal
2025-02-08,Embu Green,G,181.4,1074.7,75,HDPE,562.4,2.76,43.07,33.38,6,1.54,-9.69,9.69,Normal
2025-02-08,Mwea Smallholder,F,1919.4,1291.6,40,GI,36.2,3.24,41.57,31.45,9,4.61,-10.12,10.12,Normal
2025-02-08,Mwea Smallholder,E,3409.4,1013.9,75,HDPE,176.1,4.97,46.14,39.99,4,2.37,-6.15,6.15,Normal
2025-02-08,Kibugu-Nguviu,C,739.8,1135.6,40,HDPE,161.6,3.76,47.25,41.05,2,7.17,-6.2,6.2,Normal
2025-02-09,Runyenjes East,C,415.8,1061.3,75,PVC,90.0,4.75,45.96,45.72,2,1.86,-0.24,0.24,Normal
2025-02-09,Mwea Smallholder,E,2400.5,1028.7,50,PVC,333.9,5.98,42.45,48.6,1,0.51,6.15,0.0,Normal
2025-02-09,Runyenjes East,C,3889.1,1135.7,50,PVC,47.3,3.69,48.24,49.21,8,5.47,0.97,0.0,Normal
2025-02-09,Mwea Smallholder,H,3135.4,1074.7,63,PVC,150.0,4.23,50.73,42.85,9,0.64,-7.88,7.88,Normal
2025-02-09,Mwea Smallholder,C,598.9,1151.4,32,HDPE,406.2,3.46,43.27,43.9,1,5.63,0.63,0.0,Normal
2025-02-09,Runyenjes East,B,1498.0,1110.5,32,PVC,409.2,3.34,42.18,43.49,7,0.85,1.31,0.0,Normal
2025-02-09,Embu Green,B,3126.2,1266.9,25,PVC,585.4,4.12,37.36,40.71,11,5.83,3.35,0.0,Normal
2025-02-09,Embu Green,G,3223.3,1245.7,63,PVC,381.4,3.62,40.76,40.45,1,2.8,-0.31,0.31,Normal
2025-02-09,Embu Green,A,1432.3,990.1,75,PVC,382.0,9.47,44.58,44.64,11,7.52,0.06,0.0,Normal
2025-02-09,Mwea Smallholder,A,3089.8,1335.7,90,PVC,785.0,4.13,30.14,18.27,2,4.51,-11.87,11.87,Normal
2025-02-09,Kibugu-Nguviu,A,4062.5,1186.8,50,HDPE,542.4,3.35,38.12,40.36,6,3.75,2.24,0.0,Normal
2025-02-09,Runyenjes East,G,3958.6,1103.2,40,HDPE,216.2,4.09,43.11,42.01,9,3.08,-1.1,1.1,Normal
2025-02-09,Embu Green,A,3235.9,1047.0,40,PVC,387.3,7.73,46.33,46.09,2,6.65,-0.24,0.24,Normal
2025-02-10,Kibugu-Nguviu,E,1082.3,1309.6,25,PVC,581.7,7.05,31.47,24.39,6,0.81,-7.08,7.08,Normal
2025-02-10,Runyenjes East,D,991.7,1261.7,75,PVC,469.9,7.88,34.2,34.2,4,0.84,0.0,0.0,Normal
2025-02-10,Kibugu-Nguviu,H,4749.2,1097.9,63,HDPE,296.5,5.44,46.68,47.8,3,1.38,1.12,0.0,Normal
2025-02-10,Runyenjes East,G,1938.7,1192.2,40,PVC,445.3,6.53,37.25,30.78,8,3.86,-6.47,6.47,Normal
2025-02-10,Runyenjes East,E,4286.5,1168.0,50,PVC,762.7,8.33,34.14,32.6,2,6.02,-1.54,1.54,Normal
2025-02-10,Runyenjes East,E,1059.9,1222.5,32,PVC,234.5,5.77,37.09,40.5,8,1.07,3.41,0.0,Normal
2025-02-10,Runyenjes East,F,4154.3,1289.3,40,PVC,556.2,4.26,30.51,37.32,11,1.96,6.81,0.0,Normal
2025-02-10,Kibugu-Nguviu,F,567.8,1195.6,40,PVC,464.6,3.34,42.7,47.15,1,4.36,4.45,0.0,Normal
2025-02-10,Embu Green,G,2270.8,1224.6,75,PVC,442.4,4.5,39.16,42.28,7,6.19,3.12,0.0,Normal
2025-02-11,Mwea Smallholder,C,474.6,957.6,63,HDPE,526.4,7.16,42.22,40.23,3,0.75,-1.99,1.99,Normal
2025-02-11,Mwea Smallholder,H,6.5,1109.1,40,PVC,118.8,1.39,53.29,51.59,4,6.25,-1.7,1.7,High Pressure
2025-02-11,Mwea Smallholder,A,2781.5,1325.2,32,HDPE,720.4,6.56,29.93,36.87,10,4.77,6.94,0.0,Normal
2025-02-11,Mwea Smallholder,D,2932.5,989.7,32,PVC,641.9,5.73,52.91,58.9,11,3.67,5.99,0.0,High Pressure
2025-02-12,Embu Green,F,2932.6,1344.7,63,HDPE,427.2,8.36,30.46,27.85,4,2.38,-2.61,2.61,Normal
2025-02-12,Kibugu-Nguviu,F,2219.5,978.9,40,PVC,318.1,5.69,48.98,48.16,1,3.24,-0.82,0.82,Normal
2025-02-12,Kibugu-Nguviu,F,946.9,1150.6,25,PVC,270.4,4.08,40.71,40.86,4,5.65,0.15,0.0,Normal
2025-02-12,Embu Green,B,3791.5,1113.7,50,PVC,767.4,0.87,37.65,26.51,10,7.39,-11.14,11.14,Normal
2025-02-12,Embu Green,C,2777.8,952.7,75,HDPE,220.6,4.95,54.96,55.92,10,2.36,0.96,0.0,High Pressure
2025-02-12,Runyenjes East,E,2635.1,1090.7,63,HDPE,606.2,4.98,41.17,37.12,8,1.1,-4.05,4.05,Normal
2025-02-13,Runyenjes East,F,2903.3,1323.4,75,GI,106.7,4.46,33.95,31.19,11,0.69,-2.76,2.76,Normal
2025-02-13,Embu Green,B,2148.7,1252.1,50,PVC,67.0,7.54,43.84,43.37,11,6.67,-0.47,0.47,Normal
2025-02-13,Runyenjes East,D,2435.0,952.0,50,PVC,326.4,3.32,49.98,52.16,4,6.93,2.18,0.0,High Pressure
2025-02-13,Mwea Smallholder,E,2988.6,1262.2,40,PVC,739.1,2.49,33.47,37.45,11,2.58,3.98,0.0,Normal
2025-02-13,Embu Green,E,653.6,1282.4,32,PVC,628.0,6.63,31.73,28.25,3,0.62,-3.48,3.48,Normal
2025-02-14,Runyenjes East,F,1504.7,1048.8,90,PVC,403.2,5.71,44.98,45.49,3,5.1,0.51,0.0,Normal
2025-02-14,Runyenjes East,D,882.4,1339.4,50,PVC,60.5,3.22,35.25,35.45,11,3.78,0.2,0.0,Normal
2025-02-14,Mwea Smallholder,C,101.2,1153.6,75,PVC,637.2,7.26,43.29,40.17,4,4.42,-3.12,3.12,Normal
2025-02-14,Kibugu-Nguviu,C,1390.1,1325.4,32,HDPE,441.1,7.95,34.23,36.06,11,4.81,1.83,0.0,Normal
2025-02-14,Runyenjes East,G,2496.7,1232.2,32,PVC,74.3,4.46,45.45,41.75,2,2.58,-3.7,3.7,Normal
2025-02-14,Embu Green,A,2716.9,1063.9,40,PVC,366.8,5.41,49.66,48.12,5,1.77,-1.54,1.54,Normal
2025-02-14,Runyenjes East,E,1458.5,1253.1,40,PVC,553.0,4.14,33.37,32.57,5,4.08,-0.8,0.8,Normal
2025-02-14,Embu Green,F,1262.4,968.9,75,GI,395.1,4.84,49.18,56.06,4,7.22,6.88,0.0,High Pressure
2025-02-15,Mwea Smallholder,C,1708.4,1312.8,75,PVC,155.7,6.42,40.94,36.94,9,2.49,-4.0,4.0,Normal
2025-02-15,Kibugu-Nguviu,G,766.2,1056.4,63,PVC,78.4,4.49,51.73,52.63,2,1.45,0.9,0.0,High Pressure
2025-02-15,Mwea Smallholder,G,4069.8,1283.3,75,PVC,709.0,0.5,32.91,36.67,10,1.23,3.76,0.0,Normal
2025-02-15,Runyenjes East,E,3127.7,1283.6,63,HDPE,230.0,8.24,41.91,42.93,11,2.15,1.02,0.0,Normal
2025-02-15,Runyenjes East,D,240.9,1268.1,40,HDPE,214.7,4.7,41.99,36.85,4,4.51,-5.14,5.14,Normal
2025-02-15,Mwea Smallholder,C,2739.4,1194.1,90,HDPE,435.9,4.46,46.23,47.03,3,1.17,0.8,0.0,Normal
2025-02-15,Mwea Smallholder,G,704.4,1273.2,40,HDPE,224.8,1.52,38.2,36.36,11,1.0,-1.84,1.84,Normal
2025-02-15,Runyenjes East,H,3816.9,1282.7,50,HDPE,114.8,3.73,45.98,44.94,1,4.17,-1.04,1.04,Normal
2025-02-16,Mwea Smallholder,D,1586.6,954.1,90,PVC,746.3,6.03,52.43,53.97,4,3.24,1.54,0.0,High Pressure
2025-02-16,Embu Green,B,4185.2,1018.3,90,PVC,139.0,3.05,55.66,53.8,11,7.89,-1.86,1.86,High Pressure
2025-02-16,Runyenjes East,D,3230.4,1173.0,63,GI,690.1,4.62,36.57,35.93,6,5.37,-0.64,0.64,Normal
2025-02-16,Embu Green,F,1295.4,975.5,63,PVC,86.0,3.01,52.14,52.18,8,3.67,0.04,0.0,High Pressure
2025-02-16,Embu Green,F,2634.4,1277.6,63,PVC,658.6,4.72,30.8,28.95,11,7.54,-1.85,1.85,Normal
2025-02-17,Mwea Smallholder,C,1885.9,1266.1,90,PVC,660.2,1.69,31.98,39.27,6,7.32,7.29,0.0,Normal
2025-02-17,Embu Green,D,3282.3,1220.9,90,HDPE,602.2,4.81,34.38,28.45,4,1.25,-5.93,5.93,Normal
2025-02-17,Runyenjes East,A,4706.2,1205.9,40,PVC,157.1,5.14,42.67,30.35,1,7.15,-12.32,12.32,Normal
2025-02-17,Mwea Smallholder,E,4805.6,1285.0,40,HDPE,769.7,4.6,31.72,28.99,2,2.01,-2.73,2.73,Normal
2025-02-17,Kibugu-Nguviu,G,4566.3,1098.3,90,PVC,775.1,7.0,35.14,35.7,4,1.35,0.56,0.0,Normal
2025-02-17,Mwea Smallholder,B,3306.4,1197.6,50,PVC,589.9,4.69,38.74,35.36,8,2.71,-3.38,3.38,Normal
2025-02-17,Runyenjes East,F,1606.0,1110.6,50,PVC,152.2,7.29,41.32,45.51,11,3.01,4.19,0.0,Normal
2025-02-18,Runyenjes East,C,4331.5,1147.3,40,HDPE,479.4,1.1,41.03,38.89,4,5.77,-2.14,2.14,Normal
2025-02-18,Runyenjes East,A,4787.0,1283.5,50,HDPE,110.3,6.53,42.57,36.75,4,2.55,-5.82,5.82,Normal
2025-02-18,Mwea Smallholder,A,4143.5,1320.7,40,GI,451.7,6.46,36.97,33.97,9,3.85,-3.0,3.0,Normal
2025-02-18,Embu Green,E,814.7,1175.2,90,PVC,95.6,4.86,42.97,41.38,1,5.29,-1.59,1.59,Normal
2025-02-18,Embu Green,D,3687.1,1134.8,50,PVC,418.4,5.2,40.94,35.06,4,3.5,-5.88,5.88,Normal
2025-02-18,Kibugu-Nguviu,B,2240.3,1051.6,25,PVC,777.1,4.05,42.97,32.8,8,5.21,-10.17,10.17,Normal
2025-02-19,Runyenjes East,F,1593.0,1138.8,50,PVC,780.8,6.21,39.08,32.55,3,5.5,-6.53,6.53,Normal
2025-02-19,Kibugu-Nguviu,F,214.9,1318.7,90,PVC,524.7,3.31,31.98,38.11,11,7.54,6.13,0.0,Normal
2025-02-19,Mwea Smallholder,F,758.2,1130.2,50,PVC,221.4,5.58,44.26,43.11,6,6.71,-1.15,1.15,Normal
2025-02-19,Embu Green,H,4461.7,959.9,50,PVC,441.8,5.58,50.58,53.12,10,1.43,2.54,0.0,High Pressure
2025-02-19,Embu Green,B,2687.8,1071.6,50,HDPE,133.1,5.73,46.11,37.3,11,4.2,-8.81,8.81,Normal
2025-02-19,Runyenjes East,G,4763.8,1050.1,50,PVC,550.0,5.35,46.16,43.05,2,3.57,-3.11,3.11,Normal
2025-02-19,Embu Green,F,398.9,1233.6,63,PVC,63.6,6.2,38.34,33.94,11,5.73,-4.4,4.4,Normal
2025-02-20,Runyenjes East,F,882.8,1302.7,63,HDPE,464.4,7.23,36.85,40.87,2,4.44,4.02,0.0,Normal
2025-02-20,Mwea Smallholder,E,4421.7,1127.7,75,HDPE,513.1,5.06,43.25,41.07,8,6.04,-2.18,2.18,Normal
2025-02-20,Kibugu-Nguviu,H,308.2,1286.2,32,PVC,657.7,6.01,28.26,26.81,4,1.52,-1.45,1.45,Normal
2025-02-20,Runyenjes East,C,1179.0,1209.3,63,PVC,99.7,4.36,39.72,37.95,4,5.1,-1.77,1.77,Normal
2025-02-20,Kibugu-Nguviu,A,1406.0,1168.2,25,PVC,759.3,5.77,36.59,28.72,1,6.27,-7.87,7.87,Normal
2025-02-20,Kibugu-Nguviu,B,4019.5,1147.9,63,HDPE,667.2,2.62,35.46,38.17,7,4.81,2.71,0.0,Normal
2025-02-20,Mwea Smallholder,B,1700.2,1167.6,40,PVC,152.3,0.5,45.2,51.14,11,5.9,5.94,0.0,High Pressure
2025-02-21,Mwea Smallholder,B,3423.6,1128.2,32,PVC,530.0,3.63,44.07,42.33,1,6.76,-1.74,1.74,Normal
2025-02-21,Runyenjes East,F,2216.4,1236.8,32,GI,408.9,6.4,37.37,35.71,3,1.67,-1.66,1.66,Normal
2025-02-22,Mwea Smallholder,E,3131.9,1310.6,50,HDPE,751.8,2.79,28.58,27.89,9,6.3,-0.69,0.69,Normal
2025-02-22,Embu Green,D,3826.1,1135.9,63,PVC,83.2,5.29,51.68,41.26,3,6.3,-10.42,10.42,Normal
2025-02-23,Embu Green,G,56.3,1169.5,32,PVC,258.8,3.69,45.36,44.89,7,3.5,-0.47,0.47,Normal
2025-02-23,Kibugu-Nguviu,D,1195.1,1041.1,75,HDPE,295.4,2.43,46.86,46.43,2,3.22,-0.43,0.43,Normal
2025-02-23,Runyenjes East,H,3655.8,1100.0,40,PVC,700.6,1.52,37.48,36.9,2,3.13,-0.58,0.58,Normal
2025-02-23,Mwea Smallholder,B,1663.8,1181.7,63,PVC,650.8,4.62,34.19,28.76,2,1.83,-5.43,5.43,Normal
2025-02-24,Embu Green,B,4773.5,1147.7,40,HDPE,532.1,4.64,38.69,31.41,8,7.55,-7.28,7.28,Normal
2025-02-24,Embu Green,H,3917.0,1068.1,40,PVC,785.3,3.67,32.46,31.44,3,4.73,-1.02,1.02,Normal
2025-02-24,Kibugu-Nguviu,C,4480.6,1194.6,63,PVC,412.0,5.86,40.23,39.18,3,4.78,-1.05,1.05,Normal
2025-02-24,Mwea Smallholder,H,3525.9,1162.6,40,HDPE,776.1,4.98,35.68,37.21,10,1.51,1.53,0.0,Normal
2025-02-24,Runyenjes East,H,2701.7,981.2,75,HDPE,667.9,6.4,42.52,37.83,5,5.9,-4.69,4.69,Normal
2025-02-24,Kibugu-Nguviu,D,395.0,985.6,50,GI,135.1,5.48,47.47,50.69,4,1.51,3.22,0.0,High Pressure
2025-02-24,Embu Green,B,4748.1,1014.6,40,PVC,474.9,5.32,49.69,44.8,5,5.87,-4.89,4.89,Normal
2025-02-24,Embu Green,B,4988.4,1188.4,63,HDPE,73.9,4.73,43.67,47.57,11,3.11,3.9,0.0,Normal
2025-02-24,Embu Green,D,891.1,968.8,50,GI,798.3,4.76,46.25,50.51,1,6.47,4.26,0.0,High Pressure
2025-02-24,Embu Green,E,3959.8,962.2,50,GI,364.7,7.56,52.0,60.88,2,4.78,8.88,0.0,High Pressure
2025-02-25,Embu Green,F,3551.1,1297.8,40,HDPE,315.7,7.87,38.3,29.44,9,2.1,-8.86,8.86,Normal
2025-02-25,Runyenjes East,A,4216.3,1005.8,32,PVC,229.3,4.26,47.41,48.06,4,0.79,0.65,0.0,Normal
2025-02-25,Embu Green,B,1638.6,1161.5,63,PVC,100.6,0.5,41.26,40.2,11,0.85,-1.06,1.06,Normal
2025-02-25,Runyenjes East,C,3228.1,1150.8,32,PVC,373.1,5.16,40.24,36.34,4,5.17,-3.9,3.9,Normal
2025-02-25,Mwea Smallholder,B,4366.6,1227.4,25,PVC,742.8,4.33,34.04,25.01,1,2.97,-9.03,9.03,Normal
2025-02-25,Runyenjes East,H,1834.1,1087.9,63,PVC,459.9,4.68,45.54,45.23,4,2.15,-0.31,0.31,Normal
2025-02-25,Kibugu-Nguviu,B,1446.8,1217.5,63,PVC,571.0,4.15,34.38,36.29,2,5.41,1.91,0.0,Normal
2025-02-25,Kibugu-Nguviu,B,2245.5,1324.3,50,PVC,536.6,2.32,29.88,25.59,3,2.62,-4.29,4.29,Normal
2025-02-25,Embu Green,G,3055.1,1296.8,63,PVC,350.0,5.32,33.9,29.11,9,3.03,-4.79,4.79,Normal
2025-02-25,Embu Green,H,337.4,1042.0,25,PVC,165.1,3.69,48.84,53.98,11,7.94,5.14,0.0,High Pressure
2025-02-26,Kibugu-Nguviu,A,2698.8,1114.9,50,PVC,611.1,4.39,40.73,46.36,6,5.62,5.63,0.0,Normal
2025-02-26,Kibugu-Nguviu,G,3798.1,1276.9,25,HDPE,140.2,4.26,44.34,64.32,1,4.23,19.98,0.0,High Pressure
2025-02-26,Runyenjes East,A,2523.8,1323.5,32,HDPE,331.3,5.19,32.38,32.19,4,7.12,-0.19,0.19,Normal
2025-02-26,Runyenjes East,H,4785.0,977.5,32,PVC,168.5,8.71,55.55,50.05,8,1.01,-5.5,5.5,High Pressure
2025-02-26,Embu Green,C,300.2,1238.5,90,HDPE,478.2,5.19,35.46,35.29,11,4.76,-0.17,0.17,Normal
2025-02-26,Runyenjes East,D,522.6,1155.3,25,GI,510.3,8.56,38.62,42.15,8,1.85,3.53,0.0,Normal
2025-02-26,Embu Green,D,2135.6,1089.2,90,HDPE,620.4,4.49,41.67,44.86,1,6.71,3.19,0.0,Normal
2025-02-26,Embu Green,E,2093.8,1025.5,50,PVC,274.1,5.05,47.51,52.81,6,3.12,5.3,0.0,High Pressure
2025-02-27,Embu Green,G,2648.9,1001.2,32,PVC,35.8,6.97,56.57,50.81,5,5.41,-5.76,5.76,High Pressure
2025-02-27,Embu Green,F,1941.5,1114.0,25,GI,789.4,6.6,38.86,38.2,2,6.68,-0.66,0.66,Normal
2025-02-27,Mwea Smallholder,B,3906.8,1035.6,50,HDPE,586.5,4.73,45.2,47.51,8,4.57,2.31,0.0,Normal
2025-02-27,Runyenjes East,A,1489.8,976.3,75,HDPE,280.2,6.11,50.92,49.89,6,5.49,-1.03,1.03,Normal
2025-02-27,Embu Green,C,3968.6,973.0,75,HDPE,774.0,4.64,43.53,41.31,10,4.32,-2.22,2.22,Normal
2025-02-28,Kibugu-Nguviu,G,4593.6,1103.3,75,GI,699.8,6.38,41.88,41.5,8,2.84,-0.38,0.38,Normal
2025-02-28,Runyenjes East,F,3728.5,1235.5,63,PVC,268.0,5.87,38.01,37.0,9,5.11,-1.01,1.01,Normal
2025-02-28,Runyenjes East,C,1194.0,1333.7,90,PVC,391.2,1.7,34.89,36.8,11,3.05,1.91,0.0,Normal
2025-03-01,Mwea Smallholder,D,3886.3,1249.6,50,HDPE,699.1,5.06,31.39,32.66,4,4.86,1.27,0.0,Normal
2025-03-01,Mwea Smallholder,G,963.0,976.4,75,PVC,63.8,4.9,51.19,44.19,10,6.4,-7.0,7.0,Normal
2025-03-01,Embu Green,G,1773.3,1316.2,25,PVC,136.5,2.84,35.89,42.0,10,4.72,6.11,0.0,Normal
2025-03-01,Embu Green,C,3859.2,1219.1,90,PVC,302.3,3.2,36.86,24.88,5,1.19,-11.98,11.98,Normal
2025-03-01,Kibugu-Nguviu,B,264.9,1003.1,63,PVC,573.6,9.03,42.1,45.38,7,6.6,3.28,0.0,Normal
2025-03-01,Mwea Smallholder,H,4551.7,1223.4,40,HDPE,423.9,6.19,36.94,33.67,10,6.3,-3.27,3.27,Normal
2025-03-01,Runyenjes East,C,3237.5,1149.3,32,PVC,676.3,6.36,39.58,45.11,4,4.35,5.53,0.0,Normal
2025-03-01,Mwea Smallholder,H,188.0,1014.8,75,PVC,257.5,5.18,45.79,49.67,9,1.24,3.88,0.0,Normal
2025-03-01,Mwea Smallholder,E,3370.1,1244.6,50,HDPE,125.4,7.32,42.09,46.27,11,3.76,4.18,0.0,Normal
2025-03-01,Embu Green,H,2803.8,1261.7,90,PVC,61.9,0.54,46.49,42.6,5,5.57,-3.89,3.89,Normal
2025-03-01,Kibugu-Nguviu,E,2173.0,1349.0,90,PVC,344.3,3.35,32.35,32.04,3,5.07,-0.31,0.31,Normal
2025-03-02,Mwea Smallholder,B,944.1,1150.0,75,PVC,72.1,4.06,47.64,47.82,2,5.81,0.18,0.0,Normal
2025-03-02,Mwea Smallholder,G,1825.1,974.5,50,PVC,601.2,5.11,54.51,49.15,11,7.92,-5.36,5.36,Normal
2025-03-02,Embu Green,E,3071.4,1170.9,90,PVC,150.3,3.25,46.36,34.35,5,5.2,-12.01,12.01,Normal
2025-03-02,Mwea Smallholder,F,4485.7,1262.7,75,PVC,232.4,4.18,37.31,40.11,1,3.25,2.8,0.0,Normal
2025-03-02,Runyenjes East,B,1379.1,968.2,75,PVC,102.2,6.77,49.7,50.11,6,6.72,0.41,0.0,High Pressure
2025-03-02,Runyenjes East,F,3396.1,1139.4,50,PVC,786.2,4.43,40.02,37.39,4,1.31,-2.63,2.63,Normal
2025-03-03,Runyenjes East,A,153.3,973.4,25,PVC,342.5,5.82,48.66,49.27,7,6.78,0.61,0.0,Normal
2025-03-03,Mwea Smallholder,H,3056.5,1032.0,25,PVC,177.4,6.87,48.57,44.64,7,2.85,-3.93,3.93,Normal
2025-03-03,Kibugu-Nguviu,H,2636.4,1085.1,40,GI,308.1,8.91,47.35,47.78,8,7.16,0.43,0.0,Normal
2025-03-03,Mwea Smallholder,E,4241.4,1164.7,63,PVC,745.4,3.16,35.43,35.25,8,3.76,-0.18,0.18,Normal
2025-03-03,Embu Green,E,3562.2,1020.7,40,PVC,141.8,6.46,46.26,41.55,10,3.5,-4.71,4.71,Normal
2025-03-03,Mwea Smallholder,H,3912.0,1297.8,50,PVC,676.6,8.43,33.42,31.19,4,2.79,-2.23,2.23,Normal
2025-03-03,Runyenjes East,F,3754.2,1051.1,32,PVC,786.2,2.4,39.5,38.62,4,3.28,-0.88,0.88,Normal
2025-03-03,Mwea Smallholder,F,1521.6,1072.2,32,PVC,311.7,5.23,44.66,46.88,6,7.14,2.22,0.0,Normal
2025-03-03,Embu Green,E,160.5,1223.5,90,PVC,306.2,4.68,35.82,33.39,2,0.68,-2.43,2.43,Normal
2025-03-03,Runyenjes East,E,635.2,1314.3,40,PVC,421.9,1.71,30.38,28.49,4,7.16,-1.89,1.89,Normal
2025-03-04,Mwea Smallholder,F,3172.4,990.3,90,HDPE,120.6,3.42,53.04,52.67,9,1.65,-0.37,0.37,High Pressure
2025-03-04,Embu Green,A,3786.9,1280.6,50,PVC,419.5,4.1,34.8,34.09,4,2.85,-0.71,0.71,Normal
2025-03-04,Kibugu-Nguviu,F,3832.1,1000.9,50,PVC,178.1,3.13,49.59,49.61,11,4.67,0.02,0.0,Normal
2025-03-04,Mwea Smallholder,F,173.7,1200.4,40,HDPE,108.1,2.42,37.06,33.49,2,6.25,-3.57,3.57,Normal
2025-03-04,Kibugu-Nguviu,A,634.3,972.3,63,PVC,540.2,5.93,48.44,41.83,4,4.95,-6.61,6.61,Normal
2025-03-04,Kibugu-Nguviu,G,3128.8,1281.7,32,PVC,266.6,0.53,34.25,29.49,7,1.75,-4.76,4.76,Normal
2025-03-04,Kibugu-Nguviu,D,2213.4,1170.6,63,HDPE,227.5,5.59,42.24,40.11,11,1.02,-2.13,2.13,Normal
2025-03-04,Mwea Smallholder,A,2120.0,990.6,63,HDPE,210.7,5.8,49.39,41.39,9,7.57,-8.0,8.0,Normal
2025-03-04,Runyenjes East,A,421.3,967.2,32,PVC,483.2,4.63,47.79,46.56,5,7.48,-1.23,1.23,Normal
2025-03-05,Kibugu-Nguviu,H,3561.9,1003.1,50,PVC,144.7,7.73,49.69,49.9,9,2.62,0.21,0.0,Normal
2025-03-05,Kibugu-Nguviu,F,3397.3,1303.9,40,GI,682.7,4.26,28.37,20.4,5,1.74,-7.97,7.97,Normal
2025-03-05,Kibugu-Nguviu,D,480.7,1033.2,75,PVC,384.4,3.6,49.53,51.85,6,4.72,2.32,0.0,High Pressure
2025-03-05,Runyenjes East,A,3895.4,1201.3,75,GI,415.5,5.02,39.37,42.22,10,3.43,2.85,0.0,Normal
2025-03-05,Runyenjes East,C,2706.6,990.9,50,HDPE,588.7,6.37,47.67,51.05,8,5.22,3.38,0.0,High Pressure
2025-03-05,Embu Green,E,3709.2,1325.5,50,PVC,780.5,9.03,27.34,19.11,4,6.67,-8.23,8.23,Normal
2025-03-05,Runyenjes East,F,172.5,1248.3,32,GI,127.9,5.65,42.38,40.34,4,5.75,-2.04,2.04,Normal
2025-03-05,Mwea Smallholder,C,474.4,1029.2,32,PVC,535.5,8.02,43.59,48.4,8,1.37,4.81,0.0,Normal
2025-03-05,Mwea Smallholder,E,906.8,1189.9,25,PVC,252.0,1.56,43.58,43.59,4,5.21,0.01,0.0,Normal
2025-03-06,Embu Green,A,3241.5,1230.9,75,HDPE,140.4,6.89,37.66,34.97,3,1.63,-2.69,2.69,Normal
2025-03-06,Mwea Smallholder,E,693.5,1299.9,90,PVC,366.8,4.3,40.95,40.25,1,6.67,-0.7,0.7,Normal
2025-03-06,Kibugu-Nguviu,B,4946.7,1205.1,90,GI,309.3,7.25,45.28,43.4,4,7.65,-1.88,1.88,Normal
2025-03-06,Mwea Smallholder,D,2458.8,1153.1,50,PVC,194.5,5.41,46.42,50.66,2,4.64,4.24,0.0,High Pressure
2025-03-06,Kibugu-Nguviu,D,4146.5,1197.4,32,PVC,436.2,7.88,36.86,38.97,8,2.06,2.11,0.0,Normal
2025-03-06,Mwea Smallholder,H,2217.3,983.6,50,PVC,490.4,4.56,44.46,46.4,11,2.68,1.94,0.0,Normal
2025-03-06,Runyenjes East,H,500.4,1012.0,63,PVC,290.0,4.98,50.83,54.53,4,3.51,3.7,0.0,High Pressure
2025-03-06,Mwea Smallholder,B,2392.6,1302.9,50,HDPE,368.9,7.01,37.16,34.89,10,5.29,-2.27,2.27,Normal
2025-03-07,Mwea Smallholder,C,1498.0,1159.7,32,GI,168.8,6.3,40.88,40.98,4,1.38,0.1,0.0,Normal
2025-03-07,Embu Green,A,2440.7,1010.4,40,HDPE,68.4,2.21,57.18,53.81,9,1.02,-3.37,3.37,High Pressure
2025-03-07,Kibugu-Nguviu,B,2858.1,1044.5,63,PVC,171.9,2.79,51.16,54.35,10,7.12,3.19,0.0,High Pressure
2025-03-07,Runyenjes East,C,3490.3,1328.9,75,PVC,140.7,4.71,30.94,29.51,7,5.12,-1.43,1.43,Normal
2025-03-07,Mwea Smallholder,A,2704.5,993.0,32,PVC,303.0,5.4,52.74,55.96,5,3.45,3.22,0.0,High Pressure
2025-03-07,Runyenjes East,A,4903.6,1210.7,75,PVC,167.7,8.74,39.81,40.48,8,3.05,0.67,0.0,Normal
2025-03-07,Embu Green,H,3632.0,952.3,40,PVC,660.7,8.57,44.6,43.47,1,1.95,-1.13,1.13,Normal
2025-03-08,Embu Green,A,4242.3,1319.6,63,HDPE,764.8,4.02,30.26,27.34,1,7.21,-2.92,2.92,Normal
2025-03-09,Kibugu-Nguviu,E,2250.5,1077.6,75,PVC,131.0,4.97,47.83,46.14,10,3.68,-1.69,1.69,Normal
2025-03-09,Runyenjes East,C,3146.2,1298.9,75,PVC,431.2,6.72,33.26,27.56,4,4.11,-5.7,5.7,Normal
2025-03-09,Embu Green,G,610.9,1054.7,50,PVC,447.5,7.76,51.68,57.22,6,2.31,5.54,0.0,High Pressure
2025-03-09,Mwea Smallholder,A,4177.8,1156.2,40,HDPE,573.1,2.17,34.95,40.35,8,6.6,5.4,0.0,Normal
2025-03-09,Mwea Smallholder,F,2786.8,1068.6,63,PVC,729.9,6.31,43.46,40.91,4,1.52,-2.55,2.55,Normal
2025-03-09,Runyenjes East,B,4350.5,1180.9,63,PVC,259.5,5.18,40.78,35.61,1,3.89,-5.17,5.17,Normal
2025-03-09,Runyenjes East,G,2375.9,1013.9,90,PVC,605.3,4.4,41.73,37.65,3,2.14,-4.08,4.08,Normal
2025-03-09,Kibugu-Nguviu,C,3861.7,1128.8,25,PVC,777.5,3.01,40.12,39.01,10,1.07,-1.11,1.11,Normal
2025-03-09,Embu Green,C,3380.0,979.2,32,PVC,249.4,5.22,53.03,54.2,3,0.91,1.17,0.0,High Pressure
2025-03-09,Runyenjes East,C,1569.7,1122.5,40,HDPE,458.1,7.4,42.43,39.18,4,2.56,-3.25,3.25,Normal
2025-03-09,Embu Green,G,1359.7,1159.8,90,PVC,338.8,3.52,41.91,41.29,7,5.84,-0.62,0.62,Normal
2025-03-10,Mwea Smallholder,B,2240.3,1320.3,40,HDPE,245.3,6.88,37.0,38.12,9,4.03,1.12,0.0,Normal
2025-03-10,Embu Green,C,3125.0,1143.0,40,PVC,215.6,6.27,45.92,50.1,11,7.17,4.18,0.0,High Pressure
2025-03-10,Runyenjes East,A,3908.7,968.8,50,PVC,775.3,2.99,46.09,47.2,3,4.31,1.11,0.0,Normal
2025-03-10,Runyenjes East,A,33.4,1335.8,63,HDPE,257.6,5.18,31.74,32.84,2,2.13,1.1,0.0,Normal
2025-03-10,Embu Green,D,253.3,1318.5,50,PVC,489.6,3.89,32.5,29.17,8,2.46,-3.33,3.33,Normal
2025-03-10,Embu Green,C,2338.5,1139.9,75,PVC,592.3,7.16,38.35,37.03,9,6.18,-1.32,1.32,Normal
2025-03-10,Mwea Smallholder,B,77.2,1329.2,40,GI,106.7,5.98,35.98,29.85,2,2.87,-6.13,6.13,Normal
2025-03-10,Embu Green,A,162.4,1216.8,90,PVC,167.4,4.48,38.35,40.47,1,0.57,2.12,0.0,Normal
2025-03-10,Embu Green,E,4850.2,1147.8,32,PVC,86.4,6.7,45.44,41.95,2,5.75,-3.49,3.49,Normal
2025-03-10,Mwea Smallholder,D,3114.2,994.3,75,PVC,210.8,2.94,47.57,49.8,1,0.54,2.23,0.0,Normal
2025-03-10,Kibugu-Nguviu,C,4296.4,1018.5,90,PVC,465.3,5.6,40.32,37.81,3,3.6,-2.51,2.51,Normal
2025-03-11,Kibugu-Nguviu,A,1490.8,1144.6,63,GI,544.9,5.24,36.97,38.44,11,3.57,1.47,0.0,Normal
2025-03-11,Runyenjes East,E,1586.8,1303.0,40,HDPE,214.3,1.26,38.04,33.76,8,6.92,-4.28,4.28,Normal
2025-03-11,Mwea Smallholder,D,2753.1,1111.4,63,PVC,259.2,3.07,43.35,37.74,6,5.17,-5.61,5.61,Normal
2025-03-11,Embu Green,E,69.8,976.3,75,HDPE,77.6,3.96,52.88,56.66,10,4.63,3.78,0.0,High Pressure
2025-03-11,Kibugu-Nguviu,F,1953.5,1163.4,32,PVC,553.6,4.98,36.8,40.81,3,5.11,4.01,0.0,Normal
2025-03-12,Mwea Smallholder,C,1591.5,969.1,32,PVC,543.0,1.95,46.24,37.5,1,3.79,-8.74,8.74,Normal
2025-03-12,Mwea Smallholder,D,350.7,1017.9,25,PVC,569.5,4.73,50.83,47.19,7,7.41,-3.64,3.64,Normal
2025-03-12,Embu Green,B,4819.5,1181.6,90,HDPE,333.8,6.69,42.43,41.4,10,1.6,-1.03,1.03,Normal
2025-03-12,Embu Green,C,1391.8,1180.0,63,PVC,177.4,1.06,49.91,52.34,11,6.95,2.43,0.0,High Pressure
2025-03-13,Kibugu-Nguviu,A,4318.2,1318.7,40,HDPE,563.9,10.86,34.7,36.67,10,5.39,1.97,0.0,Normal
2025-03-13,Embu Green,C,3971.7,1085.2,63,PVC,110.3,4.41,51.38,48.36,1,2.53,-3.02,3.02,Normal
2025-03-13,Embu Green,A,3196.8,988.9,75,PVC,266.2,5.88,52.1,59.49,10,6.62,7.39,0.0,High Pressure
2025-03-13,Kibugu-Nguviu,B,4447.4,1094.1,63,PVC,175.5,8.85,44.55,44.03,10,7.23,-0.52,0.52,Normal
2025-03-13,Runyenjes East,E,2321.9,1146.2,75,PVC,30.1,9.33,47.3,47.5,10,4.79,0.2,0.0,Normal
2025-03-13,Embu Green,B,1670.2,1042.7,50,HDPE,557.5,3.49,43.49,38.21,3,2.99,-5.28,5.28,Normal
2025-03-13,Kibugu-Nguviu,H,2446.7,1282.4,75,HDPE,83.8,5.65,41.09,39.96,7,3.71,-1.13,1.13,Normal
2025-03-13,Runyenjes East,C,4956.4,1097.7,63,PVC,34.2,6.72,41.34,47.07,10,7.16,5.73,0.0,Normal
2025-03-13,Runyenjes East,F,2079.1,1209.9,63,PVC,665.0,5.66,37.09,37.13,2,2.64,0.04,0.0,Normal
2025-03-13,Embu Green,H,2016.4,964.2,90,PVC,733.6,3.57,48.51,49.33,5,2.49,0.82,0.0,Normal
2025-03-13,Embu Green,F,4379.2,1180.0,40,PVC,479.1,8.68,41.24,44.87,4,3.64,3.63,0.0,Normal
2025-03-14,Runyenjes East,A,4131.9,980.3,50,PVC,343.9,5.23,52.68,49.4,8,4.02,-3.28,3.28,Normal
2025-03-14,Embu Green,F,1193.7,1263.9,40,PVC,347.3,5.49,39.92,34.77,10,3.11,-5.15,5.15,Normal
2025-03-14,Mwea Smallholder,A,4062.6,1100.0,25,PVC,157.1,5.74,43.82,44.16,4,6.26,0.34,0.0,Normal
2025-03-15,Runyenjes East,B,3037.4,1093.0,50,PVC,747.3,5.9,33.94,34.15,2,1.8,0.21,0.0,Normal
2025-03-15,Runyenjes East,C,339.8,1118.0,75,PVC,762.4,1.65,39.6,41.26,7,6.91,1.66,0.0,Normal
2025-03-15,Runyenjes East,D,4916.0,985.6,32,PVC,737.3,5.33,42.32,33.51,11,7.66,-8.81,8.81,Normal
2025-03-15,Kibugu-Nguviu,F,11.4,1035.2,63,HDPE,261.3,4.93,44.58,41.06,8,2.32,-3.52,3.52,Normal
2025-03-15,Kibugu-Nguviu,B,4995.3,1129.0,90,PVC,448.8,5.78,40.84,38.73,8,2.78,-2.11,2.11,Normal
2025-03-15,Embu Green,G,3174.5,1223.1,63,HDPE,473.3,3.79,40.44,41.56,9,6.34,1.12,0.0,Normal
2025-03-15,Runyenjes East,D,2891.3,1110.6,63,HDPE,230.3,9.11,41.45,45.79,6,6.08,4.34,0.0,Normal
2025-03-15,Mwea Smallholder,G,358.3,1296.4,50,HDPE,688.2,6.79,30.69,18.88,11,1.72,-11.81,11.81,Normal
2025-03-15,Embu Green,A,2319.2,1289.0,50,HDPE,105.0,5.72,40.99,46.04,2,7.84,5.05,0.0,Normal
2025-03-15,Mwea Smallholder,E,2941.9,1258.8,50,PVC,412.7,6.98,33.25,37.63,7,7.3,4.38,0.0,Normal
2025-03-15,Embu Green,H,4765.2,1066.3,40,PVC,677.3,4.22,46.44,56.84,1,7.28,10.4,0.0,High Pressure
2025-03-15,Runyenjes East,C,2435.1,1075.6,25,PVC,57.9,1.95,48.75,40.97,4,2.59,-7.78,7.78,Normal
2025-03-16,Mwea Smallholder,C,513.0,1179.9,63,HDPE,196.3,4.22,38.18,35.26,9,6.7,-2.92,2.92,Normal
2025-03-16,Runyenjes East,G,2138.6,1263.9,90,HDPE,670.2,4.55,29.63,28.68,5,1.0,-0.95,0.95,Normal
2025-03-16,Runyenjes East,B,48.8,1031.1,40,PVC,338.6,1.05,49.2,41.11,4,1.31,-8.09,8.09,Normal
2025-03-16,Embu Green,A,4702.9,1230.7,40,PVC,627.3,4.54,29.52,34.17,9,2.64,4.65,0.0,Normal
2025-03-17,Embu Green,E,3605.5,985.6,40,GI,400.5,4.82,52.16,50.05,1,2.87,-2.11,2.11,High Pressure
2025-03-17,Runyenjes East,A,3267.3,1101.4,40,GI,781.9,2.63,40.09,34.36,9,6.57,-5.73,5.73,Normal
2025-03-17,Embu Green,C,1992.6,1311.8,50,HDPE,314.9,6.28,31.54,29.29,3,6.97,-2.25,2.25,Normal
2025-03-17,Embu Green,H,4309.6,1349.8,32,PVC,568.2,5.65,29.79,27.1,9,1.37,-2.69,2.69,Normal
2025-03-17,Kibugu-Nguviu,E,288.6,1083.8,40,HDPE,251.3,2.42,46.19,45.25,11,0.6,-0.94,0.94,Normal
2025-03-17,Kibugu-Nguviu,G,2713.9,1196.1,25,PVC,45.3,5.2,43.19,47.27,8,4.74,4.08,0.0,Normal
2025-03-18,Kibugu-Nguviu,B,1700.7,1093.0,32,HDPE,365.2,6.27,44.16,47.0,6,5.0,2.84,0.0,Normal
2025-03-18,Kibugu-Nguviu,E,1954.5,1125.1,40,PVC,94.4,3.32,40.75,42.98,4,4.95,2.23,0.0,Normal
2025-03-18,Runyenjes East,D,270.8,1231.8,75,GI,689.8,6.64,29.31,23.52,7,3.68,-5.79,5.79,Normal
2025-03-18,Kibugu-Nguviu,A,1703.9,1130.5,75,PVC,166.1,6.62,46.14,49.49,4,6.24,3.35,0.0,Normal
2025-03-18,Embu Green,H,2262.7,1198.0,90,PVC,168.8,3.15,38.84,38.25,2,5.09,-0.59,0.59,Normal
2025-03-18,Mwea Smallholder,B,324.5,1006.9,32,PVC,773.5,2.73,47.07,44.62,3,2.93,-2.45,2.45,Normal
2025-03-18,Runyenjes East,C,3902.0,1345.7,25,PVC,781.7,6.7,25.53,15.94,9,5.36,-9.59,9.59,Normal
2025-03-18,Embu Green,H,327.9,1026.8,40,PVC,616.8,4.3,48.21,52.99,7,1.31,4.78,0.0,High Pressure
2025-03-18,Runyenjes East,H,3911.0,1109.1,75,GI,273.0,7.74,41.54,30.33,11,7.88,-11.21,11.21,Normal
2025-03-18,Embu Green,F,4000.3,992.0,50,PVC,213.3,4.01,52.2,50.02,2,6.3,-2.18,2.18,High Pressure
2025-03-19,Embu Green,G,2494.8,1341.7,40,HDPE,625.3,1.39,25.66,25.68,8,6.78,0.02,0.0,Normal
2025-03-19,Mwea Smallholder,H,3712.3,1276.0,25,PVC,78.2,3.24,37.77,39.98,3,6.12,2.21,0.0,Normal
2025-03-19,Runyenjes East,F,4981.8,1137.5,75,PVC,75.1,4.48,45.24,43.11,7,6.94,-2.13,2.13,Normal
2025-03-19,Embu Green,H,1631.6,1087.9,50,PVC,740.1,3.47,41.87,39.19,11,3.14,-2.68,2.68,Normal
2025-03-19,Mwea Smallholder,H,2349.4,1122.3,63,HDPE,412.3,6.67,40.01,38.91,11,3.39,-1.1,1.1,Normal
2025-03-19,Kibugu-Nguviu,E,669.1,1106.2,63,PVC,155.7,4.67,44.98,36.14,4,1.79,-8.84,8.84,Normal
2025-03-19,Embu Green,A,3559.3,1307.4,32,PVC,312.1,4.45,41.2,44.31,8,2.8,3.11,0.0,Normal
2025-03-20,Kibugu-Nguviu,D,4879.9,1198.9,32,PVC,337.7,6.79,41.59,43.23,4,6.62,1.64,0.0,Normal
2025-03-20,Embu Green,E,445.9,1157.8,40,HDPE,684.2,4.06,31.7,27.94,1,4.43,-3.76,3.76,Normal
2025-03-20,Kibugu-Nguviu,E,4722.9,965.7,50,PVC,574.4,7.62,47.45,50.81,5,2.43,3.36,0.0,High Pressure
2025-03-20,Embu Green,G,4517.4,965.7,75,HDPE,623.4,6.23,44.23,39.95,3,7.78,-4.28,4.28,Normal
2025-03-20,Embu Green,D,1390.0,1032.1,25,GI,35.0,7.19,49.39,43.52,7,3.91,-5.87,5.87,Normal
2025-03-20,Kibugu-Nguviu,A,3849.8,1024.2,32,PVC,109.6,7.71,47.58,42.77,3,6.08,-4.81,4.81,Normal
2025-03-20,Runyenjes East,E,1724.7,1249.0,63,PVC,299.1,3.97,36.46,35.52,8,5.18,-0.94,0.94,Normal
2025-03-20,Mwea Smallholder,A,2040.7,1017.4,75,PVC,561.8,6.47,46.49,50.55,3,5.91,4.06,0.0,High Pressure
2025-03-21,Kibugu-Nguviu,B,3349.1,1331.9,32,PVC,204.7,1.76,28.45,19.11,9,5.8,-9.34,9.34,Normal
2025-03-21,Kibugu-Nguviu,G,618.9,1172.5,50,HDPE,534.1,2.73,41.13,40.29,8,7.62,-0.84,0.84,Normal
2025-03-21,Embu Green,C,4998.3,1117.8,50,PVC,686.2,3.58,41.94,33.01,6,6.63,-8.93,8.93,Normal
2025-03-21,Embu Green,D,2968.9,1118.3,40,PVC,493.4,8.24,41.09,41.54,9,6.11,0.45,0.0,Normal
2025-03-21,Runyenjes East,E,1442.4,1225.7,32,HDPE,783.4,6.41,29.81,23.36,4,4.7,-6.45,6.45,Normal
2025-03-22,Runyenjes East,G,539.3,1005.1,75,PVC,56.9,1.09,57.4,55.38,8,6.36,-2.02,2.02,High Pressure
2025-03-22,Kibugu-Nguviu,H,524.0,958.0,40,GI,635.2,5.63,45.54,38.88,9,1.8,-6.66,6.66,Normal
2025-03-22,Embu Green,A,2268.5,1061.3,90,GI,398.9,6.14,46.76,48.47,7,3.38,1.71,0.0,Normal
2025-03-22,Runyenjes East,F,3630.6,1076.1,40,PVC,82.6,1.66,49.37,54.44,2,6.54,5.07,0.0,High Pressure
2025-03-22,Kibugu-Nguviu,H,652.9,978.8,50,HDPE,371.6,3.44,50.3,46.54,9,2.24,-3.76,3.76,Normal
2025-03-22,Mwea Smallholder,F,4718.1,1081.0,75,PVC,346.9,3.0,45.49,42.06,4,6.36,-3.43,3.43,Normal
2025-03-22,Mwea Smallholder,F,3841.0,1098.1,32,PVC,120.0,4.7,49.7,40.33,4,4.35,-9.37,9.37,Normal
2025-03-22,Kibugu-Nguviu,A,4152.7,1230.3,32,PVC,148.9,4.49,38.62,28.59,7,5.94,-10.03,10.03,Normal
2025-03-22,Runyenjes East,A,4127.1,1315.1,25,HDPE,553.2,3.59,30.46,37.62,1,4.56,7.16,0.0,Normal
2025-03-22,Kibugu-Nguviu,C,1907.4,1170.9,50,PVC,88.3,3.24,37.81,34.22,11,6.33,-3.59,3.59,Normal
2025-03-23,Kibugu-Nguviu,E,1620.4,1162.2,75,PVC,731.3,1.52,36.8,46.96,7,2.48,10.16,0.0,Normal
2025-03-23,Mwea Smallholder,D,3599.4,1045.3,75,PVC,183.2,2.23,56.09,55.81,8,3.39,-0.28,0.28,High Pressure
2025-03-23,Kibugu-Nguviu,B,2627.0,1168.2,75,PVC,679.7,7.85,35.03,34.71,5,7.01,-0.32,0.32,Normal
2025-03-23,Runyenjes East,C,141.6,1328.6,63,GI,639.7,3.95,27.38,31.18,7,0.56,3.8,0.0,Normal
2025-03-23,Embu Green,D,1719.3,1076.9,50,PVC,139.6,4.35,48.8,48.3,9,6.01,-0.5,0.5,Normal
2025-03-24,Runyenjes East,E,2631.6,1169.6,63,HDPE,112.6,5.26,45.67,41.03,4,7.43,-4.64,4.64,Normal
2025-03-24,Runyenjes East,D,4257.1,1089.8,40,PVC,62.1,0.5,53.36,46.91,1,2.23,-6.45,6.45,Normal
2025-03-24,Embu Green,F,3737.3,993.5,50,HDPE,230.6,6.06,55.52,60.71,10,1.75,5.19,0.0,High Pressure
2025-03-24,Kibugu-Nguviu,A,135.0,1038.9,40,PVC,366.3,5.73,45.81,43.22,10,2.9,-2.59,2.59,Normal
2025-03-24,Embu Green,F,961.6,1342.7,50,PVC,424.9,4.6,33.86,32.34,9,2.68,-1.52,1.52,Normal
2025-03-24,Embu Green,G,2345.4,1141.8,40,HDPE,65.9,5.3,49.92,46.59,7,3.38,-3.33,3.33,Normal
2025-03-24,Mwea Smallholder,G,1600.7,1165.7,63,PVC,723.1,5.46,39.07,41.41,2,3.16,2.34,0.0,Normal
2025-03-25,Runyenjes East,A,961.9,1322.3,50,HDPE,338.4,3.4,38.52,36.35,11,6.27,-2.17,2.17,Normal
2025-03-25,Mwea Smallholder,F,877.9,1169.0,32,PVC,61.4,5.51,52.08,56.94,6,5.92,4.86,0.0,High Pressure
2025-03-25,Runyenjes East,A,3668.2,1203.3,50,PVC,680.3,5.5,34.89,26.96,4,3.08,-7.93,7.93,Normal
2025-03-25,Embu Green,A,2444.7,1038.4,40,HDPE,197.1,2.82,48.2,49.09,2,3.12,0.89,0.0,Normal
2025-03-26,Embu Green,G,3908.2,1303.4,63,PVC,422.3,2.04,37.52,38.77,6,6.16,1.25,0.0,Normal
2025-03-26,Mwea Smallholder,D,3146.3,1261.4,32,HDPE,711.2,4.17,33.09,30.59,4,7.61,-2.5,2.5,Normal
2025-03-26,Kibugu-Nguviu,B,1360.8,963.1,75,PVC,277.0,4.91,47.77,41.02,3,6.74,-6.75,6.75,Normal
2025-03-26,Kibugu-Nguviu,G,3171.3,1292.2,25,PVC,245.0,6.55,38.72,33.54,1,5.41,-5.18,5.18,Normal
2025-03-26,Mwea Smallholder,C,4366.2,1273.3,63,HDPE,278.9,4.83,36.32,29.95,8,1.05,-6.37,6.37,Normal
2025-03-26,Embu Green,C,1530.4,1096.9,75,PVC,742.8,6.03,33.4,31.97,8,2.94,-1.43,1.43,Normal
2025-03-26,Mwea Smallholder,A,2105.2,958.3,90,HDPE,712.6,6.9,43.3,40.37,8,4.31,-2.93,2.93,Normal
2025-03-26,Embu Green,H,178.7,1324.1,90,PVC,685.0,9.14,29.43,27.51,8,3.03,-1.92,1.92,Normal
2025-03-26,Mwea Smallholder,A,1505.1,1098.0,63,HDPE,746.5,5.12,37.38,30.75,1,3.68,-6.63,6.63,Normal
2025-03-26,Kibugu-Nguviu,E,2801.8,1002.6,90,HDPE,253.9,6.62,50.07,45.22,6,5.53,-4.85,4.85,Normal
2025-03-26,Mwea Smallholder,F,474.2,1193.4,25,HDPE,37.9,2.82,48.04,39.59,5,1.81,-8.45,8.45,Normal
2025-03-27,Kibugu-Nguviu,G,2108.9,1199.9,50,HDPE,366.2,5.08,35.02,30.43,4,5.48,-4.59,4.59,Normal
2025-03-27,Runyenjes East,F,1717.9,1058.4,75,PVC,711.4,6.38,35.81,23.41,9,5.63,-12.4,12.4,Normal
2025-03-27,Runyenjes East,C,1444.6,1207.7,50,HDPE,500.7,4.11,39.79,38.43,11,6.79,-1.36,1.36,Normal
2025-03-27,Embu Green,A,2816.0,954.7,50,PVC,681.8,6.81,44.48,42.26,6,1.96,-2.22,2.22,Normal
2025-03-27,Embu Green,B,589.3,973.4,63,PVC,268.1,2.88,46.71,48.16,9,2.57,1.45,0.0,Normal
2025-03-28,Kibugu-Nguviu,C,2365.6,1041.9,32,PVC,732.6,3.05,43.66,46.14,8,5.18,2.48,0.0,Normal
2025-03-28,Runyenjes East,E,4647.5,1342.1,32,PVC,199.7,9.41,36.66,32.34,9,6.03,-4.32,4.32,Normal
2025-03-28,Embu Green,B,3835.6,1309.0,25,PVC,645.0,6.72,32.33,34.04,6,7.03,1.71,0.0,Normal
2025-03-28,Mwea Smallholder,C,1753.0,1337.4,63,PVC,799.8,1.05,27.59,24.08,6,5.29,-3.51,3.51,Normal
2025-03-28,Runyenjes East,F,981.6,975.5,63,PVC,330.4,3.26,46.97,45.49,9,7.39,-1.48,1.48,Normal
2025-03-28,Embu Green,E,1963.6,1249.8,25,PVC,33.6,7.08,38.55,29.94,7,3.44,-8.61,8.61,Normal
2025-03-28,Kibugu-Nguviu,B,4700.7,1256.5,75,PVC,332.4,7.81,35.9,34.86,11,6.31,-1.04,1.04,Normal
2025-03-29,Mwea Smallholder,E,1020.7,1303.1,40,HDPE,121.4,3.24,37.43,37.57,4,6.74,0.14,0.0,Normal
2025-03-29,Kibugu-Nguviu,G,4021.1,1176.6,25,HDPE,791.8,1.46,36.61,46.3,9,4.83,9.69,0.0,Normal
2025-03-29,Embu Green,H,395.0,1131.9,75,HDPE,55.0,5.9,50.51,57.41,7,1.53,6.9,0.0,High Pressure
2025-03-29,Mwea Smallholder,E,4834.3,1123.7,63,PVC,197.0,5.64,50.79,49.66,3,2.2,-1.13,1.13,Normal
2025-03-29,Mwea Smallholder,F,3560.7,1152.3,90,PVC,249.7,2.06,42.04,44.14,8,0.77,2.1,0.0,Normal
2025-03-29,Kibugu-Nguviu,B,3072.0,1084.5,75,HDPE,116.0,3.61,44.16,46.76,7,7.2,2.6,0.0,Normal
2025-03-29,Embu Green,D,2581.0,1081.4,90,HDPE,130.0,7.25,40.62,44.39,10,1.4,3.77,0.0,Normal
2025-03-29,Mwea Smallholder,D,1528.7,1229.0,50,PVC,529.8,7.89,38.18,31.3,4,0.88,-6.88,6.88,Normal
2025-03-29,Kibugu-Nguviu,A,2923.5,967.6,50,HDPE,418.8,3.17,44.24,32.28,11,5.44,-11.96,11.96,Normal
2025-03-29,Mwea Smallholder,C,108.4,998.1,75,PVC,108.4,5.27,48.49,38.77,1,0.82,-9.72,9.72,Normal
2025-03-30,Embu Green,H,3098.4,1141.5,63,GI,255.1,1.76,46.47,49.16,8,7.68,2.69,0.0,Normal
2025-03-30,Mwea Smallholder,B,2005.1,1272.3,63,PVC,482.4,2.85,35.28,39.8,11,6.35,4.52,0.0,Normal
2025-03-30,Kibugu-Nguviu,A,4879.3,1129.6,40,PVC,571.4,6.65,36.45,37.77,7,6.45,1.32,0.0,Normal
2025-03-30,Runyenjes East,C,1156.4,1290.2,75,PVC,594.3,1.38,30.6,19.71,2,2.02,-10.89,10.89,Normal
2025-03-30,Embu Green,B,243.9,1349.6,90,PVC,322.8,2.96,32.27,28.68,1,7.39,-3.59,3.59,Normal
2025-03-31,Runyenjes East,C,2686.6,1230.2,50,GI,767.8,4.5,36.42,40.81,1,6.12,4.39,0.0,Normal
2025-03-31,Kibugu-Nguviu,B,2197.9,1035.4,40,PVC,266.9,4.56,41.9,44.24,9,5.11,2.34,0.0,Normal
2025-03-31,Embu Green,H,3074.0,1204.1,32,PVC,600.9,6.7,36.79,20.83,8,4.21,-15.96,15.96,Normal
2025-03-31,Embu Green,H,2217.6,1152.8,63,PVC,281.3,5.66,45.93,39.59,4,5.66,-6.34,6.34,Normal
2025-03-31,Mwea Smallholder,C,1171.9,1251.0,50,PVC,454.9,4.84,35.35,29.97,3,3.67,-5.38,5.38,Normal
2025-03-31,Kibugu-Nguviu,F,665.9,1137.7,40,PVC,732.9,4.38,38.5,37.79,10,3.08,-0.71,0.71,Normal
2025-03-31,Runyenjes East,E,479.5,1062.4,50,PVC,463.5,2.11,44.13,38.66,2,7.46,-5.47,5.47,Normal
2025-03-31,Mwea Smallholder,C,2012.6,1297.0,63,HDPE,645.3,3.27,27.51,26.93,6,1.81,-0.58,0.58,Normal
2025-04-01,Mwea Smallholder,E,3953.7,1286.6,75,PVC,592.5,1.71,33.6,29.93,9,5.2,-3.67,3.67,Normal
2025-04-01,Kibugu-Nguviu,F,2261.4,1276.8,75,PVC,140.1,3.25,37.87,35.21,9,4.45,-2.66,2.66,Normal
2025-04-01,Mwea Smallholder,A,1398.4,1027.8,75,HDPE,143.0,2.58,51.25,56.24,9,3.86,4.99,0.0,High Pressure
2025-04-01,Embu Green,G,4962.5,1241.1,40,PVC,427.5,6.74,34.63,27.26,2,4.77,-7.37,7.37,Normal
2025-04-01,Embu Green,A,2226.6,955.6,75,PVC,464.1,5.7,46.75,39.29,8,4.63,-7.46,7.46,Normal
2025-04-01,Runyenjes East,E,474.4,1260.3,63,PVC,187.6,4.86,37.87,41.09,6,2.01,3.22,0.0,Normal
2025-04-01,Embu Green,D,4228.2,1284.0,40,PVC,779.3,2.86,30.58,27.96,2,3.2,-2.62,2.62,Normal
2025-04-01,Embu Green,B,4262.2,1235.5,90,PVC,374.8,2.88,35.72,35.76,7,3.48,0.04,0.0,Normal
2025-04-02,Kibugu-Nguviu,C,1282.6,1151.4,50,HDPE,352.9,6.01,41.94,35.1,11,6.87,-6.84,6.84,Normal
2025-04-02,Runyenjes East,G,4884.7,1231.3,75,PVC,233.5,4.48,38.41,35.4,9,2.13,-3.01,3.01,Normal
2025-04-02,Embu Green,H,4192.2,1057.4,32,PVC,505.7,3.03,39.29,45.49,5,7.92,6.2,0.0,Normal
2025-04-02,Mwea Smallholder,F,2112.9,1137.6,32,PVC,734.8,6.2,34.35,34.86,1,5.97,0.51,0.0,Normal
2025-04-03,Embu Green,F,4850.4,1311.9,40,PVC,321.7,7.74,36.64,42.96,8,0.89,6.32,0.0,Normal
2025-04-03,Runyenjes East,B,719.8,1154.7,63,HDPE,695.3,8.5,38.18,38.37,10,7.46,0.19,0.0,Normal
2025-04-04,Mwea Smallholder,F,4888.3,1157.9,90,HDPE,73.0,3.37,41.96,43.76,4,0.78,1.8,0.0,Normal
2025-04-04,Runyenjes East,C,1668.2,1323.1,63,PVC,747.5,4.56,30.12,30.56,2,7.75,0.44,0.0,Normal
2025-04-04,Embu Green,F,163.2,954.1,25,HDPE,578.5,4.07,45.83,46.38,3,3.92,0.55,0.0,Normal
2025-04-04,Kibugu-Nguviu,F,3753.8,1086.6,50,PVC,721.4,3.27,39.25,42.2,2,1.48,2.95,0.0,Normal
2025-04-04,Embu Green,H,3934.9,1116.0,75,PVC,555.8,0.5,41.31,38.71,2,0.65,-2.6,2.6,Normal
2025-04-04,Mwea Smallholder,B,3590.9,1150.8,90,PVC,290.1,6.35,44.89,40.57,11,1.44,-4.32,4.32,Normal
2025-04-04,Kibugu-Nguviu,C,3750.6,1044.8,75,PVC,77.0,6.35,45.8,45.88,9,7.09,0.08,0.0,Normal
2025-04-04,Kibugu-Nguviu,G,2609.1,1199.4,90,HDPE,206.8,7.18,42.66,40.65,8,4.08,-2.01,2.01,Normal
2025-04-04,Kibugu-Nguviu,B,3186.6,989.7,75,PVC,799.6,2.96,43.05,36.45,9,5.96,-6.6,6.6,Normal
2025-04-04,Kibugu-Nguviu,C,4503.7,1117.2,40,PVC,332.9,4.85,43.09,38.73,8,3.46,-4.36,4.36,Normal
2025-04-05,Mwea Smallholder,E,3558.3,1208.9,90,HDPE,538.3,4.65,35.52,38.99,11,6.84,3.47,0.0,Normal
2025-04-05,Runyenjes East,C,2453.7,1092.9,75,PVC,390.3,7.35,43.08,41.13,5,5.74,-1.95,1.95,Normal
2025-04-05,Embu Green,E,4017.5,1303.5,25,PVC,419.8,7.63,30.95,32.22,8,2.6,1.27,0.0,Normal
2025-04-05,Kibugu-Nguviu,H,243.6,1133.3,25,HDPE,242.6,1.92,46.51,46.16,11,0.94,-0.35,0.35,Normal
2025-04-05,Embu Green,C,1061.3,1127.0,40,PVC,307.0,3.88,46.59,39.92,6,0.77,-6.67,6.67,Normal
2025-04-05,Mwea Smallholder,A,2138.9,1236.5,63,PVC,215.9,6.79,46.53,49.76,6,1.79,3.23,0.0,Normal
2025-04-05,Embu Green,B,4550.5,1234.2,50,HDPE,558.2,8.6,36.37,32.49,9,1.05,-3.88,3.88,Normal
2025-04-05,Kibugu-Nguviu,A,2125.1,1156.9,75,PVC,264.7,4.65,48.39,44.25,6,6.01,-4.14,4.14,Normal
2025-04-06,Runyenjes East,B,1511.7,1132.6,50,PVC,756.2,5.9,45.81,42.21,8,4.56,-3.6,3.6,Normal
2025-04-06,Kibugu-Nguviu,B,3397.4,1298.5,90,PVC,66.3,4.68,35.04,31.55,1,1.33,-3.49,3.49,Normal
2025-04-06,Runyenjes East,F,4198.4,1071.0,90,PVC,734.8,6.33,38.01,32.23,1,4.03,-5.78,5.78,Normal
2025-04-07,Embu Green,E,701.8,1098.5,32,PVC,682.0,6.7,42.08,36.48,4,5.44,-5.6,5.6,Normal
2025-04-07,Kibugu-Nguviu,H,3759.4,1019.5,25,HDPE,622.7,7.1,47.17,55.55,2,2.94,8.38,0.0,High Pressure
2025-04-08,Kibugu-Nguviu,F,3224.6,1156.7,40,PVC,280.6,7.87,39.91,32.26,6,1.93,-7.65,7.65,Normal
2025-04-08,Kibugu-Nguviu,D,62.7,1219.9,40,GI,781.7,7.79,28.65,34.6,11,4.53,5.95,0.0,Normal
2025-04-08,Runyenjes East,F,3584.8,1071.2,50,PVC,60.2,4.43,48.08,51.15,4,4.14,3.07,0.0,High Pressure
2025-04-08,Kibugu-Nguviu,B,751.2,1290.5,40,PVC,793.3,6.55,32.0,30.19,5,0.68,-1.81,1.81,Normal
2025-04-08,Embu Green,E,3438.6,985.7,50,PVC,752.1,6.8,42.21,40.3,4,5.66,-1.91,1.91,Normal
2025-04-08,Embu Green,A,921.9,1081.9,50,PVC,389.3,5.23,45.63,43.02,9,2.52,-2.61,2.61,Normal
2025-04-08,Kibugu-Nguviu,E,1359.0,969.2,75,PVC,756.5,4.55,40.1,38.18,6,8.0,-1.92,1.92,Normal
2025-04-08,Embu Green,A,3680.2,1084.7,63,PVC,313.9,4.71,40.94,40.12,7,5.68,-0.82,0.82,Normal
2025-04-08,Kibugu-Nguviu,E,2379.1,1204.2,40,PVC,780.9,5.7,35.35,34.93,4,2.52,-0.42,0.42,Normal
2025-04-08,Runyenjes East,E,1741.6,1242.8,63,PVC,248.2,3.82,43.08,42.19,8,6.91,-0.89,0.89,Normal
2025-04-09,Embu Green,D,3518.6,1212.7,63,GI,345.9,2.78,43.83,43.78,10,7.75,-0.05,0.05,Normal
2025-04-09,Embu Green,C,4705.7,1348.3,32,HDPE,777.2,6.35,33.94,36.0,5,6.77,2.06,0.0,Normal
2025-04-09,Runyenjes East,A,2428.2,955.6,90,PVC,482.7,1.49,48.63,49.38,4,0.51,0.75,0.0,Normal
2025-04-09,Kibugu-Nguviu,H,1410.1,1174.2,40,PVC,710.5,5.09,39.55,37.29,4,4.68,-2.26,2.26,Normal
2025-04-10,Runyenjes East,H,3683.5,1091.8,75,PVC,711.1,7.98,44.1,43.39,5,4.22,-0.71,0.71,Normal
2025-04-10,Mwea Smallholder,G,122.5,961.9,50,HDPE,643.8,6.78,45.98,43.13,3,1.19,-2.85,2.85,Normal
2025-04-10,Embu Green,B,4098.1,1016.4,63,PVC,704.1,3.0,41.36,43.83,4,2.05,2.47,0.0,Normal
2025-04-10,Kibugu-Nguviu,H,4225.9,1121.7,75,PVC,407.2,8.3,38.51,37.14,5,2.09,-1.37,1.37,Normal
2025-04-10,Mwea Smallholder,H,2169.8,1007.3,32,PVC,682.3,4.24,46.12,46.1,4,6.03,-0.02,0.02,Normal
2025-04-11,Embu Green,A,3093.5,1144.0,40,HDPE,290.6,5.24,44.31,40.62,1,1.67,-3.69,3.69,Normal
2025-04-11,Kibugu-Nguviu,F,3773.1,979.8,32,PVC,781.8,7.62,51.46,59.39,5,5.5,7.93,0.0,High Pressure
2025-04-11,Kibugu-Nguviu,A,4895.6,1060.3,50,HDPE,737.5,6.36,40.76,40.9,10,3.79,0.14,0.0,Normal
2025-04-12,Kibugu-Nguviu,A,3222.9,1281.3,90,PVC,644.4,4.56,28.42,22.18,2,1.65,-6.24,6.24,Normal
2025-04-12,Runyenjes East,B,1905.9,1032.1,50,PVC,227.1,4.82,47.16,39.57,9,4.75,-7.59,7.59,Normal
2025-04-12,Mwea Smallholder,H,2175.2,1167.2,90,GI,625.7,6.29,36.61,40.75,11,2.84,4.14,0.0,Normal
2025-04-12,Runyenjes East,B,3552.1,995.1,50,HDPE,731.6,4.27,43.49,39.52,1,7.77,-3.97,3.97,Normal
2025-04-12,Runyenjes East,B,4143.8,1127.6,75,HDPE,255.9,3.04,44.99,48.39,11,1.98,3.4,0.0,Normal
2025-04-12,Kibugu-Nguviu,D,1280.7,1116.8,50,PVC,789.7,6.31,38.06,36.36,9,1.39,-1.7,1.7,Normal
2025-04-13,Embu Green,D,1168.0,1086.1,32,PVC,468.8,5.6,48.18,45.81,9,6.6,-2.37,2.37,Normal
2025-04-13,Kibugu-Nguviu,B,535.3,1026.6,40,PVC,73.8,7.74,54.97,52.62,10,6.11,-2.35,2.35,High Pressure
2025-04-13,Mwea Smallholder,C,4684.0,1142.2,50,HDPE,120.0,3.58,42.69,46.41,3,2.48,3.72,0.0,Normal
2025-04-13,Embu Green,A,3112.1,1026.9,63,GI,204.6,3.0,46.21,43.58,8,6.48,-2.63,2.63,Normal
2025-04-13,Runyenjes East,C,754.3,1306.4,50,PVC,373.5,6.5,42.78,45.57,7,5.07,2.79,0.0,Normal
2025-04-13,Kibugu-Nguviu,B,134.5,997.0,75,PVC,776.2,5.96,40.42,38.05,10,5.06,-2.37,2.37,Normal
2025-04-13,Runyenjes East,G,4911.4,1329.7,32,PVC,456.4,7.99,35.51,36.06,1,7.35,0.55,0.0,Normal
2025-04-13,Runyenjes East,F,4647.3,1234.3,40,HDPE,654.7,2.49,33.7,29.46,6,4.16,-4.24,4.24,Normal
2025-04-13,Runyenjes East,E,3768.6,1298.0,75,PVC,199.8,3.87,40.05,49.24,1,6.36,9.19,0.0,Normal
2025-04-13,Kibugu-Nguviu,E,1619.8,1132.9,50,PVC,168.3,6.56,47.52,57.41,5,5.29,9.89,0.0,High Pressure
2025-04-14,Runyenjes East,B,572.6,1013.8,50,GI,425.3,2.08,41.95,39.14,10,4.42,-2.81,2.81,Normal
2025-04-14,Kibugu-Nguviu,H,1333.1,1034.0,75,HDPE,448.9,5.67,51.7,49.7,11,2.8,-2.0,2.0,Normal
2025-04-14,Kibugu-Nguviu,E,2998.4,1158.2,50,HDPE,402.0,1.7,38.22,31.21,3,7.3,-7.01,7.01,Normal
2025-04-14,Embu Green,D,3270.2,1349.5,75,HDPE,353.7,5.47,32.91,35.22,4,6.64,2.31,0.0,Normal
2025-04-14,Mwea Smallholder,C,4444.5,1279.8,25,PVC,665.1,2.78,36.57,35.06,5,1.93,-1.51,1.51,Normal
2025-04-14,Mwea Smallholder,A,2051.1,1299.7,90,PVC,509.5,5.89,33.32,30.63,10,1.94,-2.69,2.69,Normal
2025-04-14,Runyenjes East,B,2459.9,1261.9,63,PVC,511.9,4.25,31.39,30.03,4,5.86,-1.36,1.36,Normal
2025-04-14,Runyenjes East,C,1923.5,1073.7,63,PVC,293.5,2.4,45.05,49.27,8,6.78,4.22,0.0,Normal
2025-04-15,Kibugu-Nguviu,B,756.0,1030.4,75,HDPE,729.2,4.86,41.93,32.42,8,2.12,-9.51,9.51,Normal
2025-04-15,Mwea Smallholder,C,993.3,1052.8,63,PVC,347.0,4.01,37.92,42.85,1,2.5,4.93,0.0,Normal
2025-04-15,Runyenjes East,H,2527.6,1306.4,75,HDPE,747.7,3.65,28.91,23.95,5,0.74,-4.96,4.96,Normal
2025-04-15,Embu Green,C,2779.6,1159.3,63,PVC,40.8,3.92,42.47,46.82,7,7.38,4.35,0.0,Normal
2025-04-15,Runyenjes East,G,3330.3,993.3,63,HDPE,53.6,5.94,59.66,65.0,2,5.98,5.34,0.0,High Pressure
2025-04-15,Kibugu-Nguviu,A,1109.7,1100.3,50,PVC,651.3,6.56,41.13,41.19,8,3.55,0.06,0.0,Normal
2025-04-15,Embu Green,F,4785.5,1308.0,40,PVC,154.2,3.24,35.14,34.03,5,7.89,-1.11,1.11,Normal
2025-04-16,Embu Green,E,1205.7,1004.1,25,PVC,305.9,1.65,46.51,42.2,4,5.32,-4.31,4.31,Normal
2025-04-16,Kibugu-Nguviu,E,4153.7,1170.3,63,HDPE,495.0,4.71,34.55,34.18,9,6.72,-0.37,0.37,Normal
2025-04-16,Mwea Smallholder,F,4602.1,1165.9,50,PVC,730.9,0.5,36.59,37.01,6,7.49,0.42,0.0,Normal
2025-04-16,Embu Green,G,1374.1,1066.9,90,PVC,506.3,3.15,45.22,50.11,7,3.89,4.89,0.0,High Pressure
2025-04-16,Runyenjes East,A,846.0,1147.4,63,PVC,159.7,3.58,46.32,46.46,3,1.61,0.14,0.0,Normal
2025-04-16,Kibugu-Nguviu,H,4021.8,1198.4,25,GI,513.9,6.4,38.54,34.82,8,1.78,-3.72,3.72,Normal
2025-04-16,Embu Green,F,2724.4,1001.7,25,PVC,713.9,2.21,48.53,55.69,10,6.4,7.16,0.0,High Pressure
2025-04-17,Embu Green,B,730.3,1006.3,63,PVC,347.3,4.35,46.29,48.58,7,3.06,2.29,0.0,Normal
2025-04-17,Kibugu-Nguviu,G,797.1,1311.7,90,PVC,326.2,5.08,32.24,34.1,11,4.7,1.86,0.0,Normal
2025-04-17,Embu Green,B,4456.7,1334.3,50,PVC,203.3,3.63,39.79,39.5,7,7.96,-0.29,0.29,Normal
2025-04-17,Mwea Smallholder,C,2308.8,1232.3,40,PVC,787.2,4.02,31.52,35.83,3,7.47,4.31,0.0,Normal
2025-04-17,Runyenjes East,E,955.5,1231.9,40,GI,267.5,0.5,37.85,29.84,2,1.17,-8.01,8.01,Normal
2025-04-17,Kibugu-Nguviu,C,1089.4,1157.0,40,HDPE,108.3,5.99,45.98,44.23,8,7.85,-1.75,1.75,Normal
2025-04-17,Runyenjes East,F,1250.5,1023.6,50,HDPE,347.8,3.44,49.11,52.35,6,2.43,3.24,0.0,High Pressure
2025-04-17,Runyenjes East,F,4069.0,1286.6,40,PVC,70.2,7.73,38.33,32.54,1,5.41,-5.79,5.79,Normal
2025-04-17,Runyenjes East,F,589.8,979.5,50,PVC,762.4,4.92,42.59,41.1,3,0.73,-1.49,1.49,Normal
2025-04-18,Mwea Smallholder,F,4629.1,1283.0,50,PVC,581.8,7.86,37.55,36.52,4,7.76,-1.03,1.03,Normal
2025-04-18,Runyenjes East,E,4577.9,1199.9,75,PVC,276.4,4.43,36.67,31.46,1,5.8,-5.21,5.21,Normal
2025-04-18,Embu Green,C,1129.2,1160.4,50,PVC,650.1,3.67,37.0,39.52,6,7.5,2.52,0.0,Normal
2025-04-18,Mwea Smallholder,B,3335.8,1188.9,50,HDPE,696.4,8.18,40.39,44.85,3,6.84,4.46,0.0,Normal
2025-04-19,Kibugu-Nguviu,E,2367.8,1141.2,50,PVC,644.2,3.71,36.87,39.19,11,1.69,2.32,0.0,Normal
2025-04-19,Kibugu-Nguviu,F,4755.1,1121.2,63,PVC,49.7,6.08,42.11,42.46,8,0.79,0.35,0.0,Normal
2025-04-19,Mwea Smallholder,D,4902.5,1218.7,75,PVC,38.8,1.73,45.04,42.8,1,7.9,-2.24,2.24,Normal
2025-04-19,Runyenjes East,C,1226.6,1178.8,50,PVC,539.9,1.89,35.88,34.81,3,1.68,-1.07,1.07,Normal
2025-04-19,Mwea Smallholder,G,641.2,1237.7,75,PVC,45.3,2.51,43.01,41.04,3,2.65,-1.97,1.97,Normal
2025-04-19,Mwea Smallholder,G,41.4,1029.3,75,PVC,713.1,6.0,43.06,35.31,2,3.74,-7.75,7.75,Normal
2025-04-20,Kibugu-Nguviu,E,3154.1,1026.1,63,PVC,728.0,5.83,47.61,46.76,5,5.52,-0.85,0.85,Normal
2025-04-20,Runyenjes East,G,887.4,1053.2,75,PVC,211.2,4.63,48.87,40.84,10,4.53,-8.03,8.03,Normal
2025-04-21,Kibugu-Nguviu,B,1796.2,1316.8,63,PVC,473.3,4.97,37.23,29.21,11,3.41,-8.02,8.02,Normal
2025-04-21,Runyenjes East,D,1215.0,995.8,63,PVC,184.3,8.0,48.64,45.81,3,6.36,-2.83,2.83,Normal
2025-04-21,Embu Green,D,2205.4,959.6,40,HDPE,99.0,7.56,54.31,57.85,2,6.96,3.54,0.0,High Pressure
2025-04-21,Runyenjes East,E,3032.0,1180.4,40,HDPE,670.2,5.0,36.56,40.07,5,7.21,3.51,0.0,Normal
2025-04-21,Embu Green,A,464.0,1268.5,75,PVC,59.4,6.1,41.78,45.57,6,1.16,3.79,0.0,Normal
2025-04-21,Kibugu-Nguviu,F,3042.3,1194.4,50,PVC,560.8,3.72,32.82,28.18,2,4.62,-4.64,4.64,Normal
2025-04-22,Kibugu-Nguviu,D,3626.8,1070.0,50,PVC,346.8,2.96,39.56,36.93,2,1.89,-2.63,2.63,Normal
2025-04-22,Embu Green,E,3428.6,1169.3,90,PVC,370.6,0.57,37.61,30.98,5,0.74,-6.63,6.63,Normal
2025-04-22,Mwea Smallholder,E,4038.5,1185.6,50,PVC,744.5,7.06,33.2,34.65,2,0.55,1.45,0.0,Normal
2025-04-22,Runyenjes East,A,927.9,1274.8,25,PVC,501.5,3.97,37.04,31.58,3,7.63,-5.46,5.46,Normal
2025-04-22,Kibugu-Nguviu,F,1148.9,1169.3,75,PVC,113.9,3.74,47.77,49.23,9,1.02,1.46,0.0,Normal
2025-04-23,Embu Green,E,47.9,1193.1,75,PVC,323.6,3.92,40.04,33.68,2,2.55,-6.36,6.36,Normal
2025-04-23,Embu Green,H,326.1,1259.5,40,PVC,218.8,3.8,36.35,35.64,9,4.95,-0.71,0.71,Normal
2025-04-23,Runyenjes East,B,89.9,980.0,32,HDPE,713.8,2.41,46.87,52.58,11,3.15,5.71,0.0,High Pressure
2025-04-23,Embu Green,D,2057.2,1317.6,63,PVC,441.4,0.67,38.9,37.22,8,3.06,-1.68,1.68,Normal
2025-04-23,Embu Green,D,3899.7,1153.2,50,GI,269.8,2.23,39.72,30.99,10,5.1,-8.73,8.73,Normal
2025-04-24,Kibugu-Nguviu,A,1665.1,964.9,40,PVC,373.1,6.93,51.25,56.59,10,7.43,5.34,0.0,High Pressure
2025-04-24,Embu Green,G,4631.9,1215.7,63,PVC,464.7,3.36,37.96,30.52,5,7.8,-7.44,7.44,Normal
2025-04-24,Embu Green,H,4257.3,1335.1,63,PVC,123.6,4.49,36.89,32.09,3,5.91,-4.8,4.8,Normal
2025-04-24,Kibugu-Nguviu,B,4142.9,1319.1,50,GI,457.6,5.37,32.46,31.54,6,7.52,-0.92,0.92,Normal
2025-04-24,Embu Green,C,634.7,1277.8,63,PVC,757.1,8.34,27.0,30.11,6,0.84,3.11,0.0,Normal
2025-04-24,Runyenjes East,B,344.8,1335.4,32,GI,328.6,8.17,34.32,30.01,10,4.78,-4.31,4.31,Normal
2025-04-24,Runyenjes East,H,4926.3,1265.1,90,GI,131.7,7.07,45.46,46.56,11,7.96,1.1,0.0,Normal
2025-04-24,Runyenjes East,H,4562.6,1015.2,32,HDPE,738.4,3.9,38.45,32.46,2,6.92,-5.99,5.99,Normal
2025-04-24,Mwea Smallholder,A,4974.9,1065.2,25,PVC,624.4,5.05,42.01,40.34,6,4.58,-1.67,1.67,Normal
2025-04-24,Embu Green,F,42.0,1135.9,32,PVC,566.3,8.22,39.3,41.08,6,1.97,1.78,0.0,Normal
2025-04-24,Embu Green,B,4867.4,1151.8,32,PVC,90.5,3.72,46.91,42.05,7,1.46,-4.86,4.86,Normal
2025-04-24,Embu Green,D,4406.0,990.4,32,HDPE,40.6,0.5,45.51,43.49,3,5.08,-2.02,2.02,Normal
2025-04-25,Embu Green,F,3374.9,1154.8,32,PVC,527.2,4.81,35.83,36.13,2,3.0,0.3,0.0,Normal
2025-04-25,Runyenjes East,G,544.0,1302.1,50,HDPE,465.5,6.76,36.71,29.2,7,3.77,-7.51,7.51,Normal
2025-04-25,Runyenjes East,B,1358.9,1316.4,32,PVC,98.3,9.2,39.13,39.65,4,4.45,0.52,0.0,Normal
2025-04-25,Embu Green,E,4330.2,972.9,25,HDPE,548.0,10.74,48.41,49.92,11,7.2,1.51,0.0,Normal
2025-04-25,Mwea Smallholder,F,1092.5,1137.8,25,PVC,471.9,5.18,44.57,45.56,5,6.5,0.99,0.0,Normal
2025-04-25,Embu Green,B,4166.6,972.8,90,PVC,231.6,5.07,49.04,42.02,1,5.48,-7.02,7.02,Normal
2025-04-25,Kibugu-Nguviu,B,2572.9,1004.2,32,PVC,194.6,1.9,51.76,59.95,7,2.64,8.19,0.0,High Pressure
2025-04-25,Mwea Smallholder,A,2969.8,1255.2,75,HDPE,139.4,8.16,39.52,49.33,6,6.1,9.81,0.0,Normal
2025-04-25,Kibugu-Nguviu,B,267.7,1078.6,63,HDPE,598.9,3.72,43.17,47.14,4,3.59,3.97,0.0,Normal
2025-04-25,Kibugu-Nguviu,H,27.6,1296.4,50,GI,255.0,8.09,31.84,31.5,10,7.22,-0.34,0.34,Normal
2025-04-25,Mwea Smallholder,F,4390.2,1182.9,63,PVC,679.7,4.53,39.87,38.19,9,3.04,-1.68,1.68,Normal
2025-04-26,Mwea Smallholder,F,3457.4,1051.4,50,PVC,645.2,4.93,39.6,37.56,2,6.53,-2.04,2.04,Normal
2025-04-26,Embu Green,C,2143.1,1070.0,90,PVC,425.1,6.47,43.34,28.54,7,5.24,-14.8,14.8,Normal
2025-04-26,Mwea Smallholder,E,2163.9,1256.2,50,PVC,796.2,7.96,29.85,25.08,11,4.02,-4.77,4.77,Normal
2025-04-27,Mwea Smallholder,C,1669.1,1099.3,50,GI,73.0,0.63,50.31,51.05,1,5.93,0.74,0.0,High Pressure
2025-04-27,Embu Green,C,3094.0,1010.0,40,GI,349.9,6.95,46.75,41.63,2,7.98,-5.12,5.12,Normal
2025-04-27,Runyenjes East,G,1092.5,1244.7,40,PVC,600.4,4.82,37.09,40.15,5,3.44,3.06,0.0,Normal
2025-04-27,Kibugu-Nguviu,A,1348.3,1235.0,50,PVC,782.4,3.93,28.76,27.19,6,1.99,-1.57,1.57,Normal
2025-04-27,Embu Green,G,1095.1,1296.8,63,PVC,210.6,6.34,29.99,29.52,7,5.39,-0.47,0.47,Normal
2025-04-27,Mwea Smallholder,B,603.5,1079.3,40,HDPE,353.2,4.71,47.54,48.57,9,4.18,1.03,0.0,Normal
2025-04-27,Mwea Smallholder,D,4212.6,971.3,63,PVC,729.6,7.04,44.7,45.18,11,7.59,0.48,0.0,Normal
2025-04-27,Kibugu-Nguviu,G,1475.8,1223.6,75,HDPE,636.5,6.21,33.03,30.03,8,6.35,-3.0,3.0,Normal
2025-04-28,Runyenjes East,G,4229.8,1188.0,63,HDPE,351.6,5.61,44.2,46.39,11,4.66,2.19,0.0,Normal
2025-04-28,Kibugu-Nguviu,A,903.4,1215.5,40,PVC,169.6,1.21,41.14,47.81,5,7.8,6.67,0.0,Normal
2025-04-28,Runyenjes East,F,2228.8,1253.3,90,PVC,217.5,4.37,40.5,34.82,9,4.21,-5.68,5.68,Normal
2025-04-29,Kibugu-Nguviu,A,2395.9,1061.4,25,PVC,256.5,7.6,42.97,41.18,7,6.04,-1.79,1.79,Normal
2025-04-29,Mwea Smallholder,H,4157.6,1176.1,50,HDPE,159.9,4.44,41.69,35.28,11,4.07,-6.41,6.41,Normal
2025-04-29,Kibugu-Nguviu,C,3772.3,1302.0,90,PVC,326.2,4.94,34.85,35.49,1,1.89,0.64,0.0,Normal
2025-04-29,Embu Green,G,1560.5,1293.5,50,HDPE,304.0,1.82,33.54,40.86,2,3.91,7.32,0.0,Normal
2025-04-30,Runyenjes East,B,973.8,1329.4,90,PVC,112.2,6.85,31.82,41.53,6,7.96,9.71,0.0,Normal
2025-04-30,Kibugu-Nguviu,C,4377.6,1014.3,75,HDPE,752.6,2.83,46.83,51.37,7,1.49,4.54,0.0,High Pressure
2025-04-30,Runyenjes East,F,3336.7,1191.5,75,PVC,673.4,3.88,32.41,30.0,9,4.01,-2.41,2.41,Normal
2025-04-30,Mwea Smallholder,F,1479.0,1175.3,50,PVC,35.2,5.95,44.26,40.85,8,4.9,-3.41,3.41,Normal
2025-04-30,Runyenjes East,A,4178.8,1199.0,40,HDPE,374.4,4.15,38.3,39.25,10,1.56,0.95,0.0,Normal
2025-05-01,Embu Green,C,533.3,1186.8,63,PVC,186.9,4.28,44.41,45.71,2,0.53,1.3,0.0,Normal
2025-05-01,Runyenjes East,D,4717.4,1236.3,63,PVC,605.9,1.46,32.57,33.12,1,6.19,0.55,0.0,Normal
2025-05-01,Embu Green,C,3906.3,1007.2,40,HDPE,217.4,2.72,49.03,46.07,4,1.31,-2.96,2.96,Normal
2025-05-01,Embu Green,B,508.6,1101.6,32,PVC,564.0,8.22,39.58,36.95,9,7.62,-2.63,2.63,Normal
2025-05-01,Embu Green,C,276.6,1107.8,90,PVC,32.0,7.45,52.77,51.99,11,0.68,-0.78,0.78,High Pressure
2025-05-02,Mwea Smallholder,F,2723.5,1234.0,40,HDPE,268.9,2.59,40.32,45.08,4,5.38,4.76,0.0,Normal
2025-05-02,Embu Green,H,1944.7,951.7,63,PVC,216.2,6.05,56.18,58.51,9,4.57,2.33,0.0,High Pressure
2025-05-03,Mwea Smallholder,B,1051.7,1041.3,32,PVC,592.3,1.09,42.91,45.0,10,5.68,2.09,0.0,Normal
2025-05-03,Mwea Smallholder,F,674.4,1283.9,63,HDPE,313.0,2.56,37.53,27.66,5,5.25,-9.87,9.87,Normal
2025-05-03,Mwea Smallholder,H,317.0,1043.8,50,GI,644.3,2.64,45.24,41.76,4,6.97,-3.48,3.48,Normal
2025-05-03,Kibugu-Nguviu,F,1258.4,1214.1,63,PVC,30.2,5.17,45.1,36.82,3,5.4,-8.28,8.28,Normal
2025-05-03,Embu Green,A,3596.9,1194.0,63,GI,757.7,2.89,45.01,50.33,10,4.74,5.32,0.0,High Pressure
2025-05-03,Runyenjes East,F,1030.5,1308.6,75,GI,683.9,7.45,33.92,39.09,7,1.81,5.17,0.0,Normal
2025-05-04,Runyenjes East,G,163.1,1310.9,63,HDPE,117.9,2.31,37.89,37.01,4,3.17,-0.88,0.88,Normal
2025-05-04,Kibugu-Nguviu,B,380.3,1203.6,32,PVC,237.3,0.5,41.64,40.32,9,5.04,-1.32,1.32,Normal
2025-05-04,Runyenjes East,A,1105.9,1035.7,63,PVC,460.0,6.07,47.22,45.11,3,3.11,-2.11,2.11,Normal
2025-05-04,Runyenjes East,B,3667.2,1228.5,40,PVC,395.6,6.84,38.8,37.95,8,7.58,-0.85,0.85,Normal
2025-05-04,Runyenjes East,C,1985.4,1195.1,40,PVC,330.3,7.12,40.7,38.4,6,5.24,-2.3,2.3,Normal
2025-05-04,Mwea Smallholder,H,18.4,1125.7,50,PVC,535.0,6.38,40.34,36.02,3,2.88,-4.32,4.32,Normal
2025-05-04,Kibugu-Nguviu,H,2197.5,1166.4,32,PVC,56.8,5.31,44.78,49.94,3,1.4,5.16,0.0,Normal
2025-05-04,Kibugu-Nguviu,F,3494.2,1148.2,32,PVC,486.8,0.5,34.77,34.62,9,6.48,-0.15,0.15,Normal
2025-05-04,Mwea Smallholder,D,1248.2,1009.8,40,HDPE,34.2,7.29,56.37,55.51,9,4.76,-0.86,0.86,High Pressure
2025-05-04,Embu Green,H,4018.2,1187.4,32,PVC,601.7,1.05,43.67,43.87,11,6.08,0.2,0.0,Normal
2025-05-04,Embu Green,A,3714.1,1196.4,32,GI,397.7,5.62,39.63,41.94,5,2.69,2.31,0.0,Normal
2025-05-05,Embu Green,A,2161.6,1253.5,63,PVC,410.4,5.01,37.81,26.25,5,1.86,-11.56,11.56,Normal
2025-05-05,Runyenjes East,D,3533.3,960.4,50,HDPE,686.9,2.79,48.93,41.96,10,6.9,-6.97,6.97,Normal
2025-05-05,Runyenjes East,A,1301.6,1290.3,50,PVC,222.0,5.2,33.94,40.18,6,2.3,6.24,0.0,Normal
2025-05-05,Kibugu-Nguviu,C,4028.6,1309.6,90,GI,398.4,3.03,33.29,28.05,6,0.66,-5.24,5.24,Normal
2025-05-05,Mwea Smallholder,B,2476.6,1279.1,75,PVC,241.4,5.78,35.32,28.37,1,1.07,-6.95,6.95,Normal
2025-05-05,Runyenjes East,G,662.1,1036.2,63,HDPE,314.4,3.36,48.37,54.76,11,3.85,6.39,0.0,High Pressure
2025-05-05,Runyenjes East,H,3113.4,1334.6,63,PVC,531.5,2.82,28.19,23.18,1,0.55,-5.01,5.01,Normal
2025-05-05,Runyenjes East,G,1179.2,1038.6,50,PVC,324.5,4.18,51.11,52.48,4,3.98,1.37,0.0,High Pressure
2025-05-06,Mwea Smallholder,F,3404.6,1312.1,63,HDPE,618.0,5.49,30.8,22.94,10,5.19,-7.86,7.86,Normal
2025-05-06,Embu Green,D,3511.9,1267.7,40,PVC,278.8,4.99,34.12,38.27,6,6.36,4.15,0.0,Normal
2025-05-06,Mwea Smallholder,E,2478.4,1238.6,40,PVC,488.7,4.52,34.87,29.84,9,7.81,-5.03,5.03,Normal
2025-05-07,Kibugu-Nguviu,E,2204.2,1336.4,25,PVC,330.4,7.97,34.04,34.44,1,5.27,0.4,0.0,Normal
2025-05-07,Kibugu-Nguviu,H,472.4,1010.5,32,PVC,469.0,5.83,50.11,47.64,4,5.34,-2.47,2.47,Normal
2025-05-07,Mwea Smallholder,G,1178.7,1047.0,50,GI,487.6,6.44,46.17,40.86,10,2.8,-5.31,5.31,Normal
2025-05-07,Kibugu-Nguviu,F,1249.2,1235.4,90,PVC,582.6,8.41,37.17,36.76,1,5.92,-0.41,0.41,Normal
2025-05-08,Mwea Smallholder,E,2404.9,1281.8,50,PVC,599.6,8.81,29.94,28.6,3,3.06,-1.34,1.34,Normal
2025-05-08,Embu Green,A,1797.7,1104.0,90,PVC,183.7,4.18,45.86,49.22,10,2.15,3.36,0.0,Normal
2025-05-08,Mwea Smallholder,F,1913.9,1100.7,63,HDPE,278.8,6.0,45.05,48.1,6,5.89,3.05,0.0,Normal
2025-05-08,Mwea Smallholder,A,1232.4,1333.3,63,HDPE,94.3,7.94,34.61,34.25,10,1.13,-0.36,0.36,Normal
2025-05-08,Kibugu-Nguviu,D,3708.7,952.7,75,PVC,123.1,7.74,56.77,60.46,1,6.82,3.69,0.0,High Pressure
2025-05-09,Embu Green,F,2614.1,1139.9,40,HDPE,631.4,4.36,35.83,32.5,1,1.2,-3.33,3.33,Normal
2025-05-09,Runyenjes East,C,2284.7,1233.7,50,GI,242.5,2.67,43.17,43.83,1,6.73,0.66,0.0,Normal
2025-05-09,Runyenjes East,G,1778.2,1306.2,40,HDPE,387.9,8.09,30.42,37.29,1,6.74,6.87,0.0,Normal
2025-05-09,Kibugu-Nguviu,A,2051.3,1168.5,50,PVC,631.2,3.63,41.85,40.03,11,2.17,-1.82,1.82,Normal
2025-05-09,Mwea Smallholder,F,1185.9,1342.2,40,HDPE,707.2,10.13,29.79,25.91,2,0.62,-3.88,3.88,Normal
2025-05-09,Embu Green,E,2611.3,1243.8,90,HDPE,423.9,4.78,39.86,35.34,6,5.39,-4.52,4.52,Normal
2025-05-09,Mwea Smallholder,A,3226.5,1207.2,63,PVC,591.6,5.24,42.9,34.45,3,3.29,-8.45,8.45,Normal
2025-05-09,Runyenjes East,D,1638.8,1078.8,40,PVC,358.2,2.89,42.89,40.83,3,5.39,-2.06,2.06,Normal
2025-05-09,Kibugu-Nguviu,B,495.8,1036.5,50,PVC,109.0,3.8,50.69,43.0,7,2.86,-7.69,7.69,Normal
2025-05-09,Mwea Smallholder,C,4146.4,1069.9,40,PVC,747.6,5.54,44.43,45.49,2,1.12,1.06,0.0,Normal
2025-05-09,Embu Green,G,2100.0,1276.5,90,GI,307.7,6.53,42.03,44.22,7,0.7,2.19,0.0,Normal
2025-05-10,Runyenjes East,C,2986.4,1034.1,50,PVC,265.8,5.61,47.2,42.09,8,3.69,-5.11,5.11,Normal
2025-05-10,Embu Green,H,1823.1,1067.3,40,HDPE,315.0,4.71,46.09,45.81,10,5.54,-0.28,0.28,Normal
2025-05-10,Embu Green,D,4188.4,1134.0,50,HDPE,356.9,6.11,36.06,30.87,11,7.24,-5.19,5.19,Normal
2025-05-10,Runyenjes East,D,1112.9,1040.6,90,HDPE,739.7,4.08,42.76,40.71,4,6.31,-2.05,2.05,Normal
2025-05-10,Kibugu-Nguviu,H,1474.2,1166.2,63,PVC,556.6,6.98,36.28,31.18,10,7.88,-5.1,5.1,Normal
2025-05-10,Embu Green,A,1504.2,1115.7,90,PVC,391.1,0.76,42.03,38.16,2,5.92,-3.87,3.87,Normal
2025-05-11,Runyenjes East,D,3234.0,952.2,40,PVC,798.2,5.17,43.44,45.93,5,7.13,2.49,0.0,Normal
2025-05-11,Mwea Smallholder,D,4070.3,1263.7,63,HDPE,359.2,6.29,39.91,37.1,11,2.85,-2.81,2.81,Normal
2025-05-11,Runyenjes East,E,4822.5,1135.5,32,PVC,181.3,2.67,42.65,41.66,9,6.98,-0.99,0.99,Normal
2025-05-11,Runyenjes East,A,4684.7,1203.8,32,PVC,674.1,5.81,36.69,36.8,11,0.71,0.11,0.0,Normal
2025-05-11,Embu Green,G,1699.0,1130.3,63,PVC,280.6,6.81,45.26,40.52,4,3.14,-4.74,4.74,Normal
2025-05-11,Kibugu-Nguviu,G,1658.2,1041.2,90,PVC,600.2,7.34,39.65,37.2,3,4.02,-2.45,2.45,Normal
2025-05-11,Embu Green,F,1433.6,1328.1,25,PVC,260.0,3.34,36.7,30.86,9,0.94,-5.84,5.84,Normal
2025-05-11,Mwea Smallholder,B,2472.1,1179.4,40,PVC,135.5,3.35,47.57,46.66,2,6.73,-0.91,0.91,Normal
2025-05-12,Kibugu-Nguviu,D,3431.3,1014.1,32,HDPE,650.5,4.68,42.22,45.97,10,6.51,3.75,0.0,Normal
2025-05-12,Kibugu-Nguviu,H,2998.4,1120.6,50,PVC,764.3,6.75,40.43,31.7,7,5.59,-8.73,8.73,Normal
2025-05-12,Mwea Smallholder,G,2511.0,1197.5,40,PVC,170.0,8.15,36.06,40.31,2,7.4,4.25,0.0,Normal
2025-05-12,Embu Green,B,3137.5,1007.6,63,PVC,460.7,2.76,53.29,49.61,4,1.27,-3.68,3.68,Normal
2025-05-12,Mwea Smallholder,H,1116.8,1271.4,32,PVC,745.7,6.42,30.71,35.54,6,3.82,4.83,0.0,Normal
2025-05-12,Kibugu-Nguviu,D,4354.8,1187.1,63,PVC,769.1,2.1,33.64,33.25,9,5.74,-0.39,0.39,Normal
2025-05-12,Embu Green,G,1337.0,1258.1,90,PVC,125.7,6.91,43.79,48.27,11,4.32,4.48,0.0,Normal
2025-05-12,Mwea Smallholder,G,3905.3,1186.8,50,PVC,246.2,5.36,41.37,46.17,10,2.79,4.8,0.0,Normal
2025-05-12,Runyenjes East,H,1147.6,1131.5,63,HDPE,483.7,4.25,42.74,46.77,1,1.47,4.03,0.0,Normal
2025-05-13,Kibugu-Nguviu,D,2652.2,1296.9,25,GI,765.5,3.43,31.68,32.4,4,4.78,0.72,0.0,Normal
2025-05-13,Mwea Smallholder,C,4206.3,1172.5,40,PVC,327.7,5.0,40.52,36.99,3,0.92,-3.53,3.53,Normal
2025-05-13,Kibugu-Nguviu,E,225.9,1095.1,40,PVC,465.1,9.39,44.15,35.36,10,3.68,-8.79,8.79,Normal
2025-05-13,Runyenjes East,C,3243.1,1333.8,50,PVC,699.8,6.39,28.28,22.22,8,5.09,-6.06,6.06,Normal
2025-05-13,Kibugu-Nguviu,G,2472.4,969.3,75,PVC,437.2,3.95,47.88,54.29,1,5.34,6.41,0.0,High Pressure
2025-05-13,Mwea Smallholder,E,1757.1,1037.3,50,PVC,698.8,6.76,41.67,35.42,4,3.99,-6.25,6.25,Normal
2025-05-13,Kibugu-Nguviu,C,109.7,1166.0,32,HDPE,119.3,5.38,41.23,33.77,10,4.81,-7.46,7.46,Normal
2025-05-13,Embu Green,C,3129.2,1208.9,32,PVC,460.6,1.9,38.68,36.38,6,5.87,-2.3,2.3,Normal
2025-05-13,Kibugu-Nguviu,F,1731.0,1049.0,40,PVC,234.9,6.58,44.09,42.86,5,4.71,-1.23,1.23,Normal
2025-05-14,Runyenjes East,G,1841.3,1061.1,40,PVC,277.1,7.35,48.29,48.9,6,1.94,0.61,0.0,Normal
2025-05-14,Embu Green,H,1454.8,1148.7,75,HDPE,349.2,5.63,42.8,43.8,6,0.84,1.0,0.0,Normal
2025-05-14,Mwea Smallholder,B,2883.5,1025.7,40,PVC,130.9,3.01,45.23,44.81,1,1.91,-0.42,0.42,Normal
2025-05-14,Kibugu-Nguviu,A,747.7,1168.8,90,HDPE,115.0,4.75,45.47,46.09,4,6.32,0.62,0.0,Normal
2025-05-15,Kibugu-Nguviu,D,569.7,1162.0,32,PVC,466.4,3.74,38.78,29.22,8,6.24,-9.56,9.56,Normal
2025-05-15,Mwea Smallholder,A,3160.4,1143.7,40,PVC,186.8,5.22,44.69,41.04,9,4.54,-3.65,3.65,Normal
2025-05-15,Embu Green,D,3781.1,955.3,25,HDPE,164.5,1.87,50.65,53.47,1,0.84,2.82,0.0,High Pressure
2025-05-15,Kibugu-Nguviu,D,2853.2,1034.2,63,HDPE,582.9,6.42,46.89,46.56,4,4.9,-0.33,0.33,Normal
2025-05-15,Kibugu-Nguviu,E,4770.1,1088.9,75,HDPE,133.6,3.36,47.2,54.86,1,0.8,7.66,0.0,High Pressure
2025-05-15,Runyenjes East,H,1944.4,1169.4,90,HDPE,637.8,4.29,41.89,41.4,9,6.11,-0.49,0.49,Normal
2025-05-15,Embu Green,A,2026.7,1123.4,50,HDPE,335.7,7.37,43.18,46.0,1,4.05,2.82,0.0,Normal
2025-05-16,Embu Green,H,2201.2,1070.8,40,GI,326.2,6.43,47.62,43.36,5,7.71,-4.26,4.26,Normal
2025-05-16,Kibugu-Nguviu,E,4060.0,1212.7,40,PVC,329.4,7.07,38.33,40.05,8,1.23,1.72,0.0,Normal
2025-05-16,Mwea Smallholder,H,1180.6,1009.4,63,PVC,215.8,2.18,47.73,55.5,10,5.3,7.77,0.0,High Pressure
2025-05-16,Embu Green,F,4113.7,1261.2,63,GI,546.4,1.68,30.96,23.29,2,7.84,-7.67,7.67,Normal
2025-05-16,Runyenjes East,A,116.7,1238.4,50,PVC,206.4,8.85,35.35,37.4,10,2.5,2.05,0.0,Normal
2025-05-16,Runyenjes East,H,237.3,1218.0,40,GI,401.1,7.71,36.48,31.44,3,3.67,-5.04,5.04,Normal
2025-05-16,Runyenjes East,H,2617.8,1131.8,90,PVC,751.3,2.27,33.71,33.7,3,3.37,-0.01,0.01,Normal
2025-05-16,Runyenjes East,F,814.6,1210.1,32,PVC,662.5,0.5,30.49,36.9,5,3.49,6.41,0.0,Normal
2025-05-16,Runyenjes East,D,4728.4,1272.9,75,PVC,49.1,6.77,42.64,42.32,6,4.66,-0.32,0.32,Normal
2025-05-16,Kibugu-Nguviu,E,1976.7,1142.5,50,HDPE,150.8,3.02,46.05,48.87,4,2.36,2.82,0.0,Normal
2025-05-16,Kibugu-Nguviu,E,1932.3,1273.3,25,PVC,702.8,4.02,32.64,34.54,8,4.81,1.9,0.0,Normal
2025-05-16,Kibugu-Nguviu,D,2735.1,1249.2,40,PVC,493.9,3.22,38.48,41.36,8,6.39,2.88,0.0,Normal
2025-05-17,Kibugu-Nguviu,D,109.9,1043.3,75,PVC,293.6,8.85,45.81,43.84,1,7.77,-1.97,1.97,Normal
2025-05-17,Mwea Smallholder,E,4644.6,1026.1,90,PVC,404.2,1.43,45.08,42.62,9,5.98,-2.46,2.46,Normal
2025-05-17,Kibugu-Nguviu,F,1598.4,1113.0,75,PVC,611.3,5.19,42.53,36.72,7,3.91,-5.81,5.81,Normal
2025-05-17,Embu Green,C,1494.0,978.2,63,PVC,182.7,4.85,50.06,44.05,3,1.83,-6.01,6.01,Normal
2025-05-17,Runyenjes East,B,2105.2,1252.1,40,GI,494.1,0.69,32.43,41.07,10,5.34,8.64,0.0,Normal
2025-05-17,Mwea Smallholder,B,2095.9,1224.6,75,PVC,388.4,6.69,35.04,36.83,2,7.22,1.79,0.0,Normal
2025-05-17,Kibugu-Nguviu,E,3938.9,1170.9,32,HDPE,413.0,7.18,39.16,33.23,5,6.12,-5.93,5.93,Normal
2025-05-17,Runyenjes East,A,4330.4,1147.8,50,PVC,362.7,7.28,40.4,47.12,7,0.87,6.72,0.0,Normal
2025-05-17,Embu Green,B,1301.2,1199.4,63,PVC,199.4,7.45,45.69,45.91,1,5.36,0.22,0.0,Normal
2025-05-18,Mwea Smallholder,G,2161.4,1163.8,75,PVC,78.3,6.92,43.4,49.77,10,7.18,6.37,0.0,Normal
2025-05-18,Embu Green,H,4639.6,1013.9,50,HDPE,437.5,3.86,47.27,45.84,8,5.36,-1.43,1.43,Normal
2025-05-18,Runyenjes East,F,3717.8,1154.1,63,PVC,482.2,4.07,43.5,43.86,1,7.56,0.36,0.0,Normal
2025-05-18,Runyenjes East,H,2967.5,1231.9,50,GI,73.1,6.26,41.09,48.76,3,5.33,7.67,0.0,Normal
2025-05-18,Kibugu-Nguviu,A,3492.3,990.6,32,HDPE,62.9,4.26,53.19,50.23,9,0.65,-2.96,2.96,High Pressure
2025-05-18,Runyenjes East,D,3163.6,1245.3,40,PVC,251.8,4.67,37.9,36.22,10,4.84,-1.68,1.68,Normal
2025-05-18,Embu Green,F,3738.4,977.7,63,HDPE,754.5,4.37,49.32,46.7,2,3.75,-2.62,2.62,Normal
2025-05-19,Mwea Smallholder,C,3637.6,1032.9,25,GI,756.1,2.1,44.08,42.16,5,3.56,-1.92,1.92,Normal
2025-05-19,Embu Green,H,3922.7,1106.3,75,PVC,267.2,7.0,41.58,44.69,7,3.26,3.11,0.0,Normal
2025-05-19,Kibugu-Nguviu,D,2321.1,1284.2,32,PVC,171.9,1.95,38.86,35.29,7,4.73,-3.57,3.57,Normal
2025-05-19,Embu Green,A,730.2,978.6,63,GI,312.4,6.9,51.63,53.9,1,6.53,2.27,0.0,High Pressure
2025-05-19,Kibugu-Nguviu,E,1163.2,1050.8,75,PVC,314.7,6.03,42.13,41.88,1,4.59,-0.25,0.25,Normal
2025-05-20,Kibugu-Nguviu,A,187.3,1332.1,40,PVC,148.3,3.71,38.36,37.15,11,7.64,-1.21,1.21,Normal
2025-05-20,Runyenjes East,E,723.0,1102.4,75,GI,254.0,4.1,48.0,50.57,11,3.87,2.57,0.0,High Pressure
2025-05-20,Mwea Smallholder,H,2994.8,1311.1,50,PVC,349.5,5.0,32.82,38.72,7,6.9,5.9,0.0,Normal
2025-05-20,Embu Green,H,3804.5,1338.5,32,PVC,645.5,4.21,29.34,30.02,1,2.07,0.68,0.0,Normal
2025-05-20,Mwea Smallholder,F,3704.3,1285.3,32,PVC,483.8,3.43,33.42,36.15,2,5.77,2.73,0.0,Normal
2025-05-20,Mwea Smallholder,G,374.3,1311.5,40,PVC,80.1,3.39,40.19,41.29,11,4.16,1.1,0.0,Normal
2025-05-20,Mwea Smallholder,G,1081.0,1297.5,40,PVC,431.1,5.78,35.36,33.95,4,1.48,-1.41,1.41,Normal
2025-05-21,Embu Green,F,4920.7,1110.1,63,PVC,336.2,5.83,43.77,48.39,8,2.62,4.62,0.0,Normal
2025-05-21,Kibugu-Nguviu,G,2456.4,1045.7,25,PVC,223.5,3.53,51.04,42.94,10,5.48,-8.1,8.1,Normal
2025-05-21,Mwea Smallholder,H,2098.8,1004.3,63,GI,631.9,6.09,40.12,51.49,10,1.73,11.37,0.0,High Pressure
2025-05-21,Kibugu-Nguviu,G,323.2,1048.5,63,PVC,461.5,9.04,40.89,32.03,8,6.08,-8.86,8.86,Normal
2025-05-21,Kibugu-Nguviu,F,2710.8,1332.1,25,PVC,484.7,6.5,36.66,36.83,2,1.12,0.17,0.0,Normal
2025-05-21,Kibugu-Nguviu,C,1823.8,1289.3,40,PVC,114.4,4.55,41.85,41.97,2,1.98,0.12,0.0,Normal
2025-05-21,Embu Green,F,2768.1,1029.4,50,HDPE,629.1,4.61,45.81,42.74,10,1.51,-3.07,3.07,Normal
2025-05-22,Mwea Smallholder,G,3154.7,1037.4,32,PVC,721.7,5.81,47.13,46.57,7,2.68,-0.56,0.56,Normal
2025-05-22,Runyenjes East,D,1397.0,1056.6,75,HDPE,660.4,4.69,49.3,52.25,11,4.3,2.95,0.0,High Pressure
2025-05-22,Runyenjes East,A,2373.5,1255.8,40,PVC,573.1,5.75,32.71,34.81,2,3.62,2.1,0.0,Normal
2025-05-22,Runyenjes East,F,1835.6,1279.2,90,HDPE,647.3,8.45,32.05,34.77,8,3.45,2.72,0.0,Normal
2025-05-22,Kibugu-Nguviu,E,3319.9,1133.6,40,GI,585.4,6.06,44.39,51.53,4,5.44,7.14,0.0,High Pressure
2025-05-22,Embu Green,C,111.1,1246.0,50,HDPE,710.1,7.53,31.46,19.13,8,6.18,-12.33,12.33,Normal
2025-05-23,Mwea Smallholder,G,2426.7,994.8,63,PVC,316.6,5.12,47.8,40.24,1,5.46,-7.56,7.56,Normal
2025-05-23,Embu Green,F,2648.8,1256.4,40,PVC,770.6,8.39,31.42,30.64,8,6.38,-0.78,0.78,Normal
2025-05-23,Kibugu-Nguviu,C,1191.1,1041.1,50,HDPE,196.2,4.15,56.56,49.07,9,5.89,-7.49,7.49,Normal
2025-05-23,Mwea Smallholder,B,3613.4,1240.7,75,PVC,196.5,7.51,41.0,44.67,1,4.71,3.67,0.0,Normal
2025-05-24,Kibugu-Nguviu,H,2745.2,1199.0,63,PVC,90.1,6.56,43.5,41.73,7,1.79,-1.77,1.77,Normal
2025-05-24,Embu Green,D,4657.5,1298.8,40,PVC,529.5,0.5,31.88,31.9,3,7.95,0.02,0.0,Normal
2025-05-24,Kibugu-Nguviu,G,654.4,1313.4,32,PVC,226.3,7.51,39.88,34.58,1,0.78,-5.3,5.3,Normal
2025-05-24,Kibugu-Nguviu,B,2618.7,1090.5,75,PVC,573.2,4.67,40.77,36.5,7,7.23,-4.27,4.27,Normal
2025-05-24,Kibugu-Nguviu,C,3739.3,1214.5,63,HDPE,445.7,5.84,35.76,31.01,4,7.88,-4.75,4.75,Normal
2025-05-24,Embu Green,H,2765.3,993.0,50,PVC,724.4,6.46,46.96,44.95,4,3.36,-2.01,2.01,Normal
2025-05-24,Kibugu-Nguviu,D,3757.1,1033.0,75,PVC,198.2,4.24,46.59,47.76,4,5.88,1.17,0.0,Normal
2025-05-24,Runyenjes East,C,4132.7,1255.4,32,PVC,92.5,6.06,36.92,30.47,3,7.3,-6.45,6.45,Normal
2025-05-25,Runyenjes East,F,705.0,1175.1,63,HDPE,122.5,6.23,46.26,49.3,1,7.71,3.04,0.0,Normal
2025-05-25,Kibugu-Nguviu,B,1382.0,1326.7,32,PVC,228.5,8.25,37.7,39.41,6,7.51,1.71,0.0,Normal
2025-05-25,Runyenjes East,E,3237.1,1322.7,90,PVC,149.2,4.71,33.94,24.88,9,0.63,-9.06,9.06,Normal
2025-05-25,Mwea Smallholder,C,1762.8,1251.0,25,HDPE,296.1,3.85,35.9,32.25,8,1.82,-3.65,3.65,Normal
2025-05-25,Runyenjes East,G,3350.4,981.5,75,PVC,340.2,4.73,49.36,50.8,5,3.8,1.44,0.0,High Pressure
2025-05-25,Kibugu-Nguviu,C,1124.9,1225.3,25,HDPE,738.8,3.9,34.2,42.82,9,1.29,8.62,0.0,Normal
2025-05-25,Embu Green,E,1653.7,951.0,50,PVC,384.8,5.38,54.78,56.83,10,3.49,2.05,0.0,High Pressure
2025-05-26,Embu Green,A,1132.4,1054.5,75,PVC,578.1,4.68,49.58,44.41,11,5.06,-5.17,5.17,Normal
2025-05-26,Embu Green,E,4021.2,1174.9,75,PVC,682.5,5.71,36.67,38.85,2,3.37,2.18,0.0,Normal
2025-05-26,Embu Green,F,3125.4,1059.2,40,HDPE,444.9,6.26,45.94,43.49,11,5.63,-2.45,2.45,Normal
2025-05-26,Runyenjes East,H,990.4,1325.8,63,PVC,221.3,4.7,39.79,40.63,1,1.13,0.84,0.0,Normal
2025-05-26,Embu Green,F,4681.3,1060.9,40,PVC,200.6,4.02,45.54,50.99,2,1.46,5.45,0.0,High Pressure
2025-05-26,Kibugu-Nguviu,D,90.3,952.8,75,PVC,553.5,2.28,46.65,50.9,1,2.01,4.25,0.0,High Pressure
2025-05-26,Mwea Smallholder,C,4405.6,1074.2,75,PVC,673.2,5.72,44.25,36.4,4,7.49,-7.85,7.85,Normal
2025-05-26,Runyenjes East,C,2972.3,1334.9,25,PVC,297.7,7.22,40.85,43.33,8,6.7,2.48,0.0,Normal
2025-05-26,Kibugu-Nguviu,B,297.1,1208.1,75,HDPE,332.5,2.11,44.36,52.5,6,7.53,8.14,0.0,High Pressure
2025-05-27,Kibugu-Nguviu,E,2610.3,1087.8,75,PVC,611.3,5.82,43.09,37.55,1,1.98,-5.54,5.54,Normal
2025-05-27,Mwea Smallholder,F,45.9,1114.1,63,PVC,386.4,4.13,45.42,47.24,11,6.05,1.82,0.0,Normal
2025-05-27,Runyenjes East,D,2515.4,1272.0,90,PVC,143.5,5.55,42.1,42.7,2,5.51,0.6,0.0,Normal
2025-05-27,Mwea Smallholder,C,21.6,1132.9,32,PVC,33.1,9.37,44.93,52.03,8,1.01,7.1,0.0,High Pressure
2025-05-28,Embu Green,F,4722.4,962.1,90,PVC,423.3,3.0,47.58,46.19,2,2.0,-1.39,1.39,Normal
2025-05-28,Mwea Smallholder,H,1907.7,1246.2,40,PVC,466.4,7.96,35.2,34.6,11,6.12,-0.6,0.6,Normal
2025-05-28,Mwea Smallholder,F,2068.3,1301.7,32,PVC,786.1,7.05,27.38,23.32,4,2.88,-4.06,4.06,Normal
2025-05-28,Kibugu-Nguviu,E,770.9,1014.0,32,PVC,732.3,2.87,40.6,51.69,8,3.58,11.09,0.0,High Pressure
2025-05-28,Embu Green,E,3354.8,1280.2,25,PVC,385.2,2.42,37.44,36.86,6,6.74,-0.58,0.58,Normal
2025-05-28,Mwea Smallholder,C,1593.0,1303.1,63,PVC,405.3,6.83,30.77,22.78,6,7.48,-7.99,7.99,Normal
2025-05-28,Embu Green,G,4008.8,1051.7,63,HDPE,672.1,4.45,42.48,42.25,8,4.38,-0.23,0.23,Normal
2025-05-28,Kibugu-Nguviu,A,2254.2,1154.6,90,PVC,794.7,5.74,38.02,32.31,7,3.61,-5.71,5.71,Normal
2025-05-29,Mwea Smallholder,F,4454.5,1193.8,50,PVC,446.9,6.1,43.55,45.41,4,7.79,1.86,0.0,Normal
2025-05-29,Embu Green,C,2816.0,1202.9,50,HDPE,669.5,6.5,34.49,26.94,4,5.51,-7.55,7.55,Normal
2025-05-29,Embu Green,D,4881.7,1323.8,90,PVC,526.1,6.12,33.37,44.82,10,5.99,11.45,0.0,Normal
2025-05-29,Runyenjes East,D,699.6,1183.1,40,PVC,244.8,4.47,40.86,45.91,2,6.33,5.05,0.0,Normal
2025-05-29,Runyenjes East,D,823.8,1220.3,50,PVC,89.8,2.6,35.38,33.6,3,1.36,-1.78,1.78,Normal
2025-05-29,Embu Green,A,3267.1,1213.7,50,PVC,511.0,6.73,38.81,37.32,4,6.9,-1.49,1.49,Normal
2025-05-29,Kibugu-Nguviu,A,4359.3,1291.2,75,HDPE,787.5,7.33,30.43,26.57,2,2.71,-3.86,3.86,Normal
2025-05-29,Runyenjes East,D,1361.7,1277.0,40,PVC,263.7,2.75,33.95,30.14,5,1.78,-3.81,3.81,Normal
2025-05-29,Kibugu-Nguviu,G,1112.4,1124.6,75,PVC,758.9,5.86,34.8,31.64,4,7.88,-3.16,3.16,Normal
2025-05-30,Mwea Smallholder,E,2157.8,1252.8,75,PVC,34.0,2.55,43.55,46.89,10,3.63,3.34,0.0,Normal
2025-05-30,Runyenjes East,D,245.4,1305.1,63,PVC,352.7,4.05,31.96,34.01,4,2.39,2.05,0.0,Normal
2025-05-30,Mwea Smallholder,B,138.5,1240.0,50,GI,603.4,5.15,35.04,37.64,10,6.01,2.6,0.0,Normal
2025-05-30,Mwea Smallholder,F,2557.1,1283.1,50,HDPE,33.0,2.42,48.16,39.5,2,7.26,-8.66,8.66,Normal
2025-05-30,Mwea Smallholder,A,4701.8,1089.3,50,GI,342.8,5.9,49.04,45.85,11,6.75,-3.19,3.19,Normal
2025-05-30,Embu Green,H,2433.9,983.3,63,PVC,517.0,8.26,49.05,49.45,8,5.01,0.4,0.0,Normal
2025-05-30,Kibugu-Nguviu,H,4070.7,1225.2,50,GI,103.7,0.5,42.79,38.11,4,7.84,-4.68,4.68,Normal
2025-05-30,Mwea Smallholder,F,2204.3,1174.3,75,PVC,428.0,2.69,39.73,40.4,1,4.15,0.67,0.0,Normal
2025-05-30,Mwea Smallholder,G,1152.4,1343.2,90,PVC,71.0,6.56,37.12,37.44,8,6.99,0.32,0.0,Normal
2025-05-30,Runyenjes East,A,316.5,1135.0,40,PVC,500.1,6.24,44.15,33.29,8,6.13,-10.86,10.86,Normal
2025-05-31,Embu Green,G,1952.5,1273.2,32,HDPE,755.9,4.7,30.56,22.03,11,2.35,-8.53,8.53,Normal
2025-05-31,Mwea Smallholder,G,256.9,996.8,40,PVC,787.5,3.93,40.11,46.82,1,4.5,6.71,0.0,Normal
2025-05-31,Embu Green,B,1052.3,1202.2,63,HDPE,387.0,8.66,42.38,39.32,3,5.76,-3.06,3.06,Normal
2025-05-31,Runyenjes East,C,756.7,1220.1,25,PVC,278.2,5.15,40.49,41.71,5,6.68,1.22,0.0,Normal
2025-05-31,Runyenjes East,B,2599.8,1158.5,63,PVC,550.3,6.82,38.98,35.18,2,7.74,-3.8,3.8,Normal
2025-05-31,Mwea Smallholder,A,1545.1,1115.7,32,PVC,490.3,7.55,39.44,24.22,9,3.14,-15.22,15.22,Normal
2025-05-31,Mwea Smallholder,G,4621.8,1235.0,50,PVC,526.7,6.34,39.69,38.42,4,4.67,-1.27,1.27,Normal
2025-05-31,Kibugu-Nguviu,D,4861.1,1261.4,40,PVC,770.8,4.93,28.59,25.5,8,2.53,-3.09,3.09,Normal
2025-05-31,Runyenjes East,A,3556.8,1160.0,32,PVC,186.1,4.99,44.49,37.31,10,2.66,-7.18,7.18,Normal
2025-06-01,Mwea Smallholder,A,3961.4,1324.5,75,GI,216.3,4.2,37.92,33.82,5,0.89,-4.1,4.1,Normal
2025-06-01,Mwea Smallholder,H,1826.1,980.9,75,PVC,570.2,6.78,46.92,46.11,8,4.51,-0.81,0.81,Normal
2025-06-01,Mwea Smallholder,A,121.8,1067.3,40,PVC,401.2,5.56,42.49,35.55,4,3.74,-6.94,6.94,Normal
2025-06-02,Runyenjes East,E,3996.5,1148.5,32,HDPE,407.2,4.58,42.17,41.08,8,0.86,-1.09,1.09,Normal
2025-06-02,Runyenjes East,H,1582.9,1067.1,63,HDPE,414.1,3.16,43.6,40.28,5,5.43,-3.32,3.32,Normal
2025-06-02,Embu Green,G,4656.9,1287.4,63,PVC,394.4,6.16,32.01,33.05,5,5.13,1.04,0.0,Normal
2025-06-03,Kibugu-Nguviu,H,2813.7,1196.9,90,HDPE,503.2,4.6,39.37,36.43,2,5.81,-2.94,2.94,Normal
2025-06-03,Mwea Smallholder,G,2471.9,1169.7,50,HDPE,659.6,2.77,36.3,30.13,10,2.17,-6.17,6.17,Normal
2025-06-03,Kibugu-Nguviu,G,569.7,1338.7,75,PVC,249.2,7.47,31.25,28.75,9,2.09,-2.5,2.5,Normal
2025-06-03,Runyenjes East,G,3176.4,1033.6,32,HDPE,164.9,0.88,45.12,48.15,11,7.99,3.03,0.0,Normal
2025-06-03,Embu Green,F,929.8,1119.7,50,HDPE,698.0,3.61,40.41,45.39,9,0.95,4.98,0.0,Normal
2025-06-03,Runyenjes East,A,4013.5,1184.7,50,PVC,573.2,3.65,39.37,41.02,10,2.95,1.65,0.0,Normal
2025-06-03,Runyenjes East,A,2771.3,1092.6,50,HDPE,82.1,3.51,43.34,39.82,5,5.25,-3.52,3.52,Normal
2025-06-03,Mwea Smallholder,H,3703.8,1218.4,63,PVC,763.5,3.52,34.72,41.41,2,5.62,6.69,0.0,Normal
2025-06-03,Runyenjes East,C,2732.8,1019.0,90,PVC,180.6,2.94,53.27,47.99,8,7.91,-5.28,5.28,Normal
2025-06-03,Mwea Smallholder,C,4562.2,1347.7,90,HDPE,649.9,3.37,26.55,24.88,7,1.02,-1.67,1.67,Normal
2025-06-04,Embu Green,F,880.5,1234.0,50,PVC,599.2,3.9,41.0,42.3,1,7.05,1.3,0.0,Normal
2025-06-04,Mwea Smallholder,F,4916.3,1160.0,40,PVC,426.9,8.22,40.23,36.33,8,4.09,-3.9,3.9,Normal
2025-06-04,Kibugu-Nguviu,E,2424.2,1189.8,40,HDPE,555.0,3.38,41.38,29.88,5,3.16,-11.5,11.5,Normal
2025-06-04,Runyenjes East,G,883.2,1073.5,40,PVC,40.2,10.49,43.98,36.72,8,5.12,-7.26,7.26,Normal
2025-06-04,Kibugu-Nguviu,G,1774.5,1051.8,25,HDPE,549.0,2.24,42.65,41.04,10,2.74,-1.61,1.61,Normal
2025-06-04,Runyenjes East,E,1708.2,1236.9,75,PVC,323.6,7.14,41.07,39.92,6,0.6,-1.15,1.15,Normal
2025-06-05,Kibugu-Nguviu,H,4072.6,1081.1,40,PVC,556.2,6.74,43.67,43.0,4,5.26,-0.67,0.67,Normal
2025-06-05,Mwea Smallholder,B,1569.0,1019.5,90,PVC,781.8,5.23,40.98,35.69,7,7.38,-5.29,5.29,Normal
2025-06-05,Kibugu-Nguviu,G,3192.0,1344.9,50,GI,43.3,0.5,34.81,34.81,5,2.18,0.0,0.0,Normal
2025-06-05,Runyenjes East,E,132.4,1072.9,25,HDPE,794.1,3.71,41.17,45.92,7,5.18,4.75,0.0,Normal
2025-06-05,Runyenjes East,G,1451.9,1158.4,40,HDPE,150.5,4.84,43.05,44.66,2,1.38,1.61,0.0,Normal
2025-06-05,Embu Green,H,2317.5,1264.3,75,GI,46.1,2.1,47.14,41.86,3,4.14,-5.28,5.28,Normal
2025-06-05,Runyenjes East,A,4236.1,1322.0,63,PVC,167.6,4.12,41.07,46.15,10,2.74,5.08,0.0,Normal
2025-06-05,Runyenjes East,D,4560.4,1251.1,25,HDPE,110.0,9.76,38.66,39.17,4,6.97,0.51,0.0,Normal
2025-06-05,Kibugu-Nguviu,B,4841.4,1295.1,40,PVC,102.7,3.9,40.01,36.61,7,4.82,-3.4,3.4,Normal
2025-06-05,Kibugu-Nguviu,B,3996.6,1249.4,63,PVC,782.4,3.64,37.19,41.6,8,4.5,4.41,0.0,Normal
2025-06-05,Embu Green,F,2477.8,1321.2,63,PVC,81.6,7.52,40.46,31.42,11,7.8,-9.04,9.04,Normal
2025-06-05,Runyenjes East,H,1579.7,1014.7,40,PVC,740.2,2.79,43.98,36.72,3,5.66,-7.26,7.26,Normal
2025-06-06,Embu Green,A,3729.5,1272.4,50,HDPE,498.8,3.75,33.75,26.62,9,0.51,-7.13,7.13,Normal
2025-06-06,Mwea Smallholder,F,4013.9,1181.7,50,PVC,294.0,1.05,45.6,49.59,11,5.43,3.99,0.0,Normal
2025-06-06,Runyenjes East,C,466.8,1256.8,50,PVC,76.4,6.32,42.49,42.45,4,6.86,-0.04,0.04,Normal
2025-06-07,Kibugu-Nguviu,B,245.4,1060.8,90,PVC,51.5,7.1,49.38,50.26,4,4.36,0.88,0.0,High Pressure
2025-06-07,Embu Green,H,4081.2,1346.9,90,PVC,744.2,3.87,29.81,26.44,4,1.76,-3.37,3.37,Normal
2025-06-07,Kibugu-Nguviu,G,1940.8,958.1,40,PVC,648.5,0.5,48.99,46.33,7,3.62,-2.66,2.66,Normal
2025-06-07,Runyenjes East,D,1519.8,1214.0,40,HDPE,358.0,4.08,38.52,35.04,11,5.34,-3.48,3.48,Normal
2025-06-07,Kibugu-Nguviu,G,4146.2,1166.8,40,GI,564.9,4.65,36.76,39.11,4,0.64,2.35,0.0,Normal
2025-06-07,Kibugu-Nguviu,F,1422.3,1093.3,40,PVC,576.1,5.3,45.47,50.59,10,7.14,5.12,0.0,High Pressure
2025-06-07,Mwea Smallholder,F,2592.2,1317.9,40,PVC,608.9,5.05,35.85,25.75,9,3.77,-10.1,10.1,Normal
2025-06-07,Runyenjes East,E,4143.0,1105.3,50,GI,677.7,7.28,38.71,41.83,4,6.31,3.12,0.0,Normal
2025-06-08,Embu Green,E,701.3,1289.5,40,PVC,426.9,4.5,35.19,28.77,1,1.47,-6.42,6.42,Normal
2025-06-08,Mwea Smallholder,G,2976.9,1007.3,75,PVC,502.9,1.84,47.61,47.49,6,6.24,-0.12,0.12,Normal
2025-06-08,Runyenjes East,D,4939.4,1236.7,40,HDPE,627.4,6.29,30.89,25.36,4,5.85,-5.53,5.53,Normal
2025-06-08,Embu Green,F,4626.5,1018.8,40,PVC,338.2,4.76,46.89,37.59,2,3.5,-9.3,9.3,Normal
2025-06-08,Mwea Smallholder,E,4155.9,1084.4,75,PVC,302.5,2.91,44.38,41.52,8,5.03,-2.86,2.86,Normal
2025-06-08,Mwea Smallholder,C,1261.9,1035.9,25,PVC,488.6,3.46,45.68,38.87,3,5.88,-6.81,6.81,Normal
2025-06-08,Runyenjes East,G,4031.0,1045.4,32,HDPE,367.0,5.91,48.97,45.41,10,3.4,-3.56,3.56,Normal
2025-06-08,Kibugu-Nguviu,H,3648.1,1314.7,63,PVC,497.8,7.07,33.09,35.02,11,6.74,1.93,0.0,Normal
2025-06-08,Mwea Smallholder,C,1447.3,1344.3,32,HDPE,98.3,4.9,36.56,40.58,7,1.5,4.02,0.0,Normal
2025-06-08,Kibugu-Nguviu,C,108.3,1178.4,32,GI,155.5,4.4,41.52,44.43,3,6.07,2.91,0.0,Normal
2025-06-09,Mwea Smallholder,A,412.4,1330.0,75,HDPE,329.3,3.5,28.95,24.41,8,0.51,-4.54,4.54,Normal
2025-06-09,Mwea Smallholder,A,3050.2,1189.9,32,PVC,120.4,3.77,40.6,38.18,1,1.54,-2.42,2.42,Normal
2025-06-09,Embu Green,G,620.9,1178.4,75,PVC,754.0,4.43,33.14,36.17,4,1.6,3.03,0.0,Normal
2025-06-09,Mwea Smallholder,E,2896.8,1004.6,63,PVC,783.8,8.58,43.13,45.83,11,7.35,2.7,0.0,Normal
2025-06-09,Mwea Smallholder,F,4915.2,1349.1,40,PVC,179.6,9.21,36.73,35.08,5,0.95,-1.65,1.65,Normal
2025-06-09,Kibugu-Nguviu,E,1937.2,1012.4,40,PVC,378.9,5.38,43.86,45.33,11,1.27,1.47,0.0,Normal
2025-06-09,Embu Green,D,1844.5,1239.8,75,HDPE,679.6,3.37,31.06,26.06,2,4.32,-5.0,5.0,Normal
2025-06-09,Embu Green,F,1969.8,1046.5,50,PVC,540.1,8.85,45.51,42.23,4,7.75,-3.28,3.28,Normal
2025-06-09,Embu Green,F,1542.1,1038.0,63,HDPE,396.5,4.89,50.36,56.13,3,7.05,5.77,0.0,High Pressure
2025-06-10,Kibugu-Nguviu,A,4013.2,1040.3,63,GI,663.7,7.86,41.18,33.75,2,2.31,-7.43,7.43,Normal
2025-06-10,Embu Green,E,4126.4,1105.9,75,PVC,378.8,3.64,43.64,45.46,3,1.38,1.82,0.0,Normal
2025-06-10,Embu Green,A,515.3,1052.3,50,GI,173.8,5.9,45.43,32.33,8,1.77,-13.1,13.1,Normal
2025-06-10,Embu Green,A,2708.4,1147.2,25,HDPE,286.1,10.84,46.08,53.86,7,1.25,7.78,0.0,High Pressure
2025-06-10,Kibugu-Nguviu,E,3814.7,1132.9,32,HDPE,565.7,4.1,45.11,50.71,5,1.3,5.6,0.0,High Pressure
2025-06-10,Mwea Smallholder,G,2150.4,971.3,50,HDPE,388.0,4.9,46.79,49.0,1,2.78,2.21,0.0,Normal
2025-06-11,Kibugu-Nguviu,A,3021.2,1253.4,50,PVC,228.8,6.98,37.9,43.62,3,5.31,5.72,0.0,Normal
2025-06-11,Mwea Smallholder,C,4144.2,1213.1,90,HDPE,317.7,3.44,40.33,39.7,9,4.1,-0.63,0.63,Normal
2025-06-11,Kibugu-Nguviu,F,3710.9,988.1,32,PVC,751.4,8.09,43.39,42.13,5,0.91,-1.26,1.26,Normal
2025-06-11,Embu Green,E,2147.2,1269.5,50,PVC,92.0,9.24,36.47,39.39,4,1.11,2.92,0.0,Normal
2025-06-11,Kibugu-Nguviu,G,3253.8,1283.4,63,GI,88.6,5.03,42.45,38.71,1,6.44,-3.74,3.74,Normal
2025-06-11,Kibugu-Nguviu,D,1233.5,1224.3,40,PVC,483.6,5.53,35.74,30.53,7,5.99,-5.21,5.21,Normal
2025-06-11,Kibugu-Nguviu,D,4340.5,1173.1,50,PVC,283.1,6.24,41.25,36.92,4,2.91,-4.33,4.33,Normal
2025-06-11,Runyenjes East,F,4112.1,1294.3,50,GI,254.7,6.24,31.72,39.34,9,6.05,7.62,0.0,Normal
2025-06-11,Embu Green,H,3919.4,1036.4,40,PVC,581.5,5.59,42.92,39.98,6,5.91,-2.94,2.94,Normal
2025-06-11,Embu Green,E,1240.4,1089.9,75,PVC,571.9,2.97,40.14,40.11,1,7.27,-0.03,0.03,Normal
2025-06-12,Embu Green,B,1157.3,1316.8,25,HDPE,530.3,3.97,37.63,39.05,2,6.43,1.42,0.0,Normal
2025-06-12,Runyenjes East,C,2018.1,1019.0,50,HDPE,203.6,3.7,50.31,43.78,1,4.52,-6.53,6.53,Normal
2025-06-12,Embu Green,E,1354.2,981.9,25,PVC,577.4,8.22,48.41,47.89,3,1.83,-0.52,0.52,Normal
2025-06-13,Embu Green,H,917.0,1214.0,75,PVC,663.7,6.07,37.1,32.35,10,2.8,-4.75,4.75,Normal
2025-06-13,Mwea Smallholder,B,3633.9,1276.4,90,HDPE,372.7,4.11,38.58,34.56,6,5.77,-4.02,4.02,Normal
2025-06-13,Kibugu-Nguviu,C,989.2,1056.3,32,HDPE,621.9,8.26,44.33,43.7,11,2.21,-0.63,0.63,Normal
2025-06-13,Mwea Smallholder,E,2051.3,1048.5,50,PVC,169.3,4.83,47.69,52.32,5,4.96,4.63,0.0,High Pressure
2025-06-13,Kibugu-Nguviu,C,2540.1,1191.3,40,PVC,218.7,2.96,40.39,38.64,1,1.89,-1.75,1.75,Normal
2025-06-13,Kibugu-Nguviu,H,1551.8,1073.6,40,PVC,359.0,9.15,48.7,43.5,9,4.85,-5.2,5.2,Normal
2025-06-13,Kibugu-Nguviu,A,4693.0,1322.1,90,PVC,496.7,6.93,33.71,25.86,10,6.27,-7.85,7.85,Normal
2025-06-14,Embu Green,A,2811.4,1193.4,32,HDPE,263.3,3.58,34.7,40.92,3,3.79,6.22,0.0,Normal
2025-06-14,Runyenjes East,B,542.7,1130.4,75,GI,635.9,1.89,38.13,35.98,8,1.35,-2.15,2.15,Normal
2025-06-14,Embu Green,A,776.9,1068.8,63,HDPE,481.1,3.78,40.14,46.97,9,1.45,6.83,0.0,Normal
2025-06-14,Embu Green,D,3723.8,1321.6,90,PVC,634.3,8.07,28.3,28.98,10,7.42,0.68,0.0,Normal
2025-06-14,Runyenjes East,E,1397.7,1274.4,32,PVC,721.6,3.89,34.14,25.16,9,0.63,-8.98,8.98,Normal
2025-06-14,Embu Green,D,155.4,1092.6,40,PVC,80.9,5.97,50.3,54.75,3,2.89,4.45,0.0,High Pressure
2025-06-15,Kibugu-Nguviu,A,949.8,1123.8,40,PVC,193.3,5.35,46.81,46.21,9,6.47,-0.6,0.6,Normal
2025-06-15,Embu Green,A,4765.0,1038.3,63,PVC,633.2,4.6,42.17,46.29,3,5.33,4.12,0.0,Normal
2025-06-15,Embu Green,B,3653.9,1208.7,40,HDPE,51.2,5.77,45.07,49.51,2,4.36,4.44,0.0,Normal
2025-06-15,Mwea Smallholder,B,2510.1,1269.9,50,GI,234.1,1.08,30.31,28.36,7,6.18,-1.95,1.95,Normal
2025-06-15,Mwea Smallholder,D,3359.0,1296.7,75,HDPE,155.9,4.94,33.72,35.64,8,3.3,1.92,0.0,Normal
2025-06-15,Kibugu-Nguviu,A,2287.5,1248.8,90,GI,456.4,2.76,35.78,34.48,7,5.13,-1.3,1.3,Normal
2025-06-15,Embu Green,H,1192.7,1312.0,32,HDPE,765.1,8.29,29.06,30.78,2,6.86,1.72,0.0,Normal
2025-06-15,Kibugu-Nguviu,F,4566.4,1317.4,63,PVC,178.2,4.83,39.12,43.84,3,0.86,4.72,0.0,Normal
2025-06-15,Kibugu-Nguviu,C,198.4,1069.3,75,HDPE,497.7,5.46,38.63,35.06,11,0.55,-3.57,3.57,Normal
2025-06-16,Kibugu-Nguviu,G,1472.0,1011.9,32,PVC,349.6,6.6,47.6,39.54,8,6.11,-8.06,8.06,Normal
2025-06-16,Kibugu-Nguviu,E,4854.5,975.1,25,PVC,688.5,5.87,44.12,46.52,3,3.45,2.4,0.0,Normal
2025-06-16,Kibugu-Nguviu,B,4314.6,1118.2,32,HDPE,500.4,3.59,37.16,35.78,7,6.98,-1.38,1.38,Normal
2025-06-16,Mwea Smallholder,B,1552.3,1169.1,32,PVC,174.7,6.85,41.82,41.75,10,6.25,-0.07,0.07,Normal
2025-06-16,Runyenjes East,E,2328.2,1267.3,75,PVC,372.9,7.93,35.83,29.36,6,1.12,-6.47,6.47,Normal
2025-06-16,Kibugu-Nguviu,A,4566.2,1312.5,63,PVC,398.2,5.45,36.31,34.83,6,3.33,-1.48,1.48,Normal
2025-06-17,Runyenjes East,C,4632.7,1241.8,50,PVC,571.8,8.72,38.99,40.84,6,4.68,1.85,0.0,Normal
2025-06-17,Kibugu-Nguviu,G,2551.5,1248.5,40,PVC,407.1,5.22,38.45,27.51,7,7.22,-10.94,10.94,Normal
2025-06-17,Embu Green,G,3245.5,1169.5,63,HDPE,424.5,5.8,35.72,35.85,6,3.33,0.13,0.0,Normal
2025-06-17,Kibugu-Nguviu,E,2163.4,1258.0,40,PVC,338.9,4.54,34.82,37.23,11,6.68,2.41,0.0,Normal
2025-06-17,Embu Green,F,2929.6,1008.0,25,PVC,633.2,5.34,45.18,39.12,3,7.03,-6.06,6.06,Normal
2025-06-18,Mwea Smallholder,C,3275.6,1011.3,40,GI,758.6,5.4,42.86,39.63,10,0.64,-3.23,3.23,Normal
2025-06-18,Runyenjes East,A,1897.0,1170.6,90,PVC,208.1,6.67,44.41,43.02,3,4.69,-1.39,1.39,Normal
2025-06-18,Mwea Smallholder,G,1383.1,1018.9,25,PVC,279.1,1.31,42.8,43.53,11,7.8,0.73,0.0,Normal
2025-06-18,Mwea Smallholder,C,4898.4,956.8,40,PVC,136.3,5.41,54.52,50.11,6,1.62,-4.41,4.41,High Pressure
2025-06-18,Kibugu-Nguviu,H,4289.4,1040.6,50,HDPE,177.4,4.23,47.57,50.19,9,1.87,2.62,0.0,High Pressure
2025-06-18,Embu Green,C,3992.9,1170.4,40,GI,340.5,4.73,41.27,43.92,1,1.52,2.65,0.0,Normal
2025-06-18,Mwea Smallholder,D,1422.6,1245.9,50,PVC,720.6,5.96,37.21,34.21,1,4.49,-3.0,3.0,Normal
2025-06-19,Mwea Smallholder,G,970.8,963.6,40,PVC,217.8,3.12,54.4,57.73,11,5.92,3.33,0.0,High Pressure
2025-06-19,Runyenjes East,D,960.0,1109.4,32,PVC,524.3,4.1,44.57,42.49,4,4.51,-2.08,2.08,Normal
2025-06-19,Kibugu-Nguviu,A,1534.7,1168.9,40,PVC,343.2,6.65,35.38,36.16,8,4.23,0.78,0.0,Normal
2025-06-19,Runyenjes East,A,1522.1,986.9,50,PVC,457.7,5.75,48.79,46.09,6,2.85,-2.7,2.7,Normal
2025-06-19,Mwea Smallholder,H,296.9,1179.8,50,HDPE,546.0,6.78,37.78,32.27,9,5.0,-5.51,5.51,Normal
2025-06-19,Runyenjes East,B,1060.3,958.1,50,GI,448.0,4.85,43.12,43.99,6,4.06,0.87,0.0,Normal
2025-06-19,Mwea Smallholder,E,1428.6,1131.8,40,PVC,597.6,2.97,36.29,38.72,6,3.7,2.43,0.0,Normal
2025-06-19,Mwea Smallholder,E,2429.8,1327.7,50,PVC,631.6,3.19,27.98,24.71,3,5.43,-3.27,3.27,Normal
2025-06-19,Mwea Smallholder,C,1498.3,1168.9,32,PVC,247.0,3.04,46.64,43.6,6,7.06,-3.04,3.04,Normal
2025-06-19,Mwea Smallholder,A,1116.1,1169.8,75,PVC,490.2,3.62,38.02,36.58,4,3.03,-1.44,1.44,Normal
2025-06-19,Kibugu-Nguviu,E,1932.5,1021.1,40,PVC,369.5,2.56,49.16,46.65,11,4.17,-2.51,2.51,Normal
2025-06-20,Kibugu-Nguviu,C,2248.3,1011.4,63,HDPE,209.4,6.7,48.45,49.1,6,6.45,0.65,0.0,Normal
2025-06-20,Runyenjes East,A,422.1,1151.7,90,PVC,377.0,1.59,41.44,36.69,8,5.92,-4.75,4.75,Normal
2025-06-20,Runyenjes East,H,1705.4,1035.1,40,GI,39.2,4.14,53.29,50.07,9,3.79,-3.22,3.22,High Pressure
2025-06-20,Embu Green,E,3006.6,1229.3,63,PVC,247.3,5.67,50.38,52.41,4,4.93,2.03,0.0,High Pressure
2025-06-20,Runyenjes East,F,807.3,994.4,90,HDPE,399.7,3.16,51.03,44.61,1,6.3,-6.42,6.42,Normal
2025-06-20,Mwea Smallholder,A,2437.3,965.4,75,PVC,422.8,4.2,48.54,49.45,5,2.88,0.91,0.0,Normal
2025-06-20,Kibugu-Nguviu,H,1184.1,1182.0,63,HDPE,626.5,1.74,42.85,38.97,1,1.2,-3.88,3.88,Normal
2025-06-21,Embu Green,C,4649.3,1051.3,63,HDPE,758.7,6.54,40.43,33.67,8,1.98,-6.76,6.76,Normal
2025-06-21,Embu Green,H,3812.6,1035.3,40,PVC,305.0,5.65,50.33,51.2,6,4.79,0.87,0.0,High Pressure
2025-06-21,Kibugu-Nguviu,G,1511.2,1334.9,63,HDPE,442.0,7.77,37.22,40.62,6,6.69,3.4,0.0,Normal
2025-06-21,Mwea Smallholder,E,3693.8,962.9,32,HDPE,632.5,2.23,52.32,51.7,3,7.79,-0.62,0.62,High Pressure
2025-06-21,Runyenjes East,E,2056.2,1138.2,63,PVC,322.7,5.5,42.39,41.32,10,3.72,-1.07,1.07,Normal
2025-06-21,Kibugu-Nguviu,H,2194.8,1120.5,90,HDPE,583.9,6.95,36.29,42.63,6,6.56,6.34,0.0,Normal
2025-06-21,Mwea Smallholder,B,3366.6,959.9,50,PVC,161.5,5.63,49.45,46.95,9,0.86,-2.5,2.5,Normal
2025-06-21,Runyenjes East,C,4187.8,1306.9,50,PVC,51.8,4.46,36.51,37.48,3,1.34,0.97,0.0,Normal
2025-06-21,Embu Green,E,2617.4,1019.4,75,PVC,250.7,6.76,42.52,43.32,2,5.5,0.8,0.0,Normal
2025-06-21,Runyenjes East,G,1401.8,1329.6,90,PVC,117.9,6.0,39.9,37.97,5,3.02,-1.93,1.93,Normal
2025-06-22,Runyenjes East,D,484.4,959.8,75,HDPE,579.3,6.69,47.29,47.75,3,4.55,0.46,0.0,Normal
2025-06-22,Embu Green,D,442.4,1333.0,75,PVC,717.3,6.26,29.2,27.12,4,6.27,-2.08,2.08,Normal
2025-06-22,Runyenjes East,A,686.0,1228.1,40,PVC,37.1,6.32,46.45,39.17,1,5.35,-7.28,7.28,Normal
2025-06-22,Runyenjes East,F,4478.4,966.2,63,HDPE,151.4,5.57,55.97,56.87,8,1.37,0.9,0.0,High Pressure
2025-06-22,Kibugu-Nguviu,B,4262.5,1165.4,32,GI,712.2,6.72,39.13,36.66,11,1.11,-2.47,2.47,Normal
2025-06-22,Kibugu-Nguviu,G,4807.2,1346.5,90,PVC,479.9,2.2,31.74,33.41,6,4.65,1.67,0.0,Normal
2025-06-22,Embu Green,B,932.2,1028.1,75,HDPE,530.2,9.88,48.41,50.32,1,4.47,1.91,0.0,High Pressure
2025-06-22,Runyenjes East,A,356.0,1137.6,40,PVC,513.9,6.09,42.13,32.08,3,1.46,-10.05,10.05,Normal
2025-06-22,Kibugu-Nguviu,C,281.6,1349.5,63,PVC,368.2,9.22,36.85,33.08,7,5.11,-3.77,3.77,Normal
2025-06-22,Embu Green,F,2095.9,1171.1,50,PVC,213.5,6.24,41.57,33.23,6,2.43,-8.34,8.34,Normal
2025-06-22,Kibugu-Nguviu,B,2774.4,1119.6,32,PVC,241.7,0.85,44.42,40.21,10,5.5,-4.21,4.21,Normal
2025-06-23,Mwea Smallholder,B,4519.8,1035.5,32,PVC,337.8,2.39,49.22,40.09,4,6.02,-9.13,9.13,Normal
2025-06-23,Kibugu-Nguviu,G,1162.3,1317.3,25,PVC,583.3,2.44,36.33,34.04,8,4.04,-2.29,2.29,Normal
2025-06-23,Runyenjes East,A,3953.7,963.7,40,PVC,724.7,4.87,46.95,52.74,3,0.75,5.79,0.0,High Pressure
2025-06-23,Embu Green,F,3955.7,1132.5,40,HDPE,546.6,4.42,39.55,38.0,11,1.57,-1.55,1.55,Normal
2025-06-23,Kibugu-Nguviu,G,1646.2,1170.6,50,PVC,324.2,5.76,41.96,40.66,9,2.13,-1.3,1.3,Normal
2025-06-23,Runyenjes East,F,4954.1,1204.3,63,PVC,38.6,3.21,43.91,41.94,4,0.91,-1.97,1.97,Normal
2025-06-23,Kibugu-Nguviu,A,695.6,1313.1,75,PVC,768.0,5.14,31.39,26.24,8,6.11,-5.15,5.15,Normal
2025-06-24,Mwea Smallholder,D,679.9,1050.8,75,HDPE,34.3,4.5,52.09,53.28,5,0.83,1.19,0.0,High Pressure
2025-06-24,Mwea Smallholder,E,770.2,1039.1,90,GI,473.0,1.33,42.9,37.03,10,7.84,-5.87,5.87,Normal
2025-06-24,Kibugu-Nguviu,G,4318.2,1036.6,32,HDPE,287.1,6.5,48.88,46.84,8,6.13,-2.04,2.04,Normal
2025-06-24,Runyenjes East,E,2089.4,1318.6,40,GI,332.1,3.25,34.45,30.98,11,5.09,-3.47,3.47,Normal
2025-06-24,Embu Green,F,2979.4,1179.7,90,PVC,359.6,6.44,37.26,38.03,3,6.16,0.77,0.0,Normal
2025-06-24,Embu Green,E,4718.5,1141.2,32,PVC,710.5,7.46,37.95,39.35,1,3.75,1.4,0.0,Normal
2025-06-24,Embu Green,F,1355.6,1198.8,32,PVC,497.2,3.76,36.87,35.15,5,6.65,-1.72,1.72,Normal
2025-06-24,Runyenjes East,B,834.4,1053.9,75,HDPE,229.9,5.96,44.87,41.72,8,5.87,-3.15,3.15,Normal
2025-06-25,Embu Green,F,4135.1,1016.1,40,PVC,327.4,3.53,45.41,46.56,2,1.99,1.15,0.0,Normal
2025-06-25,Runyenjes East,G,3676.1,1025.7,50,PVC,300.0,0.68,47.35,49.5,9,2.59,2.15,0.0,Normal
2025-06-25,Runyenjes East,D,3165.4,994.8,50,PVC,316.0,3.42,53.3,50.73,11,4.77,-2.57,2.57,High Pressure
2025-06-25,Embu Green,A,1601.5,1145.4,50,HDPE,792.9,7.07,39.11,37.5,9,1.38,-1.61,1.61,Normal
2025-06-26,Runyenjes East,C,3708.0,1180.4,63,PVC,696.5,3.87,38.19,28.79,3,6.31,-9.4,9.4,Normal
2025-06-26,Mwea Smallholder,C,3196.4,1203.9,40,GI,464.6,5.23,33.88,33.5,3,3.1,-0.38,0.38,Normal
2025-06-26,Embu Green,B,4024.2,1031.0,75,HDPE,271.1,4.43,45.79,34.69,3,6.15,-11.1,11.1,Normal
2025-06-27,Embu Green,H,904.4,1295.9,63,PVC,531.4,6.47,33.58,31.33,5,5.41,-2.25,2.25,Normal
2025-06-27,Embu Green,B,3638.9,1154.9,90,PVC,99.0,2.93,43.16,47.85,1,3.06,4.69,0.0,Normal
2025-06-28,Kibugu-Nguviu,F,4781.3,1268.1,25,HDPE,392.4,7.16,35.95,31.3,11,4.5,-4.65,4.65,Normal
2025-06-28,Mwea Smallholder,D,2383.5,1163.4,50,PVC,221.6,3.64,42.88,37.93,11,7.72,-4.95,4.95,Normal
2025-06-28,Kibugu-Nguviu,F,1711.4,967.1,40,PVC,127.6,7.15,48.97,39.93,8,3.18,-9.04,9.04,Normal
2025-06-28,Mwea Smallholder,H,617.6,1296.6,75,PVC,613.4,3.04,33.82,36.13,6,1.3,2.31,0.0,Normal
2025-06-28,Embu Green,H,3068.4,1008.9,50,PVC,273.6,6.14,47.84,45.48,8,1.0,-2.36,2.36,Normal
2025-06-28,Kibugu-Nguviu,C,20.6,1036.3,25,PVC,216.4,8.24,51.6,39.38,11,3.72,-12.22,12.22,Normal
2025-06-28,Mwea Smallholder,A,3900.3,1209.2,25,PVC,122.3,3.17,46.22,47.53,7,2.93,1.31,0.0,Normal
2025-06-29,Mwea Smallholder,D,1144.2,1299.4,63,PVC,624.8,5.52,27.09,28.47,11,1.84,1.38,0.0,Normal
2025-06-29,Mwea Smallholder,D,509.9,1318.7,50,HDPE,491.6,2.77,28.17,29.37,9,3.2,1.2,0.0,Normal
2025-06-29,Kibugu-Nguviu,H,1202.2,1292.3,90,PVC,503.0,3.77,36.93,42.0,7,5.04,5.07,0.0,Normal
2025-06-29,Kibugu-Nguviu,A,586.6,1349.8,40,PVC,544.4,3.85,27.49,14.21,3,2.67,-13.28,13.28,Normal
2025-06-29,Kibugu-Nguviu,C,1883.5,1111.4,75,PVC,287.0,3.02,44.55,38.04,11,5.82,-6.51,6.51,Normal
2025-06-29,Kibugu-Nguviu,B,40.8,997.2,25,PVC,625.1,5.54,42.04,48.9,7,3.77,6.86,0.0,Normal
2025-06-29,Embu Green,G,1200.5,1228.9,75,PVC,534.4,4.91,33.37,32.47,6,7.73,-0.9,0.9,Normal
2025-06-29,Embu Green,B,658.6,1209.8,75,HDPE,119.1,8.11,46.54,41.05,9,6.98,-5.49,5.49,Normal
2025-06-29,Embu Green,H,2134.3,1241.0,75,PVC,766.4,6.47,28.19,24.81,10,5.27,-3.38,3.38,Normal
2025-06-30,Kibugu-Nguviu,G,216.4,1035.8,32,HDPE,554.3,11.1,44.19,40.04,1,4.85,-4.15,4.15,Normal
2025-06-30,Mwea Smallholder,D,1664.8,1165.4,50,PVC,248.5,3.52,42.87,42.86,10,3.0,-0.01,0.01,Normal
2025-06-30,Embu Green,G,29.9,1083.8,25,HDPE,578.9,0.53,44.49,43.52,3,2.2,-0.97,0.97,Normal
2025-06-30,Kibugu-Nguviu,E,1633.2,1100.0,50,GI,114.1,5.04,44.57,44.0,7,0.53,-0.57,0.57,Normal
2025-06-30,Runyenjes East,C,3941.0,1052.1,50,HDPE,39.5,4.64,49.71,38.46,11,7.2,-11.25,11.25,Normal
2025-06-30,Kibugu-Nguviu,F,1494.6,1202.4,75,PVC,481.0,5.5,44.46,43.05,7,6.56,-1.41,1.41,Normal
2025-06-30,Mwea Smallholder,A,3012.5,1199.6,32,PVC,457.8,3.59,37.4,41.94,11,4.58,4.54,0.0,Normal
2025-07-01,Kibugu-Nguviu,A,3193.4,1117.6,40,PVC,31.0,8.97,47.69,47.81,6,3.29,0.12,0.0,Normal
2025-07-01,Kibugu-Nguviu,C,306.4,1320.4,25,PVC,692.7,3.87,28.88,38.07,11,2.06,9.19,0.0,Normal
2025-07-01,Kibugu-Nguviu,E,2149.0,1111.3,50,PVC,781.7,1.97,35.34,34.34,11,2.69,-1.0,1.0,Normal
2025-07-01,Mwea Smallholder,H,1281.1,1295.5,75,HDPE,692.7,7.62,29.11,23.0,8,7.63,-6.11,6.11,Normal
2025-07-01,Embu Green,H,329.6,1109.5,63,PVC,576.6,4.4,40.92,36.71,3,2.98,-4.21,4.21,Normal
2025-07-01,Embu Green,E,1341.8,1343.7,75,HDPE,190.6,7.05,34.92,30.67,6,7.88,-4.25,4.25,Normal
2025-07-01,Mwea Smallholder,H,3663.4,975.8,90,PVC,326.2,4.37,42.06,46.3,1,0.94,4.24,0.0,Normal
2025-07-01,Runyenjes East,B,3855.0,1177.6,75,PVC,66.0,5.07,49.28,41.51,4,7.71,-7.77,7.77,Normal
2025-07-02,Embu Green,C,3010.9,1146.5,75,PVC,101.9,5.14,48.07,44.74,2,6.92,-3.33,3.33,Normal
2025-07-02,Kibugu-Nguviu,D,6.2,1095.6,75,PVC,228.5,4.82,48.22,50.19,11,4.98,1.97,0.0,High Pressure
2025-07-02,Kibugu-Nguviu,H,86.3,1215.8,75,HDPE,83.0,3.19,42.94,44.38,7,0.94,1.44,0.0,Normal
2025-07-02,Kibugu-Nguviu,D,3470.6,1258.1,63,PVC,583.0,8.68,35.15,40.45,3,3.66,5.3,0.0,Normal
2025-07-02,Mwea Smallholder,A,983.5,970.0,90,HDPE,586.1,5.62,48.35,42.5,5,6.6,-5.85,5.85,Normal
2025-07-02,Runyenjes East,B,4911.3,1157.7,40,PVC,622.1,3.84,38.99,33.04,4,6.03,-5.95,5.95,Normal
2025-07-02,Embu Green,A,53.7,1180.4,40,PVC,784.3,5.0,39.6,39.17,4,0.55,-0.43,0.43,Normal
2025-07-02,Embu Green,E,2057.9,1223.5,90,HDPE,364.6,4.84,40.44,39.61,5,7.69,-0.83,0.83,Normal
2025-07-02,Mwea Smallholder,D,3925.7,978.7,50,PVC,603.1,6.52,44.43,46.48,8,7.0,2.05,0.0,Normal
2025-07-02,Mwea Smallholder,C,3958.8,1183.5,25,PVC,706.7,3.47,35.38,35.17,6,5.1,-0.21,0.21,Normal
2025-07-03,Mwea Smallholder,A,3100.1,950.2,40,HDPE,494.8,7.82,48.37,50.08,9,1.49,1.71,0.0,High Pressure
2025-07-03,Kibugu-Nguviu,B,3920.9,1245.5,75,PVC,611.5,4.98,31.72,25.81,4,3.47,-5.91,5.91,Normal
2025-07-03,Runyenjes East,B,1602.8,1041.7,50,PVC,526.7,5.42,46.2,51.53,6,5.84,5.33,0.0,High Pressure
2025-07-03,Runyenjes East,F,3447.5,1077.4,40,PVC,385.1,6.07,46.13,48.87,4,3.27,2.74,0.0,Normal
2025-07-03,Kibugu-Nguviu,C,285.4,1297.2,63,GI,789.1,6.07,32.35,31.61,5,6.9,-0.74,0.74,Normal
2025-07-03,Embu Green,F,4329.0,991.6,63,PVC,783.0,6.24,42.4,40.59,4,6.3,-1.81,1.81,Normal
2025-07-03,Mwea Smallholder,A,3639.4,1245.6,40,HDPE,191.6,3.79,42.6,37.67,3,3.35,-4.93,4.93,Normal
2025-07-03,Runyenjes East,B,4993.1,1339.0,63,GI,690.0,6.72,27.42,20.17,2,3.56,-7.25,7.25,Normal
2025-07-03,Kibugu-Nguviu,G,322.1,1145.0,50,PVC,782.6,6.59,39.71,39.7,8,5.05,-0.01,0.01,Normal
2025-07-04,Mwea Smallholder,H,2656.6,1314.8,32,HDPE,726.1,2.32,32.4,34.67,9,6.44,2.27,0.0,Normal
2025-07-04,Kibugu-Nguviu,G,4927.8,1069.9,75,PVC,416.0,4.04,48.96,43.75,10,5.0,-5.21,5.21,Normal
2025-07-04,Mwea Smallholder,B,4652.7,1104.8,75,PVC,791.6,4.06,39.53,34.26,2,2.72,-5.27,5.27,Normal
2025-07-04,Kibugu-Nguviu,D,3429.8,1144.0,50,HDPE,733.7,2.94,36.92,28.49,10,2.0,-8.43,8.43,Normal
2025-07-04,Kibugu-Nguviu,B,1802.1,1275.9,63,PVC,673.3,6.29,32.18,33.55,3,1.8,1.37,0.0,Normal
2025-07-04,Kibugu-Nguviu,C,3355.2,1031.5,75,PVC,612.4,3.61,42.48,35.94,2,2.46,-6.54,6.54,Normal
2025-07-04,Mwea Smallholder,B,685.9,1137.8,50,PVC,428.4,8.37,41.82,41.62,8,6.76,-0.2,0.2,Normal
2025-07-04,Runyenjes East,G,3203.7,1030.8,50,HDPE,215.8,7.63,52.38,52.53,7,4.88,0.15,0.0,High Pressure
2025-07-04,Embu Green,H,2005.1,1083.4,63,HDPE,348.6,3.73,43.91,43.22,8,6.77,-0.69,0.69,Normal
2025-07-04,Kibugu-Nguviu,H,460.3,1091.5,50,PVC,215.7,4.82,48.86,50.12,11,1.8,1.26,0.0,High Pressure
2025-07-05,Embu Green,B,1215.0,1023.5,32,PVC,470.6,5.27,46.64,45.47,11,7.47,-1.17,1.17,Normal
2025-07-05,Runyenjes East,G,1433.5,986.4,63,HDPE,233.4,3.59,47.85,47.67,10,3.71,-0.18,0.18,Normal
2025-07-05,Embu Green,C,3058.6,977.8,32,HDPE,475.0,2.85,47.39,52.74,11,4.99,5.35,0.0,High Pressure
2025-07-05,Runyenjes East,E,4190.3,1326.1,63,HDPE,221.0,8.35,34.07,30.74,11,0.95,-3.33,3.33,Normal
2025-07-05,Runyenjes East,A,369.0,1284.3,50,PVC,550.4,4.0,35.07,29.83,10,1.82,-5.24,5.24,Normal
2025-07-05,Embu Green,E,4800.7,1243.9,90,HDPE,718.7,5.89,30.75,29.35,6,6.4,-1.4,1.4,Normal
2025-07-06,Embu Green,A,2043.9,1065.0,75,GI,288.1,3.71,50.64,49.59,4,1.83,-1.05,1.05,Normal
2025-07-06,Runyenjes East,F,1479.2,1196.8,90,HDPE,564.3,4.39,38.6,29.7,8,4.21,-8.9,8.9,Normal
2025-07-06,Embu Green,G,2588.1,1157.3,50,PVC,479.9,6.79,37.49,37.0,5,6.58,-0.49,0.49,Normal
2025-07-06,Embu Green,H,3698.7,1047.4,50,PVC,799.5,6.75,44.78,40.44,4,3.5,-4.34,4.34,Normal
2025-07-06,Kibugu-Nguviu,C,818.3,1175.6,50,PVC,87.7,6.99,43.69,38.77,8,0.75,-4.92,4.92,Normal
2025-07-06,Embu Green,E,4126.6,1235.3,32,PVC,764.2,3.78,32.62,36.67,11,3.17,4.05,0.0,Normal
2025-07-06,Kibugu-Nguviu,F,531.3,956.4,90,PVC,719.6,4.36,50.13,49.31,10,7.45,-0.82,0.82,Normal
2025-07-06,Mwea Smallholder,H,1237.3,1346.0,75,PVC,654.2,4.22,30.41,32.28,4,1.48,1.87,0.0,Normal
2025-07-06,Runyenjes East,B,4904.2,1291.5,40,GI,558.5,6.72,32.58,36.89,2,4.47,4.31,0.0,Normal
2025-07-06,Embu Green,D,3335.5,1247.6,75,PVC,642.3,0.81,34.89,40.28,11,6.83,5.39,0.0,Normal
2025-07-06,Mwea Smallholder,F,2042.1,1010.2,50,GI,721.8,5.82,46.55,45.24,11,6.66,-1.31,1.31,Normal
2025-07-06,Kibugu-Nguviu,F,4419.0,981.8,75,HDPE,337.0,4.59,49.89,42.74,10,5.87,-7.15,7.15,Normal
2025-07-07,Mwea Smallholder,G,2428.9,1157.7,32,PVC,146.7,4.34,47.31,56.26,5,6.68,8.95,0.0,High Pressure
2025-07-07,Embu Green,G,4093.8,1131.1,32,PVC,330.2,8.01,44.26,45.61,9,4.04,1.35,0.0,Normal
2025-07-07,Runyenjes East,D,1436.1,1180.7,90,PVC,411.8,2.87,38.43,41.49,3,7.41,3.06,0.0,Normal
2025-07-07,Runyenjes East,E,1710.0,1192.3,63,GI,386.3,3.83,35.68,37.42,4,0.59,1.74,0.0,Normal
2025-07-07,Kibugu-Nguviu,D,4769.0,1291.3,40,PVC,709.5,5.34,31.82,27.5,1,3.98,-4.32,4.32,Normal
2025-07-08,Embu Green,H,4756.9,1291.3,40,PVC,355.5,3.01,37.6,31.45,6,2.65,-6.15,6.15,Normal
2025-07-08,Runyenjes East,F,356.5,1013.5,50,PVC,708.8,5.28,42.17,44.23,4,5.91,2.06,0.0,Normal
2025-07-08,Runyenjes East,C,1903.6,1060.6,75,PVC,114.9,6.55,50.82,52.89,7,5.38,2.07,0.0,High Pressure
2025-07-08,Runyenjes East,D,1287.5,1294.4,50,HDPE,320.3,8.8,40.72,39.93,11,4.59,-0.79,0.79,Normal
2025-07-09,Embu Green,A,1220.8,1119.8,40,PVC,174.3,5.36,47.32,56.56,4,2.59,9.24,0.0,High Pressure
2025-07-09,Embu Green,F,3903.8,1075.7,50,HDPE,496.5,2.69,42.84,41.72,5,6.59,-1.12,1.12,Normal
2025-07-09,Kibugu-Nguviu,G,2142.7,1320.5,32,HDPE,507.0,5.8,37.97,32.81,10,6.46,-5.16,5.16,Normal
2025-07-09,Mwea Smallholder,G,3471.8,1342.5,75,GI,663.6,6.69,29.85,21.25,3,2.91,-8.6,8.6,Normal
2025-07-09,Runyenjes East,C,2001.1,1275.2,40,PVC,330.2,5.27,36.84,39.67,1,6.98,2.83,0.0,Normal
2025-07-09,Embu Green,H,4216.8,1237.5,75,PVC,667.5,7.0,32.52,35.8,11,1.18,3.28,0.0,Normal
2025-07-10,Runyenjes East,F,3747.5,1029.4,63,PVC,567.4,4.59,44.73,42.2,6,1.78,-2.53,2.53,Normal
2025-07-10,Mwea Smallholder,E,2483.2,968.6,40,PVC,221.8,5.35,53.83,44.75,8,5.9,-9.08,9.08,Normal
2025-07-10,Kibugu-Nguviu,E,1703.5,1125.7,75,PVC,496.0,5.21,44.83,39.6,8,2.86,-5.23,5.23,Normal
2025-07-10,Embu Green,H,313.9,970.0,63,PVC,681.6,6.68,44.53,44.65,11,1.01,0.12,0.0,Normal
2025-07-10,Embu Green,H,10.3,1201.6,75,HDPE,45.7,4.32,43.88,39.14,9,3.71,-4.74,4.74,Normal
2025-07-10,Runyenjes East,G,218.5,1186.0,75,PVC,691.9,5.24,36.41,38.64,7,1.03,2.23,0.0,Normal
2025-07-10,Embu Green,C,3793.0,1024.7,50,HDPE,645.4,2.36,38.26,37.14,11,3.53,-1.12,1.12,Normal
2025-07-10,Kibugu-Nguviu,G,4061.3,1245.2,63,PVC,775.1,7.91,34.3,32.31,3,1.64,-1.99,1.99,Normal
2025-07-10,Runyenjes East,A,2227.3,1343.9,75,HDPE,376.7,5.71,31.86,31.95,8,0.73,0.09,0.0,Normal
2025-07-10,Runyenjes East,G,4840.0,1224.4,75,PVC,101.0,8.92,42.14,38.38,6,7.53,-3.76,3.76,Normal
2025-07-10,Kibugu-Nguviu,A,2065.4,1020.5,90,HDPE,776.7,5.24,49.43,53.74,8,5.68,4.31,0.0,High Pressure
2025-07-10,Kibugu-Nguviu,H,4733.2,1069.5,63,PVC,667.1,5.34,40.3,36.0,5,6.05,-4.3,4.3,Normal
2025-07-10,Kibugu-Nguviu,F,1802.7,997.9,32,PVC,683.3,4.34,43.12,42.02,6,3.12,-1.1,1.1,Normal
2025-07-11,Embu Green,C,4291.5,1106.0,32,HDPE,614.1,9.56,44.39,38.14,6,0.99,-6.25,6.25,Normal
2025-07-11,Mwea Smallholder,G,3445.4,1341.3,75,PVC,72.6,6.02,33.39,30.87,5,5.77,-2.52,2.52,Normal
2025-07-11,Mwea Smallholder,G,2442.7,1285.3,40,PVC,316.8,5.93,36.86,44.85,5,5.1,7.99,0.0,Normal
2025-07-11,Embu Green,D,324.8,1286.8,75,HDPE,30.2,3.51,44.89,44.99,9,2.1,0.1,0.0,Normal
2025-07-11,Mwea Smallholder,A,2972.2,960.5,25,HDPE,795.4,7.61,46.79,41.45,11,2.44,-5.34,5.34,Normal
2025-07-11,Embu Green,D,2452.0,1273.2,75,PVC,297.6,6.47,33.37,29.77,4,3.77,-3.6,3.6,Normal
2025-07-12,Kibugu-Nguviu,C,2634.9,1347.3,50,HDPE,648.2,2.59,26.94,30.87,10,1.12,3.93,0.0,Normal
2025-07-12,Embu Green,G,11.0,1239.4,75,PVC,439.0,5.71,38.45,33.56,3,5.78,-4.89,4.89,Normal
2025-07-12,Kibugu-Nguviu,C,3103.7,1093.8,75,HDPE,669.0,3.84,37.6,33.27,11,4.22,-4.33,4.33,Normal
2025-07-12,Kibugu-Nguviu,H,2839.6,1242.6,63,PVC,333.9,6.45,35.8,33.18,8,5.91,-2.62,2.62,Normal
2025-07-12,Mwea Smallholder,G,4542.7,1205.2,50,PVC,761.3,6.64,36.21,32.81,3,4.65,-3.4,3.4,Normal
2025-07-12,Kibugu-Nguviu,B,3806.0,1005.3,32,PVC,206.1,9.19,50.74,44.24,11,6.32,-6.5,6.5,Normal
2025-07-12,Runyenjes East,D,3977.7,992.8,75,GI,89.8,3.47,50.1,44.51,6,6.96,-5.59,5.59,Normal
2025-07-13,Runyenjes East,F,4675.2,1146.6,75,PVC,34.8,5.21,49.8,42.02,4,2.42,-7.78,7.78,Normal
2025-07-13,Kibugu-Nguviu,F,2661.1,1000.5,50,PVC,559.3,3.4,47.8,43.88,10,3.32,-3.92,3.92,Normal
2025-07-13,Kibugu-Nguviu,E,2452.7,1289.7,75,PVC,580.7,5.42,30.74,32.0,10,7.53,1.26,0.0,Normal
2025-07-13,Embu Green,C,4610.6,1129.2,32,PVC,44.6,5.17,42.58,37.27,8,5.77,-5.31,5.31,Normal
2025-07-13,Mwea Smallholder,H,1938.5,1244.3,90,PVC,462.8,4.23,40.0,34.77,11,2.53,-5.23,5.23,Normal
2025-07-13,Kibugu-Nguviu,A,4258.0,1211.0,32,PVC,197.9,3.82,38.99,42.17,6,3.36,3.18,0.0,Normal
2025-07-13,Embu Green,C,1551.5,1028.9,90,PVC,608.2,7.76,40.56,37.47,3,6.92,-3.09,3.09,Normal
2025-07-14,Runyenjes East,A,4185.7,1156.9,63,GI,82.0,5.76,46.64,49.77,10,2.16,3.13,0.0,Normal
2025-07-14,Mwea Smallholder,A,2007.3,1342.0,40,HDPE,155.9,6.41,31.73,27.44,5,1.67,-4.29,4.29,Normal
2025-07-14,Embu Green,D,1627.2,1290.3,25,HDPE,688.9,6.44,38.14,39.95,1,5.36,1.81,0.0,Normal
2025-07-14,Embu Green,F,2196.9,1116.3,50,PVC,505.6,6.35,45.48,44.11,6,1.47,-1.37,1.37,Normal
2025-07-14,Mwea Smallholder,G,2217.7,1230.9,90,PVC,711.5,5.08,31.12,32.51,2,4.66,1.39,0.0,Normal
2025-07-14,Embu Green,A,1679.7,1084.5,75,PVC,746.8,4.23,43.13,47.89,7,1.71,4.76,0.0,Normal
2025-07-14,Embu Green,G,4564.7,1128.2,75,PVC,411.3,3.42,43.89,39.21,1,1.1,-4.68,4.68,Normal
2025-07-14,Embu Green,A,4547.8,970.7,32,HDPE,516.8,8.7,50.2,45.59,1,7.06,-4.61,4.61,Normal
2025-07-15,Runyenjes East,B,1422.7,983.2,90,PVC,690.0,3.14,42.39,40.69,9,5.5,-1.7,1.7,Normal
2025-07-15,Runyenjes East,F,3111.8,980.1,63,PVC,657.3,2.89,46.62,46.4,3,0.67,-0.22,0.22,Normal
2025-07-15,Kibugu-Nguviu,A,4294.0,1186.6,32,PVC,181.5,5.5,45.38,41.73,7,7.68,-3.65,3.65,Normal
2025-07-15,Embu Green,F,3190.0,1015.9,90,HDPE,251.9,7.23,49.17,46.21,8,7.04,-2.96,2.96,Normal
2025-07-15,Kibugu-Nguviu,B,4463.9,1149.3,50,HDPE,629.7,6.0,41.7,38.38,8,1.33,-3.32,3.32,Normal
2025-07-15,Mwea Smallholder,G,3671.8,1128.7,75,PVC,715.3,6.89,39.88,40.36,10,5.9,0.48,0.0,Normal
2025-07-15,Embu Green,C,992.8,1130.8,75,PVC,298.6,5.53,43.42,37.26,11,3.36,-6.16,6.16,Normal
2025-07-15,Kibugu-Nguviu,F,4133.7,1144.7,90,PVC,772.8,4.71,36.6,34.98,3,0.55,-1.62,1.62,Normal
2025-07-15,Kibugu-Nguviu,E,1772.7,990.0,63,PVC,394.1,4.13,56.79,57.62,3,6.62,0.83,0.0,High Pressure
2025-07-15,Mwea Smallholder,F,2242.6,1067.9,40,PVC,131.4,5.97,48.86,44.79,11,5.25,-4.07,4.07,Normal
2025-07-15,Embu Green,G,2430.6,1117.7,32,PVC,618.7,6.03,40.09,36.98,1,1.22,-3.11,3.11,Normal
2025-07-15,Kibugu-Nguviu,G,4751.2,1210.2,75,PVC,590.4,9.28,37.37,38.1,5,2.08,0.73,0.0,Normal
2025-07-16,Mwea Smallholder,G,3988.1,1042.4,50,HDPE,120.2,6.3,43.27,39.46,7,2.62,-3.81,3.81,Normal
2025-07-16,Runyenjes East,F,369.1,967.8,40,GI,569.1,5.24,48.38,56.2,4,1.8,7.82,0.0,High Pressure
2025-07-16,Runyenjes East,G,1602.4,1220.8,40,PVC,531.5,3.98,39.65,41.34,3,1.89,1.69,0.0,Normal
2025-07-16,Embu Green,D,3016.2,972.6,75,PVC,748.4,5.28,47.49,42.63,4,3.59,-4.86,4.86,Normal
2025-07-16,Embu Green,F,277.3,1347.9,75,HDPE,331.8,2.49,30.08,23.69,7,4.56,-6.39,6.39,Normal
2025-07-17,Mwea Smallholder,A,1540.6,1038.2,50,PVC,779.4,5.71,40.04,31.36,4,3.24,-8.68,8.68,Normal
2025-07-17,Embu Green,D,889.1,1166.3,32,HDPE,602.1,6.72,39.42,41.32,4,1.98,1.9,0.0,Normal
2025-07-17,Runyenjes East,A,4408.6,1326.0,50,PVC,778.2,2.96,23.82,32.5,3,2.16,8.68,0.0,Normal
2025-07-17,Runyenjes East,E,2847.5,1119.6,25,PVC,343.1,7.12,44.59,50.77,9,5.18,6.18,0.0,High Pressure
2025-07-17,Kibugu-Nguviu,A,2447.7,998.5,50,PVC,764.5,4.5,43.9,39.02,6,6.89,-4.88,4.88,Normal
2025-07-17,Kibugu-Nguviu,B,4630.2,1188.8,75,PVC,640.6,5.84,36.31,38.32,6,6.54,2.01,0.0,Normal
2025-07-17,Mwea Smallholder,E,512.8,1213.6,75,PVC,469.8,2.75,41.3,41.18,2,0.85,-0.12,0.12,Normal
2025-07-17,Kibugu-Nguviu,C,2692.1,1045.9,50,PVC,37.6,2.63,49.62,52.95,7,6.9,3.33,0.0,High Pressure
2025-07-17,Kibugu-Nguviu,D,77.5,1062.0,40,PVC,746.0,4.56,48.1,52.41,9,6.0,4.31,0.0,High Pressure
2025-07-18,Mwea Smallholder,C,3992.3,1239.4,90,HDPE,522.1,6.33,32.1,26.42,11,6.19,-5.68,5.68,Normal
2025-07-18,Mwea Smallholder,H,4365.3,1171.2,90,PVC,362.0,3.93,36.29,34.3,6,3.68,-1.99,1.99,Normal
2025-07-18,Runyenjes East,H,1293.8,1120.2,32,GI,752.7,3.28,38.02,38.72,8,4.68,0.7,0.0,Normal
2025-07-18,Mwea Smallholder,B,3183.4,1000.0,63,PVC,161.5,3.94,53.12,56.71,6,6.95,3.59,0.0,High Pressure
2025-07-19,Embu Green,D,4619.7,1136.3,75,PVC,86.8,4.45,46.85,39.62,1,3.09,-7.23,7.23,Normal
2025-07-19,Embu Green,F,2912.2,1288.8,40,HDPE,522.0,3.68,34.29,34.53,1,6.01,0.24,0.0,Normal
2025-07-19,Mwea Smallholder,H,3327.5,1069.8,63,PVC,769.0,2.28,41.03,40.42,2,4.13,-0.61,0.61,Normal
2025-07-19,Runyenjes East,H,365.1,1035.4,75,PVC,536.7,8.55,41.4,37.21,7,3.23,-4.19,4.19,Normal
2025-07-19,Kibugu-Nguviu,D,2201.5,979.8,63,PVC,182.5,5.41,55.88,50.37,10,2.98,-5.51,5.51,High Pressure
2025-07-19,Kibugu-Nguviu,E,1156.8,1120.2,75,PVC,110.0,3.41,47.18,44.86,4,7.75,-2.32,2.32,Normal
2025-07-19,Runyenjes East,A,198.4,1097.6,25,HDPE,259.0,5.85,44.8,43.92,10,6.8,-0.88,0.88,Normal
2025-07-19,Kibugu-Nguviu,G,3831.4,1347.1,63,PVC,312.9,7.71,38.15,34.77,2,3.77,-3.38,3.38,Normal
2025-07-19,Runyenjes East,D,287.6,1194.2,50,GI,107.2,8.85,42.91,44.64,10,2.88,1.73,0.0,Normal
2025-07-19,Kibugu-Nguviu,F,431.4,1172.1,40,PVC,170.7,5.59,49.51,47.43,4,7.52,-2.08,2.08,Normal
2025-07-19,Embu Green,C,2092.5,957.1,40,PVC,455.6,2.55,54.89,58.53,9,4.57,3.64,0.0,High Pressure
2025-07-20,Kibugu-Nguviu,A,2239.2,1176.7,50,PVC,613.7,5.48,39.13,43.49,6,7.67,4.36,0.0,Normal
2025-07-20,Kibugu-Nguviu,H,1723.3,1032.0,90,PVC,71.4,2.87,51.83,45.72,9,5.44,-6.11,6.11,Normal
2025-07-20,Mwea Smallholder,D,2100.6,1016.5,25,PVC,182.6,6.8,53.1,46.62,11,3.87,-6.48,6.48,Normal
2025-07-20,Runyenjes East,B,4533.1,1014.4,25,PVC,434.7,5.49,49.6,59.15,4,0.54,9.55,0.0,High Pressure
2025-07-20,Runyenjes East,C,3420.3,989.1,40,HDPE,687.6,5.64,43.95,45.65,5,4.55,1.7,0.0,Normal
2025-07-20,Mwea Smallholder,D,1879.2,1093.0,40,PVC,459.0,4.98,41.02,33.84,2,5.42,-7.18,7.18,Normal
2025-07-20,Mwea Smallholder,E,4144.4,1342.4,90,PVC,610.1,6.79,26.54,22.63,10,6.7,-3.91,3.91,Normal
2025-07-20,Kibugu-Nguviu,G,255.6,1092.9,25,HDPE,30.8,2.98,51.27,54.47,4,4.29,3.2,0.0,High Pressure
2025-07-20,Embu Green,E,4713.6,1012.2,63,PVC,696.9,3.16,39.46,41.18,9,1.9,1.72,0.0,Normal
2025-07-20,Runyenjes East,C,3182.0,1264.8,40,PVC,755.0,5.51,31.49,31.02,3,3.77,-0.47,0.47,Normal
2025-07-20,Mwea Smallholder,H,464.3,975.9,63,HDPE,49.5,4.95,54.87,59.73,4,3.7,4.86,0.0,High Pressure
2025-07-21,Kibugu-Nguviu,D,1006.2,1102.8,32,PVC,258.4,3.19,45.51,46.26,10,3.62,0.75,0.0,Normal
2025-07-21,Embu Green,C,2646.4,1189.5,50,GI,747.7,1.45,43.46,41.13,5,4.16,-2.33,2.33,Normal
2025-07-21,Embu Green,F,4238.6,1126.1,63,GI,239.0,3.66,40.43,41.11,2,1.45,0.68,0.0,Normal
2025-07-21,Kibugu-Nguviu,H,1282.3,1031.0,75,PVC,434.0,2.35,50.3,45.38,10,3.32,-4.92,4.92,Normal
2025-07-21,Mwea Smallholder,F,992.4,1166.9,50,PVC,98.8,7.92,42.38,45.5,8,3.98,3.12,0.0,Normal
2025-07-21,Mwea Smallholder,E,4632.0,1149.8,63,PVC,509.5,8.46,36.75,40.33,1,2.36,3.58,0.0,Normal
2025-07-21,Runyenjes East,H,583.3,1245.9,50,PVC,335.4,7.91,37.07,32.06,2,3.1,-5.01,5.01,Normal
2025-07-21,Mwea Smallholder,F,2191.4,1113.1,32,PVC,289.1,1.61,43.77,44.59,11,4.1,0.82,0.0,Normal
2025-07-21,Embu Green,A,3322.6,1305.2,63,HDPE,34.3,4.3,41.72,40.49,5,6.53,-1.23,1.23,Normal
2025-07-21,Runyenjes East,B,1995.2,1216.7,32,HDPE,133.5,3.86,43.87,50.19,3,4.48,6.32,0.0,High Pressure
2025-07-21,Mwea Smallholder,H,1195.5,1299.8,50,PVC,679.1,6.47,34.14,35.09,4,7.01,0.95,0.0,Normal
2025-07-21,Kibugu-Nguviu,G,3247.8,1030.3,40,PVC,102.9,7.36,50.14,52.16,4,0.84,2.02,0.0,High Pressure
2025-07-21,Kibugu-Nguviu,G,2562.2,1271.8,25,PVC,170.8,9.34,40.37,40.13,6,2.11,-0.24,0.24,Normal
2025-07-21,Kibugu-Nguviu,G,2419.8,951.6,25,HDPE,497.6,6.55,47.12,40.84,2,5.78,-6.28,6.28,Normal
2025-07-21,Embu Green,B,1152.3,969.7,32,PVC,725.7,6.51,45.98,46.14,9,4.34,0.16,0.0,Normal
2025-07-21,Embu Green,G,1941.6,1338.1,75,HDPE,594.3,5.32,33.44,39.09,11,1.43,5.65,0.0,Normal
2025-07-22,Embu Green,F,2824.8,1148.1,50,PVC,178.9,5.25,50.1,52.36,9,2.93,2.26,0.0,High Pressure
2025-07-22,Mwea Smallholder,E,3772.8,1321.0,25,PVC,322.8,7.7,33.94,40.11,5,1.06,6.17,0.0,Normal
2025-07-22,Mwea Smallholder,B,1671.9,1180.0,50,HDPE,240.3,6.55,44.63,43.56,2,5.22,-1.07,1.07,Normal
2025-07-22,Mwea Smallholder,C,4732.3,990.3,90,PVC,140.5,7.03,48.7,46.6,6,3.33,-2.1,2.1,Normal
2025-07-22,Runyenjes East,E,3369.4,1002.3,50,GI,768.9,6.6,42.95,41.38,7,2.05,-1.57,1.57,Normal
2025-07-22,Embu Green,A,1696.3,1054.9,40,PVC,706.6,5.51,44.67,37.06,11,3.74,-7.61,7.61,Normal
2025-07-22,Mwea Smallholder,F,1959.5,1021.4,50,PVC,329.9,3.89,47.92,48.51,7,6.84,0.59,0.0,Normal
2025-07-22,Mwea Smallholder,G,1325.3,1189.8,40,PVC,759.6,4.59,38.66,36.48,11,4.72,-2.18,2.18,Normal
2025-07-22,Embu Green,B,2666.7,1141.4,90,PVC,174.8,7.09,48.52,45.68,4,6.59,-2.84,2.84,Normal
2025-07-22,Embu Green,H,1835.9,1000.7,32,HDPE,373.7,4.2,49.21,48.0,1,2.78,-1.21,1.21,Normal
2025-07-23,Runyenjes East,E,3072.9,1069.1,63,HDPE,64.2,5.29,50.33,44.86,9,7.7,-5.47,5.47,Normal
2025-07-23,Kibugu-Nguviu,B,3034.7,1084.4,75,PVC,221.7,3.13,42.38,44.04,1,5.25,1.66,0.0,Normal
2025-07-23,Mwea Smallholder,F,2121.6,1289.6,90,PVC,448.5,2.31,33.86,34.8,3,4.48,0.94,0.0,Normal
2025-07-23,Runyenjes East,F,554.4,1119.1,50,HDPE,125.1,5.82,47.9,45.02,1,3.89,-2.88,2.88,Normal
2025-07-23,Kibugu-Nguviu,B,3678.3,1243.7,32,HDPE,690.5,5.55,33.06,25.78,4,4.38,-7.28,7.28,Normal
2025-07-23,Kibugu-Nguviu,G,3294.6,1082.0,75,PVC,479.8,3.43,45.22,44.15,5,3.55,-1.07,1.07,Normal
2025-07-23,Runyenjes East,D,3099.8,1324.6,50,PVC,800.0,2.44,26.13,25.78,5,7.61,-0.35,0.35,Normal
2025-07-24,Runyenjes East,C,3092.2,1076.3,40,GI,386.5,2.13,45.86,47.26,10,2.22,1.4,0.0,Normal
2025-07-24,Mwea Smallholder,G,2277.8,1004.6,40,GI,279.0,6.98,49.79,53.33,4,0.57,3.54,0.0,High Pressure
2025-07-24,Kibugu-Nguviu,H,466.8,1275.3,90,PVC,489.1,5.4,37.15,41.41,6,5.38,4.26,0.0,Normal
2025-07-24,Mwea Smallholder,B,4093.2,1248.4,50,PVC,107.6,3.85,37.77,36.26,10,5.75,-1.51,1.51,Normal
2025-07-25,Runyenjes East,A,2553.9,1246.3,40,GI,359.8,6.59,37.99,37.51,2,1.05,-0.48,0.48,Normal
2025-07-25,Kibugu-Nguviu,B,3914.5,1100.9,75,PVC,417.2,5.52,48.06,35.79,5,3.93,-12.27,12.27,Normal
2025-07-25,Embu Green,C,3793.9,959.7,40,HDPE,183.9,3.37,54.91,52.01,2,1.42,-2.9,2.9,High Pressure
2025-07-25,Embu Green,F,4803.3,1233.4,40,PVC,277.1,3.49,40.78,32.86,7,2.6,-7.92,7.92,Normal
2025-07-25,Kibugu-Nguviu,E,2014.7,1311.6,40,HDPE,208.8,7.68,42.48,49.27,5,3.28,6.79,0.0,Normal
2025-07-25,Mwea Smallholder,F,4625.1,1148.0,63,GI,66.8,4.75,48.4,41.59,1,3.55,-6.81,6.81,Normal
2025-07-25,Mwea Smallholder,C,2230.8,1290.0,75,PVC,239.1,5.28,39.44,36.2,6,4.36,-3.24,3.24,Normal
2025-07-26,Runyenjes East,D,1170.9,1121.2,40,PVC,49.2,4.54,50.07,49.95,7,7.84,-0.12,0.12,Normal
2025-07-26,Mwea Smallholder,H,3042.4,1280.6,32,PVC,116.4,6.63,39.91,27.1,6,4.13,-12.81,12.81,Normal
2025-07-26,Runyenjes East,C,790.8,1162.8,50,PVC,184.2,5.31,40.66,34.5,2,3.52,-6.16,6.16,Normal
2025-07-26,Embu Green,H,1415.7,1025.0,63,PVC,263.8,4.1,51.65,45.03,4,1.1,-6.62,6.62,Normal
2025-07-26,Kibugu-Nguviu,H,2097.8,1272.0,63,HDPE,162.2,4.04,42.86,34.39,8,6.11,-8.47,8.47,Normal
2025-07-26,Kibugu-Nguviu,B,1633.4,1288.2,40,GI,656.4,3.21,32.63,30.92,8,1.45,-1.71,1.71,Normal
2025-07-26,Mwea Smallholder,E,214.1,1311.4,32,PVC,708.7,3.05,30.83,25.18,3,5.94,-5.65,5.65,Normal
2025-07-27,Runyenjes East,B,4045.7,1075.8,75,PVC,49.6,2.66,46.76,41.61,10,6.57,-5.15,5.15,Normal
2025-07-27,Embu Green,A,565.9,1164.2,40,PVC,265.4,4.25,40.59,45.14,1,5.1,4.55,0.0,Normal
2025-07-27,Runyenjes East,G,665.6,1243.4,50,HDPE,63.2,2.41,43.68,48.47,10,7.65,4.79,0.0,Normal
2025-07-27,Mwea Smallholder,G,3255.7,1232.6,40,PVC,205.8,6.05,34.58,40.2,9,1.76,5.62,0.0,Normal
2025-07-27,Kibugu-Nguviu,C,2871.8,1246.0,63,PVC,401.6,2.92,38.57,28.08,8,1.09,-10.49,10.49,Normal
2025-07-27,Embu Green,D,968.8,1106.3,50,PVC,768.1,0.5,37.64,33.57,2,6.36,-4.07,4.07,Normal
2025-07-27,Kibugu-Nguviu,A,3332.5,1176.5,90,PVC,722.4,1.2,33.44,32.93,9,1.55,-0.51,0.51,Normal
2025-07-27,Kibugu-Nguviu,D,308.2,1223.3,75,HDPE,626.7,4.07,37.48,35.38,9,5.23,-2.1,2.1,Normal
2025-07-27,Mwea Smallholder,B,4252.3,973.0,90,HDPE,251.9,3.99,49.51,44.83,3,0.6,-4.68,4.68,Normal
2025-07-27,Runyenjes East,G,3951.8,1277.5,90,PVC,518.1,4.6,36.55,38.7,9,7.41,2.15,0.0,Normal
2025-07-28,Runyenjes East,A,1080.0,1009.6,50,PVC,113.5,4.64,49.14,45.57,3,1.6,-3.57,3.57,Normal
2025-07-28,Embu Green,D,1813.0,1315.4,63,HDPE,536.5,6.33,31.76,32.16,5,1.54,0.4,0.0,Normal
2025-07-28,Embu Green,H,4922.9,1311.1,90,GI,265.5,6.01,34.7,37.17,2,1.56,2.47,0.0,Normal
2025-07-28,Embu Green,C,3302.4,999.8,32,PVC,193.4,5.18,51.53,54.19,1,5.85,2.66,0.0,High Pressure
2025-07-28,Embu Green,D,3273.5,1139.0,40,HDPE,198.0,1.99,46.87,46.6,3,5.92,-0.27,0.27,Normal
2025-07-28,Mwea Smallholder,D,419.8,1184.6,90,HDPE,39.6,4.97,43.24,38.38,11,0.67,-4.86,4.86,Normal
2025-07-28,Kibugu-Nguviu,G,2394.9,1263.4,90,GI,686.1,6.81,35.48,31.92,2,5.08,-3.56,3.56,Normal
2025-07-28,Kibugu-Nguviu,E,4198.4,1009.2,75,PVC,466.1,4.01,43.1,47.87,8,4.31,4.77,0.0,Normal
2025-07-28,Runyenjes East,F,4520.0,1025.1,25,HDPE,59.6,4.46,50.88,51.47,4,5.64,0.59,0.0,High Pressure
2025-07-28,Mwea Smallholder,D,179.7,972.0,63,PVC,358.1,5.32,48.56,47.71,8,3.74,-0.85,0.85,Normal
2025-07-29,Mwea Smallholder,F,1277.4,1308.3,50,PVC,793.5,5.72,28.3,25.76,8,3.49,-2.54,2.54,Normal
2025-07-29,Mwea Smallholder,H,324.2,1076.9,90,PVC,346.6,2.2,48.0,46.74,3,5.44,-1.26,1.26,Normal
2025-07-29,Mwea Smallholder,B,0.1,1137.2,63,GI,387.4,6.48,44.53,42.07,2,3.88,-2.46,2.46,Normal
2025-07-29,Kibugu-Nguviu,A,379.3,1167.0,90,HDPE,365.0,5.35,41.54,34.97,2,0.73,-6.57,6.57,Normal
2025-07-29,Runyenjes East,F,2089.4,1165.1,50,PVC,673.5,5.89,36.98,38.36,3,1.8,1.38,0.0,Normal
2025-07-29,Kibugu-Nguviu,B,4429.9,1276.0,25,HDPE,673.5,6.14,28.64,24.33,5,3.96,-4.31,4.31,Normal
2025-07-29,Kibugu-Nguviu,G,3100.5,1205.7,63,PVC,528.6,5.46,36.89,35.57,10,6.66,-1.32,1.32,Normal
2025-07-29,Runyenjes East,E,3513.5,1230.1,50,PVC,305.0,5.4,35.02,30.72,10,2.83,-4.3,4.3,Normal
2025-07-29,Runyenjes East,B,514.6,1061.8,50,PVC,36.3,2.43,49.8,48.33,10,1.29,-1.47,1.47,Normal
2025-07-29,Mwea Smallholder,B,776.6,1137.1,25,PVC,325.4,1.79,49.53,53.38,2,2.32,3.85,0.0,High Pressure
2025-07-30,Mwea Smallholder,H,682.5,1237.0,40,HDPE,88.6,4.98,48.05,45.35,9,4.44,-2.7,2.7,Normal
2025-07-30,Runyenjes East,F,4104.6,1107.3,75,PVC,157.3,6.58,44.46,46.08,5,4.09,1.62,0.0,Normal
2025-07-30,Runyenjes East,B,3104.0,1229.6,75,PVC,773.9,3.63,33.3,31.75,3,5.37,-1.55,1.55,Normal
2025-07-30,Runyenjes East,F,4478.4,1088.2,40,PVC,133.4,2.86,50.28,37.68,2,1.39,-12.6,12.6,Normal
2025-07-30,Mwea Smallholder,B,274.5,1015.5,63,GI,761.6,7.2,49.28,33.17,4,4.52,-16.11,16.11,Normal
2025-07-30,Runyenjes East,F,1626.9,1123.9,40,HDPE,168.2,4.95,41.57,40.78,1,3.55,-0.79,0.79,Normal
2025-07-30,Mwea Smallholder,D,3793.5,954.7,40,PVC,119.5,3.06,57.2,56.98,9,1.88,-0.22,0.22,High Pressure
2025-07-30,Embu Green,C,4742.7,1147.0,50,HDPE,63.2,6.25,42.46,45.01,7,6.02,2.55,0.0,Normal
2025-07-31,Mwea Smallholder,G,1935.1,982.4,63,PVC,795.1,6.37,40.94,41.22,9,0.77,0.28,0.0,Normal
2025-07-31,Kibugu-Nguviu,D,3116.3,1125.6,50,PVC,701.0,4.3,31.61,34.01,6,4.28,2.4,0.0,Normal
2025-07-31,Embu Green,A,3741.9,1126.7,32,HDPE,76.7,3.15,42.11,41.81,11,3.17,-0.3,0.3,Normal
2025-07-31,Mwea Smallholder,B,3360.0,1160.8,25,HDPE,383.8,2.93,35.03,34.95,6,0.57,-0.08,0.08,Normal
2025-07-31,Embu Green,D,2287.9,1338.3,63,PVC,129.0,5.88,34.69,25.18,11,2.62,-9.51,9.51,Normal
2025-07-31,Embu Green,E,2746.7,1290.8,25,PVC,543.1,4.46,31.02,37.47,7,6.18,6.45,0.0,Normal
2025-07-31,Runyenjes East,G,1265.0,1155.9,40,PVC,254.3,1.86,42.11,31.95,1,1.44,-10.16,10.16,Normal
2025-07-31,Kibugu-Nguviu,A,4157.1,1247.4,40,HDPE,447.4,9.0,34.9,23.05,8,3.22,-11.85,11.85,Normal
2025-07-31,Mwea Smallholder,F,1404.6,1209.3,90,HDPE,433.5,2.33,36.41,38.66,6,4.51,2.25,0.0,Normal
2025-08-01,Embu Green,D,997.4,1261.2,32,PVC,582.3,4.81,33.75,36.9,3,3.53,3.15,0.0,Normal
2025-08-01,Mwea Smallholder,D,3295.0,1068.4,50,HDPE,122.1,7.06,47.69,55.35,5,1.76,7.66,0.0,High Pressure
2025-08-01,Mwea Smallholder,C,94.9,1108.6,50,HDPE,418.6,4.43,38.3,37.15,7,7.8,-1.15,1.15,Normal
2025-08-01,Kibugu-Nguviu,F,3323.3,1173.4,50,PVC,227.8,1.94,35.06,30.74,8,6.06,-4.32,4.32,Normal
2025-08-02,Mwea Smallholder,G,4087.9,1016.2,63,GI,232.7,3.87,48.12,49.58,7,1.14,1.46,0.0,Normal
2025-08-02,Runyenjes East,C,4253.6,1007.8,63,HDPE,415.0,6.71,50.21,48.48,5,3.76,-1.73,1.73,Normal
2025-08-02,Mwea Smallholder,H,4446.5,1055.2,25,PVC,496.8,4.18,49.63,56.28,10,1.03,6.65,0.0,High Pressure
2025-08-02,Kibugu-Nguviu,G,4882.4,1073.5,32,PVC,213.7,3.23,47.64,41.97,11,4.53,-5.67,5.67,Normal
2025-08-02,Runyenjes East,C,4593.5,953.6,63,HDPE,371.2,6.78,52.21,43.13,7,4.27,-9.08,9.08,Normal
2025-08-02,Kibugu-Nguviu,G,4769.4,996.4,50,HDPE,379.6,4.39,52.94,54.91,3,0.93,1.97,0.0,High Pressure
2025-08-02,Embu Green,B,645.4,1233.4,32,PVC,176.2,5.47,37.19,36.09,9,4.64,-1.1,1.1,Normal
2025-08-03,Embu Green,H,1856.2,1233.0,63,PVC,295.3,4.43,40.24,43.11,7,3.26,2.87,0.0,Normal
2025-08-03,Mwea Smallholder,D,4116.1,1105.5,75,HDPE,204.5,4.32,46.07,47.13,11,4.26,1.06,0.0,Normal
2025-08-03,Mwea Smallholder,D,2757.3,1165.8,32,PVC,250.6,4.31,42.15,32.42,7,3.5,-9.73,9.73,Normal
2025-08-03,Kibugu-Nguviu,E,1411.6,952.4,40,PVC,352.4,2.79,47.39,38.84,11,6.27,-8.55,8.55,Normal
2025-08-03,Runyenjes East,B,4168.5,1170.3,40,HDPE,201.5,6.74,37.01,39.59,7,6.31,2.58,0.0,Normal
2025-08-03,Embu Green,G,2267.8,1105.3,90,PVC,50.2,5.96,45.88,48.14,11,3.89,2.26,0.0,Normal
2025-08-03,Kibugu-Nguviu,B,1414.1,1326.1,40,PVC,365.3,4.1,33.52,29.61,1,7.94,-3.91,3.91,Normal
2025-08-03,Mwea Smallholder,F,3929.7,1150.7,90,HDPE,174.9,8.59,44.06,46.79,5,6.95,2.73,0.0,Normal
2025-08-03,Mwea Smallholder,A,4901.2,1064.7,40,GI,99.4,10.35,53.04,52.63,6,3.13,-0.41,0.41,High Pressure
2025-08-03,Kibugu-Nguviu,A,1019.3,1188.0,63,PVC,794.9,6.33,36.47,35.33,2,7.52,-1.14,1.14,Normal
2025-08-04,Mwea Smallholder,G,2852.9,1239.6,50,PVC,773.7,2.99,37.5,39.97,2,2.42,2.47,0.0,Normal
2025-08-04,Runyenjes East,E,1126.9,1036.6,25,PVC,577.0,3.16,50.48,47.19,9,6.0,-3.29,3.29,Normal
2025-08-04,Embu Green,C,550.7,1073.3,90,HDPE,577.0,3.24,41.59,47.5,2,0.83,5.91,0.0,Normal
2025-08-04,Runyenjes East,G,4321.7,964.3,50,PVC,266.8,5.1,56.61,59.38,1,6.49,2.77,0.0,High Pressure
2025-08-04,Kibugu-Nguviu,F,4686.6,1198.3,63,PVC,516.8,6.36,37.68,36.34,1,0.93,-1.34,1.34,Normal
2025-08-04,Kibugu-Nguviu,D,316.6,1278.1,63,PVC,667.5,1.96,38.82,33.87,2,7.57,-4.95,4.95,Normal
2025-08-04,Kibugu-Nguviu,E,71.2,1222.9,75,HDPE,606.5,3.04,36.6,40.47,9,5.99,3.87,0.0,Normal
2025-08-05,Kibugu-Nguviu,A,2942.4,1161.7,90,PVC,710.3,4.05,40.39,32.67,11,2.04,-7.72,7.72,Normal
2025-08-05,Embu Green,D,3405.6,1029.8,40,GI,760.8,4.35,40.11,34.53,3,7.39,-5.58,5.58,Normal
2025-08-05,Embu Green,E,1641.3,1265.2,50,PVC,436.2,8.42,35.11,16.9,11,4.36,-18.21,18.21,Normal
2025-08-05,Embu Green,C,2926.0,952.5,63,PVC,689.6,5.0,46.56,48.74,11,1.64,2.18,0.0,Normal
2025-08-05,Kibugu-Nguviu,B,488.1,987.9,90,PVC,578.6,7.2,42.93,42.33,1,4.51,-0.6,0.6,Normal
2025-08-05,Kibugu-Nguviu,C,3774.3,1349.2,50,PVC,337.5,6.49,27.69,30.36,2,6.17,2.67,0.0,Normal
2025-08-07,Runyenjes East,E,678.2,1272.4,32,PVC,583.5,3.36,32.82,33.8,3,7.02,0.98,0.0,Normal
2025-08-07,Mwea Smallholder,D,4181.1,953.5,25,HDPE,624.4,2.31,43.67,48.38,4,5.58,4.71,0.0,Normal
2025-08-07,Runyenjes East,C,3979.2,1260.4,90,HDPE,437.7,3.75,35.59,37.84,4,5.84,2.25,0.0,Normal
2025-08-07,Kibugu-Nguviu,F,3080.5,1018.0,90,PVC,213.7,8.37,46.07,46.69,6,4.92,0.62,0.0,Normal
2025-08-07,Embu Green,E,3569.0,991.6,90,PVC,389.5,3.36,47.18,42.25,10,1.88,-4.93,4.93,Normal
2025-08-07,Kibugu-Nguviu,G,3635.6,1055.6,90,HDPE,545.2,3.73,44.52,35.0,2,3.7,-9.52,9.52,Normal
2025-08-07,Kibugu-Nguviu,E,2336.1,1012.9,90,HDPE,305.8,3.67,45.22,39.58,3,7.3,-5.64,5.64,Normal
2025-08-07,Embu Green,C,906.8,1196.0,63,HDPE,705.7,6.54,34.6,34.11,3,5.67,-0.49,0.49,Normal
2025-08-07,Runyenjes East,B,3674.1,1200.2,40,HDPE,330.1,3.84,43.4,35.19,8,6.53,-8.21,8.21,Normal
2025-08-07,Runyenjes East,B,493.9,1202.6,40,HDPE,795.5,5.63,35.27,34.83,10,3.47,-0.44,0.44,Normal
2025-08-08,Mwea Smallholder,D,3314.0,1315.0,90,PVC,146.9,3.7,30.65,27.19,8,6.64,-3.46,3.46,Normal
2025-08-08,Runyenjes East,F,4667.4,1261.7,90,PVC,441.7,6.38,34.56,30.26,5,6.72,-4.3,4.3,Normal
2025-08-08,Kibugu-Nguviu,D,3066.5,1071.8,75,PVC,175.9,9.98,45.52,38.11,7,4.19,-7.41,7.41,Normal
2025-08-08,Kibugu-Nguviu,D,1073.8,1277.8,75,HDPE,789.8,3.5,30.62,30.41,1,2.15,-0.21,0.21,Normal
2025-08-08,Embu Green,G,2054.3,1304.5,90,PVC,175.5,3.06,31.91,34.52,1,2.39,2.61,0.0,Normal
2025-08-08,Kibugu-Nguviu,C,2591.8,1241.8,50,HDPE,255.6,3.9,41.95,32.35,8,4.83,-9.6,9.6,Normal
2025-08-08,Embu Green,G,3147.1,1056.8,50,PVC,191.8,6.16,49.24,44.87,4,3.97,-4.37,4.37,Normal
2025-08-09,Embu Green,E,2840.3,1100.4,40,GI,256.5,4.34,45.04,43.38,2,5.14,-1.66,1.66,Normal
2025-08-09,Mwea Smallholder,B,3709.0,1184.6,40,GI,273.1,6.56,37.26,31.79,7,0.93,-5.47,5.47,Normal
2025-08-09,Mwea Smallholder,F,1732.2,1128.5,75,PVC,69.7,4.9,42.57,38.91,8,4.02,-3.66,3.66,Normal
2025-08-09,Kibugu-Nguviu,B,2392.0,1096.6,40,HDPE,675.3,4.64,41.57,36.21,11,7.35,-5.36,5.36,Normal
2025-08-09,Embu Green,F,3174.9,1062.8,63,HDPE,729.8,2.34,37.83,27.29,11,6.19,-10.54,10.54,Normal
2025-08-10,Kibugu-Nguviu,F,2167.6,1152.0,75,PVC,669.2,4.58,31.56,22.59,11,6.39,-8.97,8.97,Normal
2025-08-10,Kibugu-Nguviu,C,598.9,1282.3,63,PVC,635.8,5.9,32.7,34.54,1,2.8,1.84,0.0,Normal
2025-08-11,Embu Green,G,2838.3,1120.6,75,PVC,757.3,5.7,39.34,34.87,7,2.38,-4.47,4.47,Normal
2025-08-11,Embu Green,F,3110.6,1030.8,63,PVC,634.1,5.91,45.57,44.27,4,1.89,-1.3,1.3,Normal
2025-08-11,Mwea Smallholder,D,1768.1,1167.9,75,PVC,501.5,2.49,41.05,46.75,11,3.12,5.7,0.0,Normal
2025-08-11,Kibugu-Nguviu,F,1880.7,1237.4,75,PVC,700.5,5.36,31.86,33.41,9,1.72,1.55,0.0,Normal
2025-08-11,Mwea Smallholder,H,1734.0,1204.6,32,PVC,720.3,6.13,36.39,34.46,4,2.43,-1.93,1.93,Normal
2025-08-11,Kibugu-Nguviu,B,1189.7,1298.3,63,HDPE,413.5,5.46,32.84,32.16,1,7.49,-0.68,0.68,Normal
2025-08-12,Mwea Smallholder,B,4907.2,1268.1,63,HDPE,320.4,4.01,33.33,32.37,11,2.92,-0.96,0.96,Normal
2025-08-12,Kibugu-Nguviu,D,4075.4,996.6,32,PVC,638.7,2.89,42.07,37.49,5,3.69,-4.58,4.58,Normal
2025-08-12,Mwea Smallholder,A,2541.8,1024.0,63,PVC,213.9,6.14,48.39,48.03,2,2.33,-0.36,0.36,Normal
2025-08-12,Kibugu-Nguviu,F,4686.7,1248.1,50,PVC,610.9,6.64,33.64,32.67,11,6.11,-0.97,0.97,Normal
2025-08-12,Runyenjes East,G,651.6,1255.6,75,PVC,720.9,3.69,34.31,32.33,5,2.89,-1.98,1.98,Normal
2025-08-12,Runyenjes East,H,3510.9,1003.1,40,HDPE,336.3,7.46,50.74,46.37,6,5.13,-4.37,4.37,Normal
2025-08-12,Embu Green,F,2711.4,1081.1,90,PVC,268.3,4.73,47.38,49.26,8,2.34,1.88,0.0,Normal
2025-08-12,Mwea Smallholder,G,2283.9,1236.9,50,HDPE,433.1,4.64,31.24,26.0,4,5.42,-5.24,5.24,Normal
2025-08-12,Embu Green,B,1646.3,1132.5,90,PVC,411.0,5.1,45.78,39.71,8,4.95,-6.07,6.07,Normal
2025-08-13,Runyenjes East,F,4409.7,1243.9,90,PVC,265.3,6.01,38.32,32.51,1,5.52,-5.81,5.81,Normal
2025-08-13,Kibugu-Nguviu,H,4968.4,1104.0,63,PVC,556.0,8.69,41.99,41.4,10,2.5,-0.59,0.59,Normal
2025-08-13,Kibugu-Nguviu,H,1797.2,1127.2,40,PVC,511.3,4.29,49.18,50.59,1,2.87,1.41,0.0,High Pressure
2025-08-13,Mwea Smallholder,G,671.4,1040.5,90,GI,504.8,1.83,41.65,44.79,2,5.23,3.14,0.0,Normal
2025-08-13,Runyenjes East,H,3158.6,1098.6,32,GI,53.8,4.64,46.28,48.49,9,3.13,2.21,0.0,Normal
2025-08-13,Embu Green,F,3158.4,969.7,63,HDPE,213.7,3.82,50.6,46.25,10,1.7,-4.35,4.35,Normal
2025-08-13,Runyenjes East,F,2149.9,1019.7,40,PVC,461.4,5.95,44.78,42.2,1,6.15,-2.58,2.58,Normal
2025-08-13,Runyenjes East,A,533.7,1297.8,50,HDPE,273.3,4.07,35.66,32.07,2,2.42,-3.59,3.59,Normal
2025-08-13,Runyenjes East,A,2590.3,959.1,90,PVC,561.1,5.74,44.19,42.79,6,5.98,-1.4,1.4,Normal
2025-08-13,Mwea Smallholder,G,4525.3,1136.1,63,PVC,629.5,5.09,40.79,40.01,3,3.64,-0.78,0.78,Normal
2025-08-13,Kibugu-Nguviu,F,2523.3,1271.3,32,HDPE,69.9,6.47,46.26,41.94,8,4.67,-4.32,4.32,Normal
2025-08-13,Embu Green,A,3568.7,1038.7,25,HDPE,85.6,5.91,51.77,48.58,10,4.28,-3.19,3.19,Normal
2025-08-14,Mwea Smallholder,G,4375.7,1039.1,32,HDPE,559.1,7.23,44.01,48.11,8,7.23,4.1,0.0,Normal
2025-08-14,Mwea Smallholder,H,3631.6,960.1,63,PVC,713.8,3.51,47.41,45.64,2,2.11,-1.77,1.77,Normal
2025-08-14,Mwea Smallholder,G,248.1,1126.5,50,GI,658.9,6.57,30.82,26.65,1,5.34,-4.17,4.17,Normal
2025-08-14,Embu Green,A,244.7,1175.3,40,GI,775.8,6.62,40.78,31.24,9,7.1,-9.54,9.54,Normal
2025-08-14,Runyenjes East,B,128.4,1195.2,50,PVC,592.0,2.89,36.69,31.83,4,2.76,-4.86,4.86,Normal
2025-08-14,Runyenjes East,G,4078.4,1261.0,75,PVC,681.2,5.27,32.31,35.8,8,7.07,3.49,0.0,Normal
2025-08-14,Mwea Smallholder,H,2685.3,1240.2,63,PVC,352.7,3.9,35.96,35.9,11,5.36,-0.06,0.06,Normal
2025-08-14,Mwea Smallholder,E,3938.8,1332.0,50,PVC,72.8,3.55,36.38,33.06,10,6.59,-3.32,3.32,Normal
2025-08-14,Runyenjes East,H,3495.0,1284.4,75,HDPE,759.1,5.33,34.21,39.87,1,7.04,5.66,0.0,Normal
2025-08-15,Kibugu-Nguviu,H,1356.0,1211.6,63,PVC,276.0,5.03,39.7,42.23,9,3.74,2.53,0.0,Normal
2025-08-15,Kibugu-Nguviu,F,1605.7,1151.3,25,HDPE,63.0,4.26,49.77,43.19,10,2.36,-6.58,6.58,Normal
2025-08-15,Runyenjes East,G,4751.6,1148.3,63,PVC,702.2,2.85,35.71,30.27,10,1.03,-5.44,5.44,Normal
2025-08-15,Mwea Smallholder,A,3033.8,1085.7,40,PVC,217.7,6.21,48.52,53.95,7,3.6,5.43,0.0,High Pressure
2025-08-15,Kibugu-Nguviu,A,294.9,1300.9,32,HDPE,681.1,6.03,26.71,30.19,8,6.39,3.48,0.0,Normal
2025-08-15,Embu Green,D,3165.0,1087.4,63,HDPE,381.1,8.03,45.9,44.2,11,3.92,-1.7,1.7,Normal
2025-08-16,Runyenjes East,H,3808.2,1257.0,50,GI,370.4,7.4,35.99,35.83,5,2.66,-0.16,0.16,Normal
2025-08-16,Runyenjes East,B,3255.3,1264.5,75,PVC,636.5,9.09,29.95,26.71,5,2.19,-3.24,3.24,Normal
2025-08-16,Mwea Smallholder,A,3744.8,1163.6,25,PVC,349.6,3.49,39.58,41.83,11,0.69,2.25,0.0,Normal
2025-08-16,Mwea Smallholder,B,4913.4,1058.2,90,HDPE,178.0,5.36,51.64,51.83,1,6.18,0.19,0.0,High Pressure
2025-08-17,Embu Green,B,3920.6,1110.8,90,PVC,378.6,6.91,40.68,34.69,11,5.6,-5.99,5.99,Normal
2025-08-17,Runyenjes East,F,1678.6,1301.6,40,PVC,443.6,3.47,33.1,32.03,11,7.66,-1.07,1.07,Normal
2025-08-17,Mwea Smallholder,C,3912.1,1057.8,63,HDPE,218.6,3.15,47.58,53.07,5,2.25,5.49,0.0,High Pressure
2025-08-17,Embu Green,A,423.6,1348.4,50,PVC,261.0,5.51,30.93,28.42,11,2.94,-2.51,2.51,Normal
2025-08-17,Embu Green,D,3153.7,991.1,75,GI,588.2,6.22,45.97,48.83,7,3.42,2.86,0.0,Normal
2025-08-18,Kibugu-Nguviu,E,719.2,1135.8,32,PVC,402.3,6.19,39.41,43.64,11,1.44,4.23,0.0,Normal
2025-08-18,Runyenjes East,F,1175.6,1180.4,32,PVC,509.0,7.53,40.41,38.76,1,6.78,-1.65,1.65,Normal
2025-08-18,Mwea Smallholder,B,3243.5,1305.9,90,PVC,726.7,6.41,26.12,26.93,5,6.74,0.81,0.0,Normal
2025-08-18,Mwea Smallholder,A,4182.3,977.4,25,HDPE,200.4,6.66,50.31,54.06,7,6.2,3.75,0.0,High Pressure
2025-08-18,Kibugu-Nguviu,E,671.9,1033.1,75,HDPE,102.0,0.5,54.45,43.9,3,3.47,-10.55,10.55,Normal
2025-08-18,Mwea Smallholder,D,4971.1,1046.7,25,HDPE,518.8,1.9,46.08,37.71,1,1.47,-8.37,8.37,Normal
2025-08-19,Embu Green,C,2078.4,1026.4,75,PVC,702.8,2.57,42.42,42.76,10,7.32,0.34,0.0,Normal
2025-08-19,Embu Green,B,2781.3,1324.1,63,PVC,217.2,5.5,36.64,36.85,5,3.32,0.21,0.0,Normal
2025-08-19,Embu Green,D,3804.0,1132.6,75,PVC,325.7,3.35,44.95,44.14,9,4.33,-0.81,0.81,Normal
2025-08-19,Runyenjes East,H,917.6,1099.1,25,PVC,299.3,6.34,46.92,45.82,5,6.78,-1.1,1.1,Normal
2025-08-19,Runyenjes East,F,4396.2,1050.2,50,PVC,346.4,6.19,41.69,36.01,9,4.07,-5.68,5.68,Normal
2025-08-20,Runyenjes East,D,4913.2,967.3,40,GI,572.1,6.02,49.85,49.76,2,3.31,-0.09,0.09,Normal
2025-08-20,Mwea Smallholder,E,2832.7,1040.2,50,PVC,125.1,6.01,48.79,35.02,6,5.09,-13.77,13.77,Normal
2025-08-20,Runyenjes East,B,4116.1,1284.5,63,HDPE,112.9,4.32,38.7,31.36,5,6.52,-7.34,7.34,Normal
2025-08-20,Embu Green,G,2038.9,985.3,50,PVC,713.5,4.1,44.47,49.79,9,6.62,5.32,0.0,Normal
2025-08-20,Mwea Smallholder,H,1162.1,1042.6,63,PVC,123.1,8.83,54.86,60.84,2,0.61,5.98,0.0,High Pressure
2025-08-20,Mwea Smallholder,G,486.4,1135.8,63,PVC,32.5,5.45,49.17,45.62,1,5.56,-3.55,3.55,Normal
2025-08-20,Runyenjes East,B,2549.0,1261.2,75,HDPE,421.7,7.43,38.09,31.85,5,5.6,-6.24,6.24,Normal
2025-08-20,Embu Green,G,1299.0,1335.6,75,GI,362.0,7.81,29.29,32.98,2,6.3,3.69,0.0,Normal
2025-08-20,Embu Green,F,4183.4,1011.4,40,PVC,255.6,6.1,47.71,44.24,8,1.26,-3.47,3.47,Normal
2025-08-21,Runyenjes East,E,4734.9,1343.3,75,HDPE,505.6,3.27,37.16,39.78,8,5.51,2.62,0.0,Normal
2025-08-21,Runyenjes East,E,3994.3,1082.9,63,PVC,561.2,5.27,40.9,41.54,5,5.26,0.64,0.0,Normal
2025-08-21,Embu Green,H,732.1,1146.3,50,HDPE,743.1,1.84,38.62,39.0,4,3.44,0.38,0.0,Normal
2025-08-21,Embu Green,E,3210.6,1035.3,40,PVC,630.8,4.33,42.43,45.08,6,7.69,2.65,0.0,Normal
2025-08-21,Kibugu-Nguviu,H,1257.1,1342.3,63,HDPE,620.6,5.52,31.4,26.42,5,4.15,-4.98,4.98,Normal
2025-08-21,Kibugu-Nguviu,E,665.1,1102.2,63,GI,231.2,4.7,49.56,44.81,2,6.58,-4.75,4.75,Normal
2025-08-21,Mwea Smallholder,B,1497.4,1319.9,40,GI,384.8,5.82,33.07,35.48,4,2.41,2.41,0.0,Normal
2025-08-21,Runyenjes East,A,2534.1,1078.8,50,PVC,487.2,5.48,45.7,46.62,3,7.26,0.92,0.0,Normal
2025-08-21,Runyenjes East,E,1269.5,1328.1,40,PVC,159.1,7.71,32.44,37.26,6,3.12,4.82,0.0,Normal
2025-08-21,Embu Green,B,3234.1,1315.5,50,PVC,173.1,2.92,36.56,34.73,6,0.58,-1.83,1.83,Normal
2025-08-22,Mwea Smallholder,A,4331.7,952.6,90,HDPE,168.3,5.61,58.55,53.08,11,6.93,-5.47,5.47,High Pressure
2025-08-22,Mwea Smallholder,H,887.8,1315.5,63,HDPE,284.0,3.12,43.75,40.68,4,5.54,-3.07,3.07,Normal
2025-08-22,Kibugu-Nguviu,E,1787.8,1328.9,75,PVC,133.5,6.4,39.49,44.07,3,0.98,4.58,0.0,Normal
2025-08-22,Mwea Smallholder,F,1014.8,1319.9,25,PVC,385.1,6.64,36.64,31.76,1,7.91,-4.88,4.88,Normal
2025-08-22,Mwea Smallholder,G,784.0,1262.1,32,PVC,258.6,5.55,36.48,37.91,1,3.73,1.43,0.0,Normal
2025-08-22,Kibugu-Nguviu,F,2626.6,1348.0,90,PVC,459.4,6.23,29.2,34.08,2,4.07,4.88,0.0,Normal
2025-08-22,Kibugu-Nguviu,H,3980.0,1093.2,75,PVC,138.9,4.19,46.39,43.79,9,3.37,-2.6,2.6,Normal
2025-08-22,Kibugu-Nguviu,E,1750.1,1331.1,63,GI,413.6,3.29,35.45,37.31,10,2.82,1.86,0.0,Normal
2025-08-22,Mwea Smallholder,D,1427.7,1113.4,32,GI,438.7,2.78,40.09,42.81,8,1.29,2.72,0.0,Normal
2025-08-22,Embu Green,C,1975.4,1143.2,50,PVC,155.1,9.42,43.75,41.41,7,7.94,-2.34,2.34,Normal
2025-08-23,Embu Green,G,3461.6,973.6,40,PVC,657.6,4.86,48.89,43.19,11,5.81,-5.7,5.7,Normal
2025-08-23,Mwea Smallholder,A,4846.8,1189.3,50,PVC,776.7,5.62,32.42,31.3,4,2.18,-1.12,1.12,Normal
2025-08-23,Mwea Smallholder,C,4207.9,1002.5,63,PVC,712.8,5.19,39.42,32.99,9,6.75,-6.43,6.43,Normal
2025-08-23,Runyenjes East,H,162.8,1299.6,63,PVC,470.7,4.93,33.12,26.76,8,1.1,-6.36,6.36,Normal
2025-08-23,Kibugu-Nguviu,F,2827.8,1190.5,75,PVC,254.1,4.22,39.72,38.11,8,6.92,-1.61,1.61,Normal
2025-08-24,Runyenjes East,H,518.6,1300.8,40,GI,341.4,4.62,39.03,38.91,5,4.48,-0.12,0.12,Normal
2025-08-24,Kibugu-Nguviu,G,3660.3,1235.7,63,PVC,360.3,1.69,40.11,43.83,1,7.42,3.72,0.0,Normal
2025-08-24,Kibugu-Nguviu,G,1782.1,1301.2,63,HDPE,226.4,5.32,35.77,29.32,5,6.32,-6.45,6.45,Normal
2025-08-24,Embu Green,A,700.4,1302.0,90,HDPE,68.9,4.01,34.44,27.83,9,1.4,-6.61,6.61,Normal
2025-08-24,Kibugu-Nguviu,D,385.4,1091.5,90,PVC,619.1,7.51,39.09,35.99,6,6.03,-3.1,3.1,Normal
2025-08-24,Embu Green,G,3414.3,1263.5,32,PVC,481.5,2.7,36.24,37.17,2,7.28,0.93,0.0,Normal
2025-08-24,Mwea Smallholder,F,4657.8,1223.1,75,HDPE,691.5,1.66,34.95,31.11,6,7.46,-3.84,3.84,Normal
2025-08-24,Mwea Smallholder,F,2413.7,1023.0,25,GI,346.0,2.49,48.56,53.66,5,1.79,5.1,0.0,High Pressure
2025-08-24,Mwea Smallholder,D,1420.4,1326.4,90,PVC,521.4,8.83,29.18,27.26,2,3.14,-1.92,1.92,Normal
2025-08-24,Kibugu-Nguviu,A,4792.5,1341.1,75,HDPE,288.7,4.79,35.28,30.33,7,4.28,-4.95,4.95,Normal
2025-08-25,Mwea Smallholder,G,883.1,1081.5,40,PVC,742.6,7.86,44.87,42.87,11,7.04,-2.0,2.0,Normal
2025-08-25,Embu Green,G,265.8,1286.8,50,PVC,472.6,4.83,32.86,27.18,5,7.62,-5.68,5.68,Normal
2025-08-25,Kibugu-Nguviu,F,3226.1,1175.5,40,PVC,207.3,2.19,40.43,37.63,5,4.7,-2.8,2.8,Normal
2025-08-25,Mwea Smallholder,A,3008.8,1064.1,25,GI,492.9,3.6,43.47,49.88,7,5.12,6.41,0.0,Normal
2025-08-25,Mwea Smallholder,G,2665.6,1019.1,75,PVC,676.5,5.97,44.2,47.72,3,6.54,3.52,0.0,Normal
2025-08-25,Kibugu-Nguviu,G,847.1,1347.7,50,PVC,681.7,7.54,29.01,27.37,3,2.7,-1.64,1.64,Normal
2025-08-25,Kibugu-Nguviu,A,3563.5,1134.3,50,HDPE,449.7,5.19,42.64,35.41,11,6.89,-7.23,7.23,Normal
2025-08-25,Embu Green,A,1155.6,1071.4,75,PVC,281.9,8.25,50.16,50.49,1,6.36,0.33,0.0,High Pressure
2025-08-25,Embu Green,E,2401.8,1197.2,40,HDPE,633.0,5.96,33.94,23.59,7,4.55,-10.35,10.35,Normal
2025-08-25,Mwea Smallholder,A,1092.4,1035.0,40,HDPE,626.8,5.14,41.3,35.95,6,2.71,-5.35,5.35,Normal
2025-08-25,Kibugu-Nguviu,B,4474.8,1041.3,40,HDPE,529.2,5.93,46.1,40.83,9,5.36,-5.27,5.27,Normal
2025-08-26,Runyenjes East,B,3157.2,1165.2,40,PVC,300.8,5.28,37.64,36.6,11,0.58,-1.04,1.04,Normal
2025-08-26,Mwea Smallholder,B,107.4,1007.3,63,HDPE,487.4,5.69,45.19,42.29,4,3.87,-2.9,2.9,Normal
2025-08-26,Embu Green,H,122.5,1072.7,32,PVC,789.0,2.72,31.34,23.29,7,4.62,-8.05,8.05,Normal
2025-08-26,Embu Green,E,4620.2,1210.3,90,PVC,778.6,4.67,35.58,33.74,2,5.95,-1.84,1.84,Normal
2025-08-26,Embu Green,F,289.3,1123.2,50,PVC,227.9,4.12,45.13,42.39,9,1.57,-2.74,2.74,Normal
2025-08-26,Runyenjes East,D,4072.5,1130.8,75,PVC,678.8,6.97,39.83,40.23,9,3.94,0.4,0.0,Normal
2025-08-26,Kibugu-Nguviu,D,2891.3,1313.9,63,HDPE,601.1,5.22,27.73,26.57,8,4.47,-1.16,1.16,Normal
2025-08-27,Mwea Smallholder,A,4294.9,1051.0,50,PVC,430.0,1.73,44.86,35.91,4,3.45,-8.95,8.95,Normal
2025-08-27,Runyenjes East,F,2385.2,1123.7,50,GI,470.9,3.57,37.38,45.99,11,3.78,8.61,0.0,Normal
2025-08-27,Runyenjes East,A,2585.7,1189.4,40,GI,31.6,4.21,47.2,46.16,11,2.65,-1.04,1.04,Normal
2025-08-27,Runyenjes East,F,2695.7,1077.5,32,PVC,501.0,4.37,42.74,40.17,5,6.52,-2.57,2.57,Normal
2025-08-27,Kibugu-Nguviu,H,4401.8,1139.6,50,PVC,624.8,2.23,39.65,45.22,7,3.25,5.57,0.0,Normal
2025-08-27,Mwea Smallholder,D,3254.5,1322.2,75,PVC,726.7,4.72,27.62,28.24,5,6.64,0.62,0.0,Normal
2025-08-28,Kibugu-Nguviu,F,1316.8,1169.0,75,PVC,586.5,5.94,39.41,34.74,10,5.04,-4.67,4.67,Normal
2025-08-28,Embu Green,C,3118.7,1003.0,75,PVC,134.9,4.83,51.65,40.97,7,0.87,-10.68,10.68,Normal
2025-08-28,Embu Green,G,3599.1,982.9,32,PVC,679.5,7.67,46.14,43.64,8,7.83,-2.5,2.5,Normal
2025-08-28,Embu Green,F,1566.6,1088.2,90,HDPE,84.5,4.22,52.06,48.39,5,7.43,-3.67,3.67,Normal
2025-08-28,Runyenjes East,F,3507.7,1006.8,75,PVC,255.4,6.49,45.78,38.11,5,2.81,-7.67,7.67,Normal
2025-08-29,Mwea Smallholder,A,4624.1,1130.2,32,PVC,242.6,3.97,44.24,49.7,11,0.98,5.46,0.0,Normal
2025-08-29,Embu Green,H,2127.2,1099.2,75,PVC,751.1,8.38,41.95,38.07,4,2.94,-3.88,3.88,Normal
2025-08-29,Mwea Smallholder,F,2219.7,1235.1,32,PVC,152.9,3.25,38.91,38.69,4,3.38,-0.22,0.22,Normal
2025-08-29,Mwea Smallholder,F,3631.3,1271.8,32,PVC,443.9,4.19,40.61,35.78,11,2.79,-4.83,4.83,Normal
2025-08-29,Mwea Smallholder,H,2487.9,1070.2,90,PVC,448.0,4.26,42.27,43.9,10,1.0,1.63,0.0,Normal
2025-08-29,Runyenjes East,F,2024.8,1007.5,40,HDPE,421.9,5.92,51.13,49.61,5,5.62,-1.52,1.52,Normal
2025-08-29,Embu Green,A,1550.7,1213.9,25,PVC,623.4,4.16,34.63,30.64,3,5.82,-3.99,3.99,Normal
2025-08-29,Kibugu-Nguviu,D,889.2,959.2,40,GI,146.0,5.59,52.15,50.98,3,1.91,-1.17,1.17,High Pressure
2025-08-30,Embu Green,G,4671.0,1248.0,63,PVC,450.8,1.83,39.27,39.29,5,3.51,0.02,0.0,Normal
2025-08-30,Runyenjes East,B,811.8,964.4,50,HDPE,590.8,2.31,46.61,42.08,7,7.52,-4.53,4.53,Normal
2025-08-30,Embu Green,H,1684.4,1347.7,25,PVC,197.8,4.98,34.72,37.17,4,1.67,2.45,0.0,Normal
2025-08-30,Embu Green,C,33.7,1298.9,63,PVC,327.7,4.34,36.4,39.34,5,7.9,2.94,0.0,Normal
2025-08-30,Mwea Smallholder,G,2702.1,1111.1,90,PVC,559.5,0.92,42.12,34.76,9,7.06,-7.36,7.36,Normal
2025-08-30,Kibugu-Nguviu,A,4871.0,1070.9,63,HDPE,407.2,2.9,44.04,45.52,8,6.53,1.48,0.0,Normal
2025-08-30,Embu Green,A,3126.3,1227.1,63,PVC,426.8,4.98,33.59,32.49,4,0.79,-1.1,1.1,Normal
2025-08-30,Runyenjes East,A,2124.5,1265.0,90,HDPE,759.3,4.87,29.28,27.07,10,7.38,-2.21,2.21,Normal
2025-08-30,Kibugu-Nguviu,E,4584.9,969.9,50,PVC,586.0,8.08,47.46,49.64,10,0.7,2.18,0.0,Normal
2025-08-30,Runyenjes East,F,4113.5,1017.0,63,PVC,73.3,2.32,56.2,59.3,1,2.23,3.1,0.0,High Pressure
2025-08-31,Mwea Smallholder,B,3842.6,968.6,25,PVC,438.5,4.14,47.66,48.17,4,1.86,0.51,0.0,Normal
2025-08-31,Embu Green,B,3961.2,1069.9,63,PVC,308.6,4.69,49.54,40.17,5,2.24,-9.37,9.37,Normal
2025-08-31,Runyenjes East,H,1192.2,1040.5,40,HDPE,697.6,4.11,41.05,40.52,7,7.99,-0.53,0.53,Normal
2025-08-31,Kibugu-Nguviu,D,4857.6,1155.6,32,PVC,639.5,6.79,41.31,40.11,11,6.5,-1.2,1.2,Normal
2025-08-31,Runyenjes East,A,1692.8,1292.2,63,PVC,410.9,7.6,37.62,35.42,11,7.18,-2.2,2.2,Normal
2025-08-31,Kibugu-Nguviu,A,2286.6,1079.4,63,PVC,189.2,5.18,49.19,49.76,9,3.43,0.57,0.0,Normal
2025-09-01,Kibugu-Nguviu,B,4880.2,1008.3,50,GI,112.6,3.44,52.96,47.19,10,6.19,-5.77,5.77,Normal
2025-09-01,Runyenjes East,B,204.9,1087.8,63,PVC,191.5,2.38,47.55,47.4,3,2.93,-0.15,0.15,Normal
2025-09-01,Kibugu-Nguviu,C,496.8,1201.5,50,GI,242.7,2.38,39.99,31.34,4,2.19,-8.65,8.65,Normal
2025-09-01,Mwea Smallholder,A,1532.9,1072.1,25,HDPE,453.1,3.74,40.12,41.14,3,2.93,1.02,0.0,Normal
2025-09-01,Runyenjes East,C,2187.4,1001.8,40,HDPE,530.2,7.92,47.22,45.85,10,6.48,-1.37,1.37,Normal
2025-09-01,Mwea Smallholder,G,1039.9,1341.4,75,PVC,397.2,4.92,30.69,33.86,3,5.37,3.17,0.0,Normal
2025-09-01,Runyenjes East,E,3314.4,982.5,40,PVC,649.4,5.13,50.46,54.01,11,4.93,3.55,0.0,High Pressure
2025-09-01,Runyenjes East,A,3021.2,994.2,75,PVC,94.3,1.73,52.38,43.27,7,0.8,-9.11,9.11,Normal
2025-09-01,Runyenjes East,D,2034.3,1065.8,40,GI,197.0,6.14,47.16,35.93,7,6.0,-11.23,11.23,Normal
2025-09-02,Kibugu-Nguviu,G,391.3,1261.7,40,HDPE,277.7,5.86,37.46,36.92,4,6.61,-0.54,0.54,Normal
2025-09-02,Kibugu-Nguviu,B,3490.1,998.1,40,HDPE,776.7,4.64,48.27,48.23,5,3.11,-0.04,0.04,Normal
2025-09-02,Kibugu-Nguviu,H,3585.6,1063.1,50,PVC,616.1,1.74,46.11,43.4,2,6.06,-2.71,2.71,Normal
2025-09-02,Mwea Smallholder,G,113.1,1179.9,75,PVC,320.0,3.99,37.16,41.25,9,3.72,4.09,0.0,Normal
2025-09-02,Kibugu-Nguviu,H,595.0,1158.0,40,PVC,752.8,8.02,33.29,29.57,6,3.12,-3.72,3.72,Normal
2025-09-02,Runyenjes East,D,441.9,956.7,75,HDPE,72.9,2.54,51.81,43.43,10,2.81,-8.38,8.38,Normal
2025-09-02,Mwea Smallholder,H,2726.2,1148.4,50,PVC,238.1,4.12,41.77,44.17,5,7.75,2.4,0.0,Normal
2025-09-02,Mwea Smallholder,H,2434.9,1019.6,63,PVC,404.1,2.15,40.4,38.44,1,3.87,-1.96,1.96,Normal
2025-09-03,Mwea Smallholder,G,2355.0,1343.1,50,GI,684.3,3.49,27.76,35.86,6,1.58,8.1,0.0,Normal
2025-09-03,Runyenjes East,A,2514.9,955.3,75,PVC,325.9,1.97,53.5,40.37,4,3.36,-13.13,13.13,Normal
2025-09-03,Mwea Smallholder,C,1050.3,1156.0,63,PVC,644.4,4.69,38.2,38.65,9,0.56,0.45,0.0,Normal
2025-09-03,Mwea Smallholder,H,4673.7,1192.4,40,HDPE,617.8,3.18,33.03,31.47,7,2.9,-1.56,1.56,Normal
2025-09-03,Mwea Smallholder,E,2788.9,1251.5,50,PVC,691.0,6.14,36.93,41.2,4,4.02,4.27,0.0,Normal
2025-09-04,Kibugu-Nguviu,A,3890.9,1310.0,40,HDPE,683.6,6.76,30.58,33.48,7,5.27,2.9,0.0,Normal
2025-09-04,Mwea Smallholder,H,1220.4,1003.6,32,PVC,490.8,5.23,43.95,46.39,3,3.47,2.44,0.0,Normal
2025-09-04,Runyenjes East,F,1109.9,1300.8,32,PVC,425.3,9.25,36.66,32.28,6,1.13,-4.38,4.38,Normal
2025-09-04,Embu Green,F,3190.7,1015.8,75,PVC,603.4,7.88,40.07,47.42,1,4.43,7.35,0.0,Normal
2025-09-04,Embu Green,E,1337.2,1062.5,50,PVC,592.9,9.3,44.1,46.65,11,5.56,2.55,0.0,Normal
2025-09-04,Runyenjes East,D,1316.3,1209.6,32,PVC,35.7,2.43,46.94,53.26,8,4.06,6.32,0.0,High Pressure
2025-09-04,Runyenjes East,B,4951.0,1126.0,63,PVC,183.6,4.06,41.29,34.24,4,8.0,-7.05,7.05,Normal
2025-09-04,Mwea Smallholder,E,3926.2,1067.5,75,HDPE,240.4,4.0,46.23,46.3,5,5.45,0.07,0.0,Normal
2025-09-04,Mwea Smallholder,A,3486.0,1062.4,50,HDPE,158.6,2.9,48.57,43.01,8,5.95,-5.56,5.56,Normal
2025-09-05,Embu Green,C,387.6,1232.5,32,HDPE,608.9,7.76,37.13,31.7,2,2.52,-5.43,5.43,Normal
2025-09-05,Runyenjes East,C,728.5,1139.0,50,PVC,418.7,5.52,44.47,41.13,11,3.87,-3.34,3.34,Normal
2025-09-05,Runyenjes East,B,1972.6,1181.9,63,PVC,215.6,4.61,43.78,37.85,7,1.52,-5.93,5.93,Normal
2025-09-05,Mwea Smallholder,G,2042.3,1137.0,75,PVC,599.0,4.68,40.42,35.84,8,5.4,-4.58,4.58,Normal
2025-09-05,Kibugu-Nguviu,C,2178.9,1130.4,50,PVC,629.4,9.45,44.43,36.37,7,1.5,-8.06,8.06,Normal
2025-09-05,Embu Green,B,2188.8,969.1,50,PVC,157.9,2.13,55.3,56.03,8,7.35,0.73,0.0,High Pressure
2025-09-05,Runyenjes East,E,378.6,1196.1,50,PVC,772.5,8.58,41.35,42.61,9,4.21,1.26,0.0,Normal
2025-09-05,Kibugu-Nguviu,C,3578.7,1285.6,32,PVC,58.8,3.19,39.29,28.97,11,4.85,-10.32,10.32,Normal
2025-09-06,Mwea Smallholder,E,1309.5,1140.7,50,HDPE,80.4,2.57,45.76,44.21,4,6.48,-1.55,1.55,Normal
2025-09-06,Kibugu-Nguviu,G,3193.9,970.2,32,PVC,255.7,5.82,53.68,56.57,1,7.29,2.89,0.0,High Pressure
2025-09-06,Mwea Smallholder,C,292.4,1199.2,50,PVC,750.8,1.07,37.91,29.48,7,6.49,-8.43,8.43,Normal
2025-09-06,Runyenjes East,A,125.8,1015.5,50,HDPE,612.2,3.32,45.07,43.21,5,1.29,-1.86,1.86,Normal
2025-09-06,Kibugu-Nguviu,A,4683.2,1019.8,75,PVC,712.4,5.56,37.52,43.26,3,6.63,5.74,0.0,Normal
2025-09-06,Embu Green,H,1979.4,989.4,25,PVC,400.2,4.9,49.44,47.77,2,4.05,-1.67,1.67,Normal
2025-09-06,Kibugu-Nguviu,H,666.7,1137.0,25,GI,609.0,6.93,41.58,43.45,11,1.18,1.87,0.0,Normal
2025-09-06,Kibugu-Nguviu,F,409.8,1015.1,75,PVC,500.9,4.56,40.49,32.76,11,0.87,-7.73,7.73,Normal
2025-09-06,Runyenjes East,B,1170.8,1235.9,63,PVC,449.4,6.55,38.01,36.46,10,2.27,-1.55,1.55,Normal
2025-09-07,Kibugu-Nguviu,H,4093.9,1182.9,40,PVC,100.0,4.75,46.21,52.24,5,7.15,6.03,0.0,High Pressure
2025-09-07,Embu Green,E,3607.5,1342.2,75,HDPE,658.7,4.68,27.88,35.72,1,5.37,7.84,0.0,Normal
2025-09-08,Kibugu-Nguviu,D,3806.0,1259.4,90,PVC,356.7,5.46,44.56,50.9,11,3.77,6.34,0.0,High Pressure
2025-09-08,Runyenjes East,F,779.8,1115.9,90,GI,152.4,8.15,47.48,44.25,4,7.34,-3.23,3.23,Normal
2025-09-08,Kibugu-Nguviu,F,4241.3,1164.0,90,GI,356.8,5.12,41.97,40.65,5,1.08,-1.32,1.32,Normal
2025-09-08,Kibugu-Nguviu,H,2050.4,1166.0,75,HDPE,354.7,5.65,40.43,43.3,5,5.86,2.87,0.0,Normal
2025-09-08,Runyenjes East,F,4678.7,1233.4,32,PVC,517.7,2.96,37.9,34.28,11,1.29,-3.62,3.62,Normal
2025-09-08,Kibugu-Nguviu,E,3353.7,1312.8,75,PVC,258.3,7.31,32.58,35.97,8,3.76,3.39,0.0,Normal
2025-09-09,Embu Green,E,3233.0,969.6,40,PVC,137.3,3.39,56.48,56.09,7,6.22,-0.39,0.39,High Pressure
2025-09-09,Mwea Smallholder,B,1467.8,1038.7,75,HDPE,564.0,7.48,45.05,51.92,7,5.37,6.87,0.0,High Pressure
2025-09-09,Mwea Smallholder,B,3455.1,1326.2,75,PVC,286.7,7.25,31.93,33.49,11,3.23,1.56,0.0,Normal
2025-09-10,Embu Green,E,362.6,1319.6,63,HDPE,588.1,8.19,33.63,23.58,1,5.6,-10.05,10.05,Normal
2025-09-10,Kibugu-Nguviu,B,1432.0,1063.4,50,GI,587.7,0.5,39.11,39.96,5,7.5,0.85,0.0,Normal
2025-09-10,Mwea Smallholder,H,2743.1,1335.6,50,GI,221.8,5.31,35.66,29.56,9,5.2,-6.1,6.1,Normal
2025-09-10,Mwea Smallholder,A,3371.3,1134.7,75,PVC,334.2,1.11,41.51,38.5,10,6.7,-3.01,3.01,Normal
2025-09-11,Embu Green,E,612.4,1085.3,25,PVC,395.0,6.45,45.49,50.7,9,2.54,5.21,0.0,High Pressure
2025-09-11,Embu Green,D,1822.7,1070.9,50,PVC,754.2,6.34,38.95,28.21,3,3.7,-10.74,10.74,Normal
2025-09-11,Mwea Smallholder,H,4582.5,1229.5,50,PVC,647.7,1.54,37.05,43.68,3,5.2,6.63,0.0,Normal
2025-09-11,Kibugu-Nguviu,C,4080.7,1028.9,63,PVC,705.8,7.0,43.71,43.43,7,6.07,-0.28,0.28,Normal
2025-09-11,Runyenjes East,F,332.7,1212.4,25,PVC,428.6,5.25,38.4,35.64,8,3.75,-2.76,2.76,Normal
2025-09-11,Mwea Smallholder,E,675.2,1246.2,25,HDPE,399.0,4.39,35.42,42.41,10,4.21,6.99,0.0,Normal
2025-09-11,Runyenjes East,B,2932.4,1097.6,40,PVC,393.6,5.06,45.18,48.93,8,6.94,3.75,0.0,Normal
2025-09-11,Kibugu-Nguviu,D,1643.6,1329.7,50,HDPE,55.0,7.92,37.62,27.17,5,3.0,-10.45,10.45,Normal
2025-09-11,Kibugu-Nguviu,E,1321.9,997.2,40,HDPE,656.2,4.29,42.05,46.35,8,3.83,4.3,0.0,Normal
2025-09-12,Embu Green,C,1129.9,1091.0,32,PVC,632.8,5.95,37.02,32.73,8,7.01,-4.29,4.29,Normal
2025-09-12,Embu Green,C,1470.8,983.6,90,PVC,384.2,4.33,48.48,46.93,6,1.14,-1.55,1.55,Normal
2025-09-12,Embu Green,F,2085.3,1247.3,25,HDPE,674.2,4.4,28.03,31.13,11,2.12,3.1,0.0,Normal
2025-09-12,Mwea Smallholder,H,126.5,1127.5,25,PVC,630.8,4.96,39.85,34.53,4,6.02,-5.32,5.32,Normal
2025-09-12,Kibugu-Nguviu,E,398.7,1303.0,32,GI,743.9,5.48,35.14,28.91,2,4.09,-6.23,6.23,Normal
2025-09-12,Kibugu-Nguviu,D,1771.2,1243.2,32,HDPE,300.3,4.79,41.72,40.72,8,7.24,-1.0,1.0,Normal
2025-09-12,Embu Green,G,3934.6,1142.4,90,HDPE,439.0,7.31,42.44,43.86,7,2.62,1.42,0.0,Normal
2025-09-13,Kibugu-Nguviu,H,2818.6,1329.8,32,PVC,429.8,5.69,39.21,47.18,10,1.28,7.97,0.0,Normal
2025-09-13,Kibugu-Nguviu,B,1778.3,1015.6,40,PVC,264.1,6.74,47.75,42.44,9,3.78,-5.31,5.31,Normal
2025-09-13,Mwea Smallholder,A,1774.4,965.0,90,GI,270.1,4.96,47.99,48.15,11,6.65,0.16,0.0,Normal
2025-09-13,Embu Green,B,673.1,1036.4,63,PVC,518.2,3.15,49.77,58.22,5,3.68,8.45,0.0,High Pressure
2025-09-13,Runyenjes East,G,798.5,1077.3,75,PVC,291.0,4.33,47.77,49.27,2,7.89,1.5,0.0,Normal
2025-09-13,Embu Green,A,661.7,1189.9,25,GI,563.9,2.59,39.06,41.17,3,7.41,2.11,0.0,Normal
2025-09-13,Embu Green,H,1461.9,1238.9,75,PVC,42.4,6.11,44.34,47.47,9,6.68,3.13,0.0,Normal
2025-09-13,Runyenjes East,E,1596.7,1215.6,32,PVC,761.5,4.57,28.8,27.11,3,6.04,-1.69,1.69,Normal
2025-09-14,Embu Green,B,4188.3,1128.7,63,PVC,746.1,7.16,34.23,32.98,4,5.37,-1.25,1.25,Normal
2025-09-14,Runyenjes East,A,1641.9,1342.0,32,HDPE,555.9,2.01,28.18,37.0,8,4.68,8.82,0.0,Normal
2025-09-14,Runyenjes East,A,4732.4,1207.1,50,HDPE,423.1,7.05,39.68,42.39,9,1.7,2.71,0.0,Normal
2025-09-14,Kibugu-Nguviu,C,1557.6,1188.7,40,PVC,770.2,6.7,36.95,40.71,11,4.36,3.76,0.0,Normal
2025-09-14,Runyenjes East,C,1693.4,988.0,90,PVC,445.2,3.96,47.65,47.82,4,5.79,0.17,0.0,Normal
2025-09-14,Runyenjes East,H,1808.4,1346.3,75,HDPE,293.3,5.98,35.05,31.31,6,4.84,-3.74,3.74,Normal
2025-09-14,Embu Green,D,89.3,1334.0,63,PVC,118.1,0.92,36.15,32.62,10,4.86,-3.53,3.53,Normal
2025-09-14,Runyenjes East,H,1539.1,979.3,63,HDPE,319.6,6.25,48.59,46.04,7,5.98,-2.55,2.55,Normal
2025-09-14,Mwea Smallholder,E,4385.0,1170.4,40,HDPE,240.1,6.62,39.76,49.78,10,0.6,10.02,0.0,Normal
2025-09-14,Kibugu-Nguviu,F,522.3,1282.7,50,PVC,480.0,5.09,36.1,40.62,7,6.03,4.52,0.0,Normal
2025-09-15,Embu Green,E,2868.9,982.0,25,PVC,480.5,2.26,49.39,51.04,2,0.81,1.65,0.0,High Pressure
2025-09-15,Embu Green,E,1030.7,1205.9,63,HDPE,288.0,7.37,45.75,50.41,3,6.24,4.66,0.0,High Pressure
2025-09-15,Mwea Smallholder,A,3040.7,1287.4,32,PVC,64.4,6.75,37.28,35.58,6,2.19,-1.7,1.7,Normal
2025-09-15,Embu Green,H,1598.2,980.8,90,HDPE,112.0,7.35,53.27,46.15,3,6.96,-7.12,7.12,Normal
2025-09-15,Kibugu-Nguviu,A,3914.8,1133.0,90,PVC,212.1,2.31,43.43,45.62,2,6.4,2.19,0.0,Normal
2025-09-15,Kibugu-Nguviu,G,4792.1,1000.3,40,PVC,59.5,7.23,52.87,50.8,11,6.25,-2.07,2.07,High Pressure
2025-09-15,Embu Green,C,2959.2,1258.1,90,PVC,319.2,0.6,34.47,30.43,3,7.24,-4.04,4.04,Normal
2025-09-15,Mwea Smallholder,H,4763.8,1197.7,32,HDPE,618.8,3.15,34.38,28.06,7,4.6,-6.32,6.32,Normal
2025-09-16,Embu Green,B,1020.0,1114.6,25,GI,297.9,5.21,46.87,47.83,9,3.89,0.96,0.0,Normal
2025-09-16,Embu Green,H,4917.8,1170.9,32,PVC,744.4,4.21,31.67,30.67,5,4.47,-1.0,1.0,Normal
2025-09-16,Runyenjes East,B,867.3,1047.2,63,PVC,767.4,2.93,43.04,47.05,10,0.86,4.01,0.0,Normal
2025-09-16,Embu Green,D,2422.5,1293.3,90,PVC,633.5,2.57,31.65,29.66,9,6.36,-1.99,1.99,Normal
2025-09-16,Runyenjes East,B,3040.0,1264.5,63,PVC,603.9,6.06,35.82,37.97,6,6.28,2.15,0.0,Normal
2025-09-16,Embu Green,G,1234.5,1156.0,32,PVC,132.2,5.8,40.09,40.08,4,5.45,-0.01,0.01,Normal
2025-09-17,Mwea Smallholder,B,3285.1,1234.9,75,PVC,751.1,3.47,31.45,32.83,4,3.3,1.38,0.0,Normal
2025-09-17,Embu Green,B,2287.2,1079.4,40,PVC,423.6,2.51,42.56,45.54,2,1.55,2.98,0.0,Normal
2025-09-17,Runyenjes East,C,1416.2,1201.9,50,PVC,800.0,6.67,32.48,33.58,7,3.14,1.1,0.0,Normal
2025-09-17,Kibugu-Nguviu,A,1393.4,1263.8,50,HDPE,478.5,1.74,33.12,30.98,4,7.48,-2.14,2.14,Normal
2025-09-17,Embu Green,F,4060.6,1060.7,90,HDPE,133.6,7.96,47.17,41.44,4,5.23,-5.73,5.73,Normal
2025-09-17,Runyenjes East,C,1282.7,1178.4,40,PVC,715.9,1.99,39.83,37.28,8,4.91,-2.55,2.55,Normal
2025-09-17,Mwea Smallholder,F,3603.1,1281.8,75,PVC,684.8,7.82,29.47,24.38,8,6.81,-5.09,5.09,Normal
2025-09-17,Kibugu-Nguviu,D,1921.7,1137.6,63,PVC,375.1,6.29,35.35,39.55,4,0.74,4.2,0.0,Normal
2025-09-18,Mwea Smallholder,H,2153.4,1317.6,40,PVC,129.2,7.6,36.19,38.41,11,6.51,2.22,0.0,Normal
2025-09-18,Kibugu-Nguviu,E,1297.0,1043.2,63,PVC,308.6,6.96,48.95,40.62,11,6.9,-8.33,8.33,Normal
2025-09-18,Runyenjes East,B,4217.9,966.7,50,HDPE,63.3,3.08,54.75,53.76,5,6.4,-0.99,0.99,High Pressure
2025-09-18,Runyenjes East,C,2607.8,1249.5,63,PVC,451.0,6.24,33.64,34.49,9,7.28,0.85,0.0,Normal
2025-09-18,Embu Green,E,385.2,1198.6,75,HDPE,477.3,3.94,37.3,37.01,9,6.32,-0.29,0.29,Normal
2025-09-19,Kibugu-Nguviu,F,2645.6,1303.0,50,PVC,361.8,6.37,34.42,35.48,10,6.94,1.06,0.0,Normal
2025-09-19,Kibugu-Nguviu,H,4761.2,1199.1,63,HDPE,81.8,1.75,42.59,37.49,4,7.23,-5.1,5.1,Normal
2025-09-19,Runyenjes East,F,4153.1,967.0,90,PVC,623.5,3.53,48.48,50.26,10,6.12,1.78,0.0,High Pressure
2025-09-19,Mwea Smallholder,C,839.6,1317.2,40,HDPE,37.7,3.39,40.07,46.39,10,4.18,6.32,0.0,Normal
2025-09-19,Kibugu-Nguviu,C,4489.5,972.1,32,PVC,677.0,7.46,44.52,47.02,5,0.99,2.5,0.0,Normal
2025-09-19,Embu Green,C,1854.4,1016.4,75,PVC,52.6,2.69,54.09,54.7,9,7.51,0.61,0.0,High Pressure
2025-09-19,Embu Green,C,395.4,1088.1,25,HDPE,785.5,5.32,40.43,35.88,6,7.16,-4.55,4.55,Normal
2025-09-19,Runyenjes East,G,4057.6,1172.7,40,PVC,251.8,3.93,40.82,40.02,7,2.65,-0.8,0.8,Normal
2025-09-19,Kibugu-Nguviu,G,2870.4,1180.0,40,PVC,249.1,9.15,50.56,50.67,1,5.37,0.11,0.0,High Pressure
2025-09-19,Runyenjes East,H,2316.6,1175.4,90,HDPE,642.9,6.57,34.27,33.2,9,4.7,-1.07,1.07,Normal
2025-09-20,Mwea Smallholder,A,3818.2,1170.9,25,PVC,647.4,4.09,38.13,48.8,6,3.35,10.67,0.0,Normal
2025-09-20,Runyenjes East,B,3299.2,1279.3,40,PVC,243.5,5.75,35.61,39.97,8,2.48,4.36,0.0,Normal
2025-09-20,Mwea Smallholder,H,3785.1,1324.5,40,PVC,237.9,2.22,40.17,38.47,10,2.09,-1.7,1.7,Normal
2025-09-20,Embu Green,B,2849.6,1267.5,75,PVC,378.7,2.23,30.55,35.52,10,3.71,4.97,0.0,Normal
2025-09-20,Mwea Smallholder,G,724.8,1205.8,63,PVC,585.4,3.53,39.48,39.23,9,6.6,-0.25,0.25,Normal
2025-09-20,Embu Green,A,1586.1,1269.0,63,PVC,639.7,4.3,29.86,21.69,2,2.46,-8.17,8.17,Normal
2025-09-20,Runyenjes East,H,768.8,1158.6,75,PVC,520.8,5.0,44.13,53.78,6,0.83,9.65,0.0,High Pressure
2025-09-20,Embu Green,B,2125.0,1227.3,40,GI,677.5,3.06,32.6,43.05,11,5.64,10.45,0.0,Normal
2025-09-20,Mwea Smallholder,C,4811.6,1026.0,75,PVC,464.8,1.1,47.75,53.88,5,4.73,6.13,0.0,High Pressure
2025-09-20,Kibugu-Nguviu,F,1948.5,1039.2,40,GI,397.1,6.56,44.11,44.63,5,4.4,0.52,0.0,Normal
2025-09-20,Runyenjes East,E,1680.6,1087.6,50,HDPE,596.8,4.6,41.91,42.62,5,1.36,0.71,0.0,Normal
2025-09-21,Kibugu-Nguviu,C,3242.1,1223.9,40,HDPE,753.6,5.97,31.57,25.82,3,5.49,-5.75,5.75,Normal
2025-09-21,Embu Green,A,355.9,1001.2,75,PVC,566.6,7.71,39.75,48.33,6,2.34,8.58,0.0,Normal
2025-09-21,Mwea Smallholder,C,2002.6,1073.9,32,PVC,328.5,3.94,44.03,37.66,8,3.7,-6.37,6.37,Normal
2025-09-21,Runyenjes East,C,352.4,1168.5,63,HDPE,279.6,4.8,43.1,42.2,2,6.52,-0.9,0.9,Normal
2025-09-21,Runyenjes East,G,3717.2,1249.1,25,PVC,561.9,4.84,35.26,39.82,5,5.96,4.56,0.0,Normal
2025-09-21,Runyenjes East,A,1494.7,1221.3,50,PVC,585.7,4.36,39.4,36.91,5,6.28,-2.49,2.49,Normal
2025-09-21,Kibugu-Nguviu,D,2038.1,1249.2,63,PVC,307.2,2.78,40.99,40.08,7,6.5,-0.91,0.91,Normal
2025-09-21,Mwea Smallholder,A,2349.2,1235.7,90,PVC,333.7,5.73,35.59,33.4,10,3.28,-2.19,2.19,Normal
2025-09-22,Kibugu-Nguviu,F,4345.8,987.5,40,PVC,562.4,3.49,42.79,38.4,11,4.19,-4.39,4.39,Normal
2025-09-22,Kibugu-Nguviu,B,1939.2,1327.5,63,GI,499.6,3.33,33.91,33.3,10,0.51,-0.61,0.61,Normal
2025-09-22,Kibugu-Nguviu,G,4824.9,1048.4,90,HDPE,642.7,4.87,36.59,45.5,5,5.88,8.91,0.0,Normal
2025-09-22,Kibugu-Nguviu,C,1851.3,1194.8,50,PVC,150.2,1.64,43.77,41.89,11,3.25,-1.88,1.88,Normal
2025-09-22,Mwea Smallholder,C,380.5,1328.9,40,GI,182.9,3.35,31.43,27.64,2,3.06,-3.79,3.79,Normal
2025-09-22,Mwea Smallholder,G,4014.9,1093.3,75,PVC,394.7,5.78,43.21,41.45,5,3.2,-1.76,1.76,Normal
2025-09-22,Embu Green,D,983.4,1237.3,40,HDPE,284.4,5.49,39.38,39.42,5,3.7,0.04,0.0,Normal
2025-09-22,Mwea Smallholder,E,3774.1,1026.3,25,GI,663.1,7.28,45.18,42.36,11,4.98,-2.82,2.82,Normal
2025-09-22,Mwea Smallholder,F,2378.1,1190.8,25,PVC,746.5,4.09,36.87,35.97,9,2.13,-0.9,0.9,Normal
2025-09-22,Embu Green,A,4564.5,1262.3,25,PVC,432.2,4.7,39.2,37.05,11,6.22,-2.15,2.15,Normal
2025-09-22,Embu Green,G,1635.2,1323.9,63,HDPE,586.3,3.76,31.9,33.9,3,6.53,2.0,0.0,Normal
2025-09-22,Mwea Smallholder,B,2844.0,1309.1,50,HDPE,435.2,6.61,31.4,24.86,8,5.15,-6.54,6.54,Normal
2025-09-22,Embu Green,G,4961.4,1267.6,63,PVC,512.8,4.24,36.19,39.86,6,1.45,3.67,0.0,Normal
2025-09-23,Embu Green,B,4257.5,1213.4,63,PVC,499.3,4.56,34.07,39.87,2,7.18,5.8,0.0,Normal
2025-09-23,Runyenjes East,A,4449.4,1129.5,25,PVC,156.3,2.64,46.52,47.06,2,4.31,0.54,0.0,Normal
2025-09-23,Embu Green,A,1695.2,1164.5,40,HDPE,794.5,3.02,42.18,34.24,7,1.67,-7.94,7.94,Normal
2025-09-23,Mwea Smallholder,A,654.8,1324.2,75,PVC,494.5,6.48,31.44,21.7,2,7.47,-9.74,9.74,Normal
2025-09-23,Kibugu-Nguviu,A,4502.0,1066.1,75,GI,289.7,4.75,47.28,36.01,4,7.29,-11.27,11.27,Normal
2025-09-23,Embu Green,B,436.9,1176.5,40,PVC,58.3,8.91,46.19,49.78,2,7.15,3.59,0.0,Normal
2025-09-23,Mwea Smallholder,E,2596.5,1071.9,40,GI,739.5,7.22,36.44,29.3,2,1.54,-7.14,7.14,Normal
2025-09-23,Runyenjes East,E,4171.8,1229.5,75,GI,439.0,5.1,40.91,44.78,9,5.81,3.87,0.0,Normal
2025-09-23,Kibugu-Nguviu,E,2031.0,1053.3,25,PVC,611.4,10.76,45.7,38.5,11,2.57,-7.2,7.2,Normal
2025-09-23,Mwea Smallholder,H,393.2,1307.0,25,HDPE,465.0,5.6,31.08,31.71,3,4.84,0.63,0.0,Normal
2025-09-24,Kibugu-Nguviu,B,4766.7,1083.2,25,PVC,124.1,6.03,48.85,44.07,1,7.77,-4.78,4.78,Normal
2025-09-24,Runyenjes East,D,262.5,1199.2,40,HDPE,747.9,8.38,28.67,20.89,7,4.31,-7.78,7.78,Normal
2025-09-24,Runyenjes East,C,175.4,962.3,90,HDPE,511.0,6.04,44.84,35.84,9,2.32,-9.0,9.0,Normal
2025-09-24,Runyenjes East,C,3665.7,1117.4,63,HDPE,733.4,8.4,40.72,43.23,8,5.25,2.51,0.0,Normal
2025-09-24,Mwea Smallholder,B,2237.9,1293.2,75,PVC,282.4,4.01,40.21,33.34,10,7.8,-6.87,6.87,Normal
2025-09-24,Runyenjes East,H,2010.5,1238.5,32,GI,471.6,5.31,34.72,36.23,4,4.7,1.51,0.0,Normal
2025-09-25,Embu Green,A,3228.1,1221.0,63,PVC,228.7,2.97,38.68,31.74,8,7.61,-6.94,6.94,Normal
2025-09-25,Kibugu-Nguviu,H,4265.7,979.6,25,PVC,518.8,4.56,47.06,42.78,5,1.6,-4.28,4.28,Normal
2025-09-25,Kibugu-Nguviu,F,3112.9,1094.5,63,PVC,80.0,6.26,47.69,48.06,10,5.67,0.37,0.0,Normal
2025-09-25,Mwea Smallholder,D,1832.9,1080.0,50,HDPE,645.7,3.7,43.42,45.66,11,3.66,2.24,0.0,Normal
2025-09-25,Kibugu-Nguviu,A,2317.3,1238.8,25,GI,502.1,5.86,37.18,37.09,11,6.77,-0.09,0.09,Normal
2025-09-26,Runyenjes East,A,2904.9,1015.7,75,PVC,635.6,5.86,45.73,49.76,10,6.3,4.03,0.0,Normal
2025-09-26,Embu Green,B,954.6,990.9,50,GI,85.1,4.64,53.27,52.88,10,2.35,-0.39,0.39,High Pressure
2025-09-26,Kibugu-Nguviu,E,3229.8,1031.0,25,HDPE,134.2,4.09,50.24,55.53,3,7.77,5.29,0.0,High Pressure
2025-09-26,Kibugu-Nguviu,G,2425.5,1121.7,90,PVC,413.8,9.44,41.36,45.65,1,7.14,4.29,0.0,Normal
2025-09-26,Kibugu-Nguviu,E,2627.0,978.3,75,PVC,51.4,1.8,50.21,39.85,11,5.26,-10.36,10.36,Normal
2025-09-26,Kibugu-Nguviu,E,3635.1,1034.2,25,HDPE,525.5,4.95,48.42,51.2,3,2.79,2.78,0.0,High Pressure
2025-09-27,Mwea Smallholder,F,4285.2,1009.6,90,PVC,592.0,6.79,39.32,41.61,11,1.23,2.29,0.0,Normal
2025-09-27,Embu Green,E,2477.3,1029.6,90,PVC,589.7,1.54,46.76,36.68,2,1.32,-10.08,10.08,Normal
2025-09-27,Mwea Smallholder,H,2172.9,1026.8,32,PVC,94.6,5.63,46.9,38.57,5,0.56,-8.33,8.33,Normal
2025-09-27,Embu Green,E,413.3,960.3,63,PVC,86.6,0.67,50.55,50.27,2,3.62,-0.28,0.28,High Pressure
2025-09-27,Embu Green,C,1444.3,1039.2,50,PVC,548.1,3.96,42.86,44.35,2,5.18,1.49,0.0,Normal
2025-09-27,Mwea Smallholder,C,3265.5,1088.9,50,PVC,655.7,3.74,41.08,40.43,11,7.4,-0.65,0.65,Normal
2025-09-28,Kibugu-Nguviu,C,3595.4,990.1,32,PVC,511.6,6.3,49.92,43.87,10,0.51,-6.05,6.05,Normal
2025-09-28,Runyenjes East,C,1196.6,1063.2,50,PVC,416.7,9.12,43.02,44.2,3,5.3,1.18,0.0,Normal
2025-09-28,Embu Green,H,254.5,1003.0,63,PVC,319.0,7.19,44.66,41.27,3,4.44,-3.39,3.39,Normal
2025-09-28,Embu Green,F,1331.0,1279.2,90,HDPE,162.6,4.44,36.36,35.96,3,1.45,-0.4,0.4,Normal
2025-09-28,Embu Green,G,2006.0,1042.7,90,HDPE,334.5,3.71,52.59,47.48,5,7.97,-5.11,5.11,Normal
2025-09-28,Mwea Smallholder,H,2029.8,952.2,63,PVC,531.0,3.99,46.28,47.09,11,3.52,0.81,0.0,Normal
2025-09-28,Embu Green,E,3942.5,1253.3,40,PVC,320.6,5.47,32.82,22.79,3,4.54,-10.03,10.03,Normal
2025-09-29,Runyenjes East,C,2233.0,1202.9,75,PVC,98.4,4.36,46.37,41.77,1,3.46,-4.6,4.6,Normal
2025-09-29,Mwea Smallholder,H,957.9,1063.2,75,PVC,326.9,3.85,47.03,50.68,6,3.3,3.65,0.0,High Pressure
2025-09-29,Embu Green,H,3753.4,1160.9,75,HDPE,370.7,5.29,42.73,32.34,5,2.74,-10.39,10.39,Normal
2025-09-29,Kibugu-Nguviu,D,3405.8,1323.9,63,PVC,501.3,4.26,35.71,41.88,5,6.34,6.17,0.0,Normal
2025-09-30,Mwea Smallholder,G,1742.3,952.1,40,PVC,106.1,4.77,52.91,53.2,8,4.91,0.29,0.0,High Pressure
2025-09-30,Mwea Smallholder,A,3331.7,975.9,32,PVC,180.7,4.44,51.93,40.0,6,7.37,-11.93,11.93,Normal
2025-09-30,Mwea Smallholder,F,4851.3,1201.6,63,PVC,323.7,2.9,38.72,32.4,11,5.82,-6.32,6.32,Normal
2025-09-30,Embu Green,A,3795.9,985.3,32,PVC,31.7,4.64,55.77,59.0,3,4.05,3.23,0.0,High Pressure
2025-09-30,Kibugu-Nguviu,E,4542.4,1251.1,63,PVC,529.7,0.5,31.19,34.39,4,5.2,3.2,0.0,Normal
2025-09-30,Runyenjes East,D,2691.8,1021.2,32,GI,334.0,6.64,49.37,52.42,11,1.77,3.05,0.0,High Pressure
2025-09-30,Embu Green,A,1761.3,1261.8,90,PVC,265.8,6.91,31.07,37.33,5,2.9,6.26,0.0,Normal
2025-09-30,Mwea Smallholder,A,4713.0,1313.3,75,PVC,441.0,3.49,31.88,25.98,7,6.59,-5.9,5.9,Normal
2025-09-30,Kibugu-Nguviu,B,3348.0,1167.8,40,PVC,219.4,8.33,43.71,45.54,1,1.56,1.83,0.0,Normal
2025-10-01,Mwea Smallholder,F,2090.7,1241.8,25,PVC,511.4,4.07,38.15,44.4,3,3.01,6.25,0.0,Normal
2025-10-01,Kibugu-Nguviu,G,769.6,989.4,32,GI,366.3,7.19,48.65,48.84,6,6.39,0.19,0.0,Normal
2025-10-01,Mwea Smallholder,F,3083.1,1073.3,90,PVC,338.3,6.12,48.87,56.34,5,5.17,7.47,0.0,High Pressure
2025-10-01,Kibugu-Nguviu,H,281.6,1303.9,50,PVC,556.7,6.47,32.23,37.05,4,6.32,4.82,0.0,Normal
2025-10-01,Kibugu-Nguviu,A,330.4,1034.9,50,HDPE,224.3,5.57,51.19,54.14,2,0.52,2.95,0.0,High Pressure
2025-10-01,Embu Green,A,4601.6,1261.3,50,HDPE,366.4,3.54,33.23,30.04,8,1.25,-3.19,3.19,Normal
2025-10-01,Mwea Smallholder,C,336.8,1218.4,75,PVC,97.2,0.5,43.99,52.28,6,3.87,8.29,0.0,High Pressure
2025-10-02,Mwea Smallholder,F,2532.4,1179.2,25,PVC,575.7,4.54,36.27,31.28,2,4.95,-4.99,4.99,Normal
2025-10-02,Runyenjes East,E,3378.1,1222.6,63,HDPE,656.6,4.39,36.69,30.27,10,1.72,-6.42,6.42,Normal
2025-10-02,Embu Green,F,703.8,962.0,90,PVC,564.7,7.19,44.28,48.58,3,6.83,4.3,0.0,Normal
2025-10-02,Runyenjes East,H,4170.1,1063.1,32,PVC,88.3,3.36,44.88,48.69,7,7.54,3.81,0.0,Normal
2025-10-03,Runyenjes East,A,3507.6,1328.3,50,GI,745.3,7.98,29.91,32.54,6,5.85,2.63,0.0,Normal
2025-10-03,Mwea Smallholder,A,2500.6,952.0,75,PVC,799.3,7.53,46.79,36.28,4,5.4,-10.51,10.51,Normal
2025-10-03,Runyenjes East,A,1972.7,1327.6,75,PVC,601.7,6.55,32.37,29.56,8,5.49,-2.81,2.81,Normal
2025-10-03,Runyenjes East,H,1909.2,1244.0,40,PVC,265.0,1.3,34.19,35.32,4,2.08,1.13,0.0,Normal
2025-10-03,Runyenjes East,B,4642.9,1295.3,40,PVC,202.1,5.29,34.37,33.38,8,4.67,-0.99,0.99,Normal
2025-10-03,Embu Green,C,1297.2,1149.7,40,PVC,66.0,6.27,44.8,50.8,8,0.77,6.0,0.0,High Pressure
2025-10-04,Mwea Smallholder,H,2893.6,1169.0,32,HDPE,624.2,6.34,36.97,32.07,7,4.04,-4.9,4.9,Normal
2025-10-04,Embu Green,F,3854.3,1186.4,32,PVC,380.0,5.25,43.8,45.52,11,5.09,1.72,0.0,Normal
2025-10-04,Runyenjes East,A,1898.0,1345.3,63,PVC,250.9,4.07,29.51,25.72,8,5.88,-3.79,3.79,Normal
2025-10-04,Mwea Smallholder,C,1738.7,1120.3,75,PVC,574.1,6.14,39.21,38.26,2,2.97,-0.95,0.95,Normal
2025-10-04,Embu Green,G,3589.2,1005.6,90,HDPE,786.3,5.47,41.92,35.12,6,2.91,-6.8,6.8,Normal
2025-10-04,Mwea Smallholder,A,3869.7,1102.6,90,HDPE,596.6,6.81,40.24,48.35,2,7.79,8.11,0.0,Normal
2025-10-04,Runyenjes East,E,2324.1,1051.7,90,PVC,268.9,5.9,48.74,50.09,2,5.67,1.35,0.0,High Pressure
2025-10-04,Mwea Smallholder,D,1980.2,964.6,75,PVC,124.7,1.6,55.27,57.24,11,3.83,1.97,0.0,High Pressure
2025-10-04,Mwea Smallholder,H,1155.2,1161.5,40,HDPE,741.9,4.22,35.61,28.2,11,4.2,-7.41,7.41,Normal
2025-10-04,Embu Green,E,2673.0,980.7,40,GI,677.5,5.52,42.2,45.3,5,1.06,3.1,0.0,Normal
2025-10-04,Embu Green,H,1962.3,1170.5,75,HDPE,217.9,3.97,39.84,42.31,5,3.48,2.47,0.0,Normal
2025-10-04,Runyenjes East,A,2026.8,1198.5,50,PVC,798.7,2.84,35.36,39.51,9,1.93,4.15,0.0,Normal
2025-10-04,Runyenjes East,A,1723.4,1130.1,50,HDPE,195.6,2.98,46.1,48.56,8,7.68,2.46,0.0,Normal
2025-10-05,Runyenjes East,F,4164.3,1155.9,32,PVC,280.2,3.68,46.86,38.1,2,5.35,-8.76,8.76,Normal
2025-10-05,Embu Green,G,1966.4,1172.1,25,HDPE,170.3,4.85,46.43,42.32,3,3.91,-4.11,4.11,Normal
2025-10-05,Runyenjes East,A,3681.8,1190.8,90,PVC,369.9,5.02,39.32,39.78,3,2.48,0.46,0.0,Normal
2025-10-05,Kibugu-Nguviu,G,243.3,1285.5,50,PVC,150.7,4.9,36.17,39.05,1,5.5,2.88,0.0,Normal
2025-10-05,Mwea Smallholder,D,1649.3,1346.9,32,PVC,167.1,3.79,37.62,35.7,4,2.71,-1.92,1.92,Normal
2025-10-05,Runyenjes East,H,2404.9,1166.7,63,HDPE,366.9,5.85,41.8,34.61,4,5.12,-7.19,7.19,Normal
2025-10-05,Mwea Smallholder,A,753.9,950.2,75,PVC,59.8,8.43,51.47,43.94,11,1.81,-7.53,7.53,Normal
2025-10-06,Runyenjes East,B,2178.9,1045.1,40,PVC,380.4,4.36,46.01,46.78,10,5.6,0.77,0.0,Normal
2025-10-06,Runyenjes East,D,2710.9,1162.6,40,PVC,229.8,5.4,46.18,37.16,9,4.37,-9.02,9.02,Normal
2025-10-06,Runyenjes East,D,3439.6,967.7,90,PVC,367.4,8.43,53.39,55.51,7,6.6,2.12,0.0,High Pressure
2025-10-06,Embu Green,E,2066.1,969.8,32,PVC,463.0,6.27,46.18,35.5,6,7.41,-10.68,10.68,Normal
2025-10-06,Runyenjes East,C,4986.7,1045.1,40,PVC,249.3,4.33,47.21,39.46,5,1.18,-7.75,7.75,Normal
2025-10-06,Embu Green,F,137.8,1191.3,50,PVC,371.5,7.16,39.1,40.33,11,0.88,1.23,0.0,Normal
2025-10-06,Kibugu-Nguviu,A,4650.0,1308.0,40,HDPE,299.5,4.18,33.44,33.69,5,5.62,0.25,0.0,Normal
2025-10-06,Mwea Smallholder,B,4014.8,1248.1,50,PVC,630.6,7.39,35.52,42.57,1,5.3,7.05,0.0,Normal
2025-10-06,Mwea Smallholder,G,3140.3,1208.6,40,PVC,149.9,5.58,38.41,36.16,9,7.96,-2.25,2.25,Normal
2025-10-06,Runyenjes East,G,1062.6,1119.3,75,PVC,755.3,8.02,40.2,37.76,4,3.89,-2.44,2.44,Normal
2025-10-07,Runyenjes East,A,3274.3,1340.8,40,PVC,457.5,5.74,35.25,41.39,5,3.69,6.14,0.0,Normal
2025-10-07,Kibugu-Nguviu,G,582.6,1222.5,63,HDPE,252.4,7.59,34.65,38.88,2,0.83,4.23,0.0,Normal
2025-10-07,Kibugu-Nguviu,A,2775.4,1324.3,40,PVC,298.8,4.8,35.73,31.63,4,4.84,-4.1,4.1,Normal
2025-10-07,Embu Green,H,171.2,976.7,90,HDPE,143.6,3.53,53.13,53.94,10,6.67,0.81,0.0,High Pressure
2025-10-07,Embu Green,D,3487.5,1217.1,32,GI,576.1,3.43,35.94,31.45,5,7.66,-4.49,4.49,Normal
2025-10-07,Kibugu-Nguviu,A,121.6,1055.5,40,GI,475.7,5.68,41.99,39.2,8,6.44,-2.79,2.79,Normal
2025-10-07,Runyenjes East,A,4955.0,1206.9,90,PVC,558.4,4.81,36.88,40.76,1,2.77,3.88,0.0,Normal
2025-10-08,Kibugu-Nguviu,B,4020.1,963.9,50,PVC,766.7,6.8,40.97,41.01,1,5.08,0.04,0.0,Normal
2025-10-08,Runyenjes East,B,479.0,1266.0,40,PVC,434.1,5.25,31.79,34.09,7,2.61,2.3,0.0,Normal
2025-10-08,Kibugu-Nguviu,F,2760.5,1254.0,50,PVC,788.7,5.14,28.32,17.52,10,0.92,-10.8,10.8,Normal
2025-10-08,Embu Green,E,1003.5,985.0,63,PVC,319.2,4.55,49.52,47.85,6,0.5,-1.67,1.67,Normal
2025-10-08,Runyenjes East,D,593.8,1229.2,40,PVC,36.3,3.85,39.22,39.48,1,1.91,0.26,0.0,Normal
2025-10-09,Embu Green,G,3680.2,1061.9,50,GI,633.9,3.93,47.06,47.75,4,5.2,0.69,0.0,Normal
2025-10-10,Mwea Smallholder,F,2484.3,958.0,75,PVC,512.3,5.45,42.28,52.55,4,3.16,10.27,0.0,High Pressure
2025-10-10,Runyenjes East,H,4931.0,1172.5,25,PVC,214.0,4.58,41.37,38.67,5,1.93,-2.7,2.7,Normal
2025-10-10,Runyenjes East,C,3623.6,1068.3,50,PVC,340.9,3.38,36.66,43.12,4,1.13,6.46,0.0,Normal
2025-10-10,Kibugu-Nguviu,D,3818.1,1303.1,75,PVC,479.6,9.19,29.45,39.68,7,4.88,10.23,0.0,Normal
2025-10-10,Mwea Smallholder,G,3250.7,992.9,25,PVC,432.1,4.76,44.45,45.79,4,5.68,1.34,0.0,Normal
2025-10-10,Kibugu-Nguviu,E,4004.3,1059.1,32,PVC,111.5,2.83,46.9,49.52,9,7.64,2.62,0.0,Normal
2025-10-10,Embu Green,F,402.9,1046.9,63,GI,138.4,4.41,48.77,43.05,5,2.8,-5.72,5.72,Normal
2025-10-11,Kibugu-Nguviu,H,4086.5,1303.3,40,PVC,475.0,2.38,37.33,28.07,2,1.61,-9.26,9.26,Normal
2025-10-11,Mwea Smallholder,H,1739.5,1089.5,50,PVC,33.5,4.9,48.05,43.35,7,2.74,-4.7,4.7,Normal
2025-10-11,Mwea Smallholder,E,1871.5,1045.0,75,HDPE,532.4,6.12,47.39,44.51,3,5.78,-2.88,2.88,Normal
2025-10-11,Embu Green,E,3964.7,1267.3,40,HDPE,177.0,4.87,36.08,37.4,3,7.54,1.32,0.0,Normal
2025-10-11,Kibugu-Nguviu,H,1575.8,1248.7,75,PVC,266.6,3.57,37.01,44.05,11,4.54,7.04,0.0,Normal
2025-10-11,Embu Green,H,4155.3,1105.8,40,HDPE,717.7,1.79,38.37,40.29,7,5.51,1.92,0.0,Normal
2025-10-11,Kibugu-Nguviu,H,3204.6,1251.8,50,PVC,728.1,7.31,30.8,27.75,2,4.53,-3.05,3.05,Normal
2025-10-11,Kibugu-Nguviu,G,849.5,1243.8,63,PVC,81.5,2.52,39.77,33.84,5,7.59,-5.93,5.93,Normal
2025-10-11,Runyenjes East,H,4369.1,1261.2,50,HDPE,206.7,1.96,38.54,30.33,2,3.55,-8.21,8.21,Normal
2025-10-12,Kibugu-Nguviu,B,4308.7,1086.6,63,HDPE,794.5,2.35,43.44,34.51,5,3.88,-8.93,8.93,Normal
2025-10-12,Mwea Smallholder,H,2751.6,1293.2,63,HDPE,390.5,6.84,35.65,35.72,7,7.64,0.07,0.0,Normal
2025-10-12,Mwea Smallholder,G,245.3,1200.4,90,PVC,374.4,7.57,33.27,33.18,1,2.39,-0.09,0.09,Normal
2025-10-12,Mwea Smallholder,C,837.6,1082.9,32,PVC,563.9,4.93,45.71,45.52,2,4.77,-0.19,0.19,Normal
2025-10-12,Embu Green,G,957.9,1165.8,25,HDPE,66.5,6.2,41.87,41.83,7,5.12,-0.04,0.04,Normal
2025-10-12,Mwea Smallholder,C,1665.4,1059.5,75,PVC,720.1,6.26,41.61,40.8,10,3.02,-0.81,0.81,Normal
2025-10-12,Runyenjes East,C,1858.4,1024.1,40,PVC,527.9,8.18,41.47,33.2,3,2.88,-8.27,8.27,Normal
2025-10-12,Embu Green,F,4494.7,1297.1,63,PVC,452.8,4.8,28.35,25.29,7,5.77,-3.06,3.06,Normal
2025-10-12,Runyenjes East,E,2245.9,1333.4,50,PVC,47.5,4.64,32.7,34.51,2,2.54,1.81,0.0,Normal
2025-10-12,Mwea Smallholder,C,1928.6,1294.5,63,PVC,82.3,5.22,38.86,37.5,7,0.86,-1.36,1.36,Normal
2025-10-12,Mwea Smallholder,A,2654.1,1253.1,75,GI,354.2,6.97,36.57,41.7,4,5.53,5.13,0.0,Normal
2025-10-12,Runyenjes East,D,2275.0,1139.8,50,PVC,231.7,4.44,37.89,35.07,2,0.87,-2.82,2.82,Normal
2025-10-13,Kibugu-Nguviu,E,1994.3,1066.5,50,PVC,751.9,5.61,44.69,49.56,3,1.95,4.87,0.0,Normal
2025-10-13,Embu Green,A,4701.7,1215.9,63,PVC,499.6,3.46,34.88,29.48,8,1.57,-5.4,5.4,Normal
2025-10-13,Kibugu-Nguviu,F,2667.4,991.0,40,GI,608.7,7.47,43.88,49.85,3,5.49,5.97,0.0,Normal
2025-10-13,Kibugu-Nguviu,H,1683.4,1183.5,75,HDPE,344.7,5.82,38.93,30.98,1,0.67,-7.95,7.95,Normal
2025-10-13,Mwea Smallholder,A,2906.7,1286.2,32,PVC,258.4,4.18,35.78,34.22,3,2.31,-1.56,1.56,Normal
2025-10-13,Kibugu-Nguviu,A,611.0,1097.7,90,PVC,652.9,5.81,37.35,35.71,1,6.07,-1.64,1.64,Normal
2025-10-13,Embu Green,F,3410.9,1277.6,63,HDPE,213.4,2.62,38.18,39.66,3,2.81,1.48,0.0,Normal
2025-10-13,Kibugu-Nguviu,A,2619.2,1171.3,75,PVC,251.9,4.29,50.43,54.19,10,3.41,3.76,0.0,High Pressure
2025-10-13,Embu Green,F,4301.6,960.6,90,PVC,30.5,6.15,51.01,46.95,2,3.7,-4.06,4.06,Normal
2025-10-13,Mwea Smallholder,H,2746.0,962.8,32,PVC,703.3,9.16,48.5,46.28,9,1.41,-2.22,2.22,Normal
2025-10-13,Mwea Smallholder,F,2246.4,1320.2,40,PVC,473.1,2.15,32.37,23.02,8,2.41,-9.35,9.35,Normal
2025-10-13,Runyenjes East,H,1011.4,1096.8,90,PVC,307.7,6.54,48.1,43.42,5,5.77,-4.68,4.68,Normal
2025-10-13,Mwea Smallholder,C,4377.9,1029.9,32,PVC,355.4,7.71,48.55,52.27,11,5.32,3.72,0.0,High Pressure
2025-10-13,Mwea Smallholder,H,1991.4,1196.3,32,PVC,286.8,3.05,41.18,30.32,4,4.43,-10.86,10.86,Normal
2025-10-13,Runyenjes East,B,371.5,1002.2,90,HDPE,275.1,8.53,40.96,41.69,11,5.78,0.73,0.0,Normal
2025-10-13,Kibugu-Nguviu,B,2602.1,1316.6,63,PVC,524.3,6.09,29.41,25.46,6,3.42,-3.95,3.95,Normal
2025-10-13,Embu Green,A,982.3,1075.2,75,PVC,494.9,2.93,43.41,47.4,9,2.19,3.99,0.0,Normal
2025-10-13,Kibugu-Nguviu,E,1842.9,1016.1,75,HDPE,707.3,0.5,46.67,46.3,2,6.2,-0.37,0.37,Normal
2025-10-13,Embu Green,D,3255.7,1170.0,25,PVC,50.6,4.68,39.77,36.73,10,0.76,-3.04,3.04,Normal
2025-10-14,Kibugu-Nguviu,G,2124.2,1177.3,63,PVC,170.8,6.52,37.4,32.91,3,7.1,-4.49,4.49,Normal
2025-10-14,Kibugu-Nguviu,D,2577.0,1156.0,32,HDPE,759.0,5.36,40.2,35.72,11,3.73,-4.48,4.48,Normal
2025-10-14,Kibugu-Nguviu,G,4544.6,1158.8,75,PVC,598.2,6.69,38.98,41.92,8,7.98,2.94,0.0,Normal
2025-10-14,Mwea Smallholder,F,1503.0,1257.3,50,HDPE,91.4,1.37,38.32,33.87,7,5.74,-4.45,4.45,Normal
2025-10-14,Kibugu-Nguviu,E,634.7,1183.0,50,PVC,88.4,3.81,44.12,46.91,4,7.31,2.79,0.0,Normal
2025-10-14,Mwea Smallholder,G,4307.2,1063.8,32,PVC,793.3,0.72,43.46,45.39,9,2.2,1.93,0.0,Normal
2025-10-14,Embu Green,D,2953.1,1201.2,75,PVC,548.9,3.22,38.97,44.32,4,1.12,5.35,0.0,Normal
2025-10-14,Runyenjes East,B,1429.3,1015.3,75,PVC,211.4,5.14,45.69,42.46,4,4.94,-3.23,3.23,Normal
2025-10-14,Embu Green,B,4891.2,1110.1,32,GI,330.8,4.17,50.27,49.87,9,5.83,-0.4,0.4,Normal
2025-10-15,Runyenjes East,F,614.9,1323.2,63,PVC,139.7,5.35,38.13,32.47,2,1.08,-5.66,5.66,Normal
2025-10-15,Mwea Smallholder,C,4869.5,1215.2,63,PVC,41.6,4.75,41.55,36.54,3,5.52,-5.01,5.01,Normal
2025-10-15,Runyenjes East,C,2362.5,1172.3,63,PVC,520.2,2.64,40.82,41.13,4,6.58,0.31,0.0,Normal
2025-10-15,Runyenjes East,B,4388.6,1070.0,40,HDPE,328.6,9.38,49.24,50.14,3,1.95,0.9,0.0,High Pressure
2025-10-15,Mwea Smallholder,B,3743.8,1006.2,40,GI,341.8,4.02,52.69,53.21,5,1.47,0.52,0.0,High Pressure
2025-10-15,Kibugu-Nguviu,F,1143.3,1296.0,90,PVC,750.7,2.38,27.76,35.17,7,2.94,7.41,0.0,Normal
2025-10-15,Kibugu-Nguviu,A,4846.5,1232.7,32,PVC,738.6,7.87,33.31,39.83,6,4.63,6.52,0.0,Normal
2025-10-15,Mwea Smallholder,E,3020.1,958.6,63,PVC,751.0,3.64,44.93,37.37,4,2.59,-7.56,7.56,Normal
2025-10-15,Kibugu-Nguviu,G,4714.4,1298.6,75,PVC,30.0,5.02,38.45,34.69,5,5.64,-3.76,3.76,Normal
2025-10-16,Mwea Smallholder,D,3160.9,1349.5,25,GI,351.3,5.11,30.04,29.68,1,3.12,-0.36,0.36,Normal
2025-10-16,Mwea Smallholder,A,282.8,956.1,75,PVC,605.2,5.06,48.22,51.6,10,7.19,3.38,0.0,High Pressure
2025-10-16,Runyenjes East,C,1401.9,1270.5,75,HDPE,307.5,6.18,38.75,39.17,3,5.84,0.42,0.0,Normal
2025-10-16,Embu Green,E,2354.5,1317.7,32,HDPE,363.5,6.82,34.74,34.17,2,4.67,-0.57,0.57,Normal
2025-10-16,Mwea Smallholder,A,4801.8,1334.8,40,HDPE,227.1,2.72,36.41,43.15,11,6.0,6.74,0.0,Normal
2025-10-16,Runyenjes East,B,1127.2,1025.6,63,PVC,79.4,6.46,50.31,47.75,5,1.34,-2.56,2.56,Normal
2025-10-16,Embu Green,C,2438.5,1204.4,40,PVC,680.1,6.54,35.63,42.24,6,7.08,6.61,0.0,Normal
2025-10-16,Mwea Smallholder,A,3485.2,985.6,40,PVC,528.9,2.54,47.26,40.9,9,3.05,-6.36,6.36,Normal
2025-10-16,Embu Green,D,4221.2,1334.5,40,HDPE,474.4,6.51,27.44,30.79,7,0.94,3.35,0.0,Normal
2025-10-17,Embu Green,H,2002.7,1179.6,32,PVC,468.3,4.67,42.06,41.59,7,6.25,-0.47,0.47,Normal
2025-10-17,Embu Green,E,2896.3,1145.9,75,PVC,246.9,8.06,40.42,46.42,6,6.2,6.0,0.0,Normal
2025-10-17,Runyenjes East,F,1865.0,1025.9,75,PVC,542.1,4.85,45.83,43.03,11,1.76,-2.8,2.8,Normal
2025-10-17,Runyenjes East,F,284.0,1227.5,90,GI,134.0,4.55,38.07,32.9,3,5.68,-5.17,5.17,Normal
2025-10-18,Embu Green,H,1991.3,1058.5,25,GI,206.9,7.88,46.23,48.42,4,7.39,2.19,0.0,Normal
2025-10-18,Kibugu-Nguviu,D,2748.1,991.7,63,PVC,163.5,4.51,54.92,54.57,1,2.55,-0.35,0.35,High Pressure
2025-10-18,Kibugu-Nguviu,G,200.6,956.7,50,PVC,256.8,4.36,48.07,50.6,11,1.85,2.53,0.0,High Pressure
2025-10-18,Embu Green,B,1056.5,1319.2,75,PVC,600.4,5.77,31.61,32.78,2,3.65,1.17,0.0,Normal
2025-10-18,Mwea Smallholder,C,3138.9,1305.9,50,HDPE,547.3,3.31,33.23,36.71,7,4.38,3.48,0.0,Normal
2025-10-18,Runyenjes East,G,3500.2,970.4,63,HDPE,162.1,5.78,50.47,57.34,6,1.69,6.87,0.0,High Pressure
2025-10-18,Embu Green,A,3162.7,981.3,75,PVC,688.5,4.0,46.37,41.17,6,6.0,-5.2,5.2,Normal
2025-10-18,Kibugu-Nguviu,G,3767.6,977.0,50,PVC,343.3,4.83,52.69,44.28,10,2.06,-8.41,8.41,Normal
2025-10-18,Embu Green,G,1024.8,1100.2,50,PVC,141.3,7.0,45.98,43.56,1,6.83,-2.42,2.42,Normal
2025-10-18,Embu Green,D,3666.8,1058.4,50,PVC,703.8,2.83,35.45,30.44,3,7.04,-5.01,5.01,Normal
2025-10-18,Mwea Smallholder,G,531.8,1106.4,90,PVC,576.8,6.38,42.86,43.4,4,2.24,0.54,0.0,Normal
2025-10-18,Kibugu-Nguviu,A,3111.5,1043.6,90,PVC,476.5,4.01,48.27,45.93,1,4.43,-2.34,2.34,Normal
2025-10-19,Kibugu-Nguviu,A,3299.2,1293.8,32,HDPE,601.9,6.18,34.94,36.4,8,0.79,1.46,0.0,Normal
2025-10-19,Mwea Smallholder,D,3941.0,1081.4,75,PVC,299.2,5.12,47.19,50.88,11,6.47,3.69,0.0,High Pressure
2025-10-19,Kibugu-Nguviu,H,3172.6,1203.2,50,HDPE,698.0,9.02,41.1,36.49,8,2.58,-4.61,4.61,Normal
2025-10-19,Kibugu-Nguviu,G,4918.6,1043.9,32,PVC,172.0,5.86,45.91,45.26,6,2.48,-0.65,0.65,Normal
2025-10-19,Embu Green,H,4924.3,1228.0,50,PVC,525.9,3.52,33.3,36.38,5,2.67,3.08,0.0,Normal
2025-10-19,Runyenjes East,F,564.1,1344.7,75,PVC,670.5,3.94,23.95,21.09,1,3.37,-2.86,2.86,Normal
2025-10-19,Mwea Smallholder,A,4176.7,1141.1,50,HDPE,150.8,5.53,48.51,43.05,1,5.0,-5.46,5.46,Normal
2025-10-20,Embu Green,A,100.1,1322.2,25,PVC,466.7,6.52,29.94,27.06,11,0.9,-2.88,2.88,Normal
2025-10-20,Runyenjes East,G,4494.0,1141.5,32,PVC,770.4,5.21,34.35,31.59,11,6.53,-2.76,2.76,Normal
2025-10-20,Mwea Smallholder,D,1513.7,1234.3,25,PVC,318.2,0.5,39.23,44.28,8,5.24,5.05,0.0,Normal
2025-10-20,Embu Green,A,897.4,1337.5,75,PVC,355.3,5.01,35.24,35.97,3,3.37,0.73,0.0,Normal
2025-10-20,Mwea Smallholder,C,2969.0,1092.6,75,PVC,380.5,4.71,37.38,36.83,8,1.18,-0.55,0.55,Normal
2025-10-20,Kibugu-Nguviu,D,4218.0,1001.6,63,PVC,240.4,5.84,50.41,56.55,2,6.55,6.14,0.0,High Pressure
2025-10-20,Embu Green,F,1719.0,1117.7,63,PVC,516.9,2.5,33.61,30.31,10,3.29,-3.3,3.3,Normal
2025-10-21,Kibugu-Nguviu,B,3892.9,1281.8,40,PVC,364.7,3.55,31.45,31.0,5,6.08,-0.45,0.45,Normal
2025-10-21,Mwea Smallholder,A,4365.9,1259.8,63,GI,287.6,5.51,38.23,37.65,8,1.22,-0.58,0.58,Normal
2025-10-21,Kibugu-Nguviu,G,1638.9,1075.3,40,PVC,108.3,5.58,47.4,46.96,11,6.41,-0.44,0.44,Normal
2025-10-21,Embu Green,H,1325.5,1271.4,40,PVC,686.5,5.4,32.91,43.85,6,2.2,10.94,0.0,Normal
2025-10-21,Mwea Smallholder,A,2293.7,1060.3,32,PVC,704.7,1.63,41.24,47.27,1,6.6,6.03,0.0,Normal
2025-10-21,Runyenjes East,C,2006.5,1299.5,25,PVC,213.8,1.62,36.04,41.65,5,2.98,5.61,0.0,Normal
2025-10-21,Kibugu-Nguviu,B,1193.7,1234.4,32,HDPE,522.2,5.59,32.38,26.34,7,7.14,-6.04,6.04,Normal
2025-10-22,Embu Green,G,4454.8,1064.2,63,PVC,172.1,2.82,47.08,40.47,6,6.85,-6.61,6.61,Normal
2025-10-22,Kibugu-Nguviu,E,2915.3,1138.1,75,PVC,741.0,0.5,35.05,22.81,10,0.83,-12.24,12.24,Normal
2025-10-22,Runyenjes East,G,4757.9,1024.6,75,GI,160.0,2.65,49.13,48.7,7,0.94,-0.43,0.43,Normal
2025-10-22,Kibugu-Nguviu,C,552.9,1108.3,63,HDPE,305.1,6.79,42.92,47.28,7,5.38,4.36,0.0,Normal
2025-10-22,Runyenjes East,G,4078.9,1254.0,25,HDPE,165.2,9.23,38.81,37.79,3,7.91,-1.02,1.02,Normal
2025-10-22,Embu Green,G,1602.6,1256.7,40,PVC,779.9,4.04,26.64,22.64,11,7.97,-4.0,4.0,Normal
2025-10-22,Runyenjes East,H,2294.6,1016.6,75,GI,399.7,6.36,43.39,49.0,6,7.05,5.61,0.0,Normal
2025-10-22,Kibugu-Nguviu,D,2921.7,1272.2,90,HDPE,292.4,2.81,37.6,27.83,3,3.09,-9.77,9.77,Normal
2025-10-22,Mwea Smallholder,G,1909.7,1270.9,90,GI,169.9,4.36,42.53,46.2,7,2.32,3.67,0.0,Normal
2025-10-22,Embu Green,G,531.0,1247.8,50,PVC,682.4,4.48,38.22,37.05,9,1.58,-1.17,1.17,Normal
2025-10-22,Runyenjes East,A,3437.4,1173.3,75,PVC,223.4,3.81,43.9,44.3,1,7.18,0.4,0.0,Normal
2025-10-22,Mwea Smallholder,H,1084.1,1321.7,63,PVC,42.7,4.26,40.94,41.72,4,1.59,0.78,0.0,Normal
2025-10-22,Mwea Smallholder,G,1378.5,1197.0,32,PVC,724.7,5.51,39.72,31.11,5,4.11,-8.61,8.61,Normal
2025-10-23,Kibugu-Nguviu,H,4509.7,1324.4,50,PVC,46.0,5.11,39.81,46.77,11,1.33,6.96,0.0,Normal
2025-10-23,Kibugu-Nguviu,B,781.8,972.5,32,PVC,632.1,6.91,45.41,42.21,2,1.44,-3.2,3.2,Normal
2025-10-23,Runyenjes East,F,4849.1,1293.0,40,HDPE,491.7,7.19,32.14,30.34,11,1.15,-1.8,1.8,Normal
2025-10-23,Mwea Smallholder,A,3408.4,953.3,32,PVC,118.7,3.99,52.84,46.73,7,1.72,-6.11,6.11,Normal
2025-10-23,Runyenjes East,E,292.1,1077.4,50,HDPE,755.1,8.18,40.82,36.8,11,3.17,-4.02,4.02,Normal
2025-10-23,Embu Green,E,1001.2,1039.5,25,GI,250.9,7.74,44.85,45.55,2,0.87,0.7,0.0,Normal
2025-10-23,Embu Green,G,1772.9,1194.4,90,PVC,716.9,2.85,35.57,34.47,5,3.47,-1.1,1.1,Normal
2025-10-24,Kibugu-Nguviu,B,432.4,1144.0,90,HDPE,559.0,4.34,42.32,42.41,5,4.01,0.09,0.0,Normal
2025-10-24,Kibugu-Nguviu,E,4864.7,1213.2,50,PVC,398.1,8.18,41.95,38.07,1,2.95,-3.88,3.88,Normal
2025-10-24,Kibugu-Nguviu,A,3787.6,1086.1,25,PVC,793.7,4.39,36.49,40.58,4,6.02,4.09,0.0,Normal
2025-10-24,Embu Green,G,2509.5,1144.0,63,PVC,632.5,2.45,40.5,38.11,5,1.91,-2.39,2.39,Normal
2025-10-24,Runyenjes East,D,4542.6,1110.3,40,HDPE,310.1,3.48,47.46,49.28,3,6.63,1.82,0.0,Normal
2025-10-24,Mwea Smallholder,D,2739.3,1225.7,40,PVC,476.1,2.58,38.24,48.16,8,3.98,9.92,0.0,Normal
2025-10-24,Runyenjes East,C,4802.3,1207.4,25,PVC,633.1,4.06,39.18,41.59,8,1.98,2.41,0.0,Normal
2025-10-25,Mwea Smallholder,C,1389.5,1334.4,63,GI,510.2,5.74,29.44,26.88,2,1.08,-2.56,2.56,Normal
2025-10-25,Embu Green,G,2586.2,1306.2,63,PVC,199.4,4.04,40.72,42.71,2,6.37,1.99,0.0,Normal
2025-10-25,Runyenjes East,B,3934.8,1112.2,50,HDPE,67.8,3.52,49.86,47.59,5,7.45,-2.27,2.27,Normal
2025-10-25,Kibugu-Nguviu,E,4081.3,1266.2,50,HDPE,178.6,6.22,38.32,42.56,6,5.97,4.24,0.0,Normal
2025-10-25,Embu Green,H,4294.8,1299.3,63,HDPE,158.6,5.5,37.71,25.1,5,3.32,-12.61,12.61,Normal
2025-10-25,Runyenjes East,A,4376.8,995.3,75,HDPE,460.4,3.19,45.74,44.38,11,0.6,-1.36,1.36,Normal
2025-10-25,Embu Green,F,1721.9,1051.5,75,HDPE,338.1,3.27,44.01,40.63,4,4.25,-3.38,3.38,Normal
2025-10-25,Runyenjes East,H,4680.5,1277.8,63,GI,447.2,3.09,34.6,31.7,4,1.62,-2.9,2.9,Normal
2025-10-26,Kibugu-Nguviu,G,3.0,1240.5,32,PVC,751.3,5.68,33.29,39.1,9,4.93,5.81,0.0,Normal
2025-10-26,Embu Green,G,1494.3,970.7,75,PVC,363.7,7.81,53.11,55.08,9,1.28,1.97,0.0,High Pressure
2025-10-26,Embu Green,C,1957.5,1095.5,63,PVC,544.0,3.78,46.5,49.97,1,7.27,3.47,0.0,Normal
2025-10-26,Runyenjes East,D,3787.9,1343.9,32,PVC,272.5,4.36,34.49,27.35,1,7.67,-7.14,7.14,Normal
2025-10-27,Mwea Smallholder,C,2599.3,1230.0,63,PVC,712.9,9.47,37.92,41.66,2,3.64,3.74,0.0,Normal
2025-10-27,Runyenjes East,H,3887.2,1212.7,40,PVC,462.0,3.86,29.73,22.98,9,7.89,-6.75,6.75,Normal
2025-10-27,Runyenjes East,C,4037.5,1308.5,40,HDPE,62.1,7.28,34.3,40.37,4,0.51,6.07,0.0,Normal
2025-10-27,Embu Green,A,3366.6,1245.6,32,PVC,164.0,5.6,33.79,39.5,2,2.3,5.71,0.0,Normal
2025-10-27,Embu Green,D,868.2,1076.4,63,PVC,541.7,9.54,39.55,38.24,1,7.34,-1.31,1.31,Normal
2025-10-27,Kibugu-Nguviu,H,2314.7,1311.5,75,GI,327.5,3.52,35.07,33.18,10,6.25,-1.89,1.89,Normal
2025-10-27,Mwea Smallholder,E,2808.1,1070.1,40,HDPE,110.3,3.99,46.83,42.71,4,1.41,-4.12,4.12,Normal
2025-10-28,Embu Green,E,3184.7,1237.8,63,PVC,93.3,1.48,40.27,45.29,9,4.84,5.02,0.0,Normal
2025-10-28,Mwea Smallholder,E,4907.4,1319.5,90,PVC,786.5,5.66,31.72,30.8,1,7.66,-0.92,0.92,Normal
2025-10-28,Embu Green,B,4244.9,1205.5,75,PVC,494.1,2.33,35.6,37.08,3,2.65,1.48,0.0,Normal
2025-10-28,Kibugu-Nguviu,A,1573.6,962.7,50,HDPE,788.4,2.27,42.21,36.32,5,4.44,-5.89,5.89,Normal
2025-10-28,Runyenjes East,G,189.5,1036.3,75,GI,252.6,7.61,51.17,49.14,7,1.03,-2.03,2.03,Normal
2025-10-28,Runyenjes East,E,3104.0,1040.2,63,HDPE,391.3,4.41,46.15,41.71,9,2.04,-4.44,4.44,Normal
2025-10-29,Mwea Smallholder,D,2475.4,1273.3,75,PVC,617.6,5.03,30.81,22.49,11,2.59,-8.32,8.32,Normal
2025-10-29,Embu Green,A,4186.0,1183.3,90,GI,645.2,3.3,38.14,38.13,11,1.63,-0.01,0.01,Normal
2025-10-29,Mwea Smallholder,E,1024.9,1109.0,40,PVC,56.9,3.64,46.12,53.53,5,4.71,7.41,0.0,High Pressure
2025-10-29,Mwea Smallholder,E,1653.2,1054.2,63,HDPE,745.2,5.59,39.74,40.83,6,0.6,1.09,0.0,Normal
2025-10-29,Embu Green,F,581.8,1151.2,63,PVC,101.3,4.8,44.91,46.56,5,6.91,1.65,0.0,Normal
2025-10-29,Mwea Smallholder,C,4763.0,1150.5,50,GI,51.8,3.71,48.96,43.17,8,5.86,-5.79,5.79,Normal
2025-10-29,Runyenjes East,G,2451.4,999.4,50,GI,217.2,4.69,49.74,56.42,6,3.37,6.68,0.0,High Pressure
2025-10-30,Kibugu-Nguviu,A,2185.1,1306.4,75,HDPE,332.7,0.5,37.04,38.81,6,6.57,1.77,0.0,Normal
2025-10-30,Embu Green,B,0.2,1281.7,40,PVC,76.3,1.78,37.46,40.95,6,5.1,3.49,0.0,Normal
2025-10-30,Embu Green,H,2032.7,1288.2,63,PVC,169.6,5.98,36.08,42.39,4,6.86,6.31,0.0,Normal
2025-10-30,Runyenjes East,D,141.9,1252.4,25,GI,200.9,6.73,44.79,46.27,5,7.9,1.48,0.0,Normal
2025-10-30,Kibugu-Nguviu,A,4899.6,1119.1,50,PVC,87.3,7.06,50.35,45.51,1,7.9,-4.84,4.84,Normal
2025-10-31,Kibugu-Nguviu,G,163.8,979.7,25,PVC,99.7,4.05,52.4,54.21,10,3.71,1.81,0.0,High Pressure
2025-10-31,Kibugu-Nguviu,H,3310.2,1266.5,90,PVC,592.3,6.25,42.77,40.29,11,6.79,-2.48,2.48,Normal
2025-10-31,Embu Green,H,3973.7,1344.8,63,HDPE,417.3,4.64,30.3,34.44,6,3.3,4.14,0.0,Normal
2025-10-31,Mwea Smallholder,A,220.5,1163.1,40,PVC,495.3,7.54,45.5,36.95,7,1.47,-8.55,8.55,Normal
2025-10-31,Embu Green,H,4585.9,1245.9,90,PVC,696.8,7.89,34.27,41.27,8,0.85,7.0,0.0,Normal
2025-10-31,Kibugu-Nguviu,E,780.4,1163.2,75,PVC,142.7,5.49,39.62,37.67,5,2.16,-1.95,1.95,Normal
2025-10-31,Embu Green,B,2190.9,1341.1,50,HDPE,563.3,5.15,30.7,31.53,2,6.24,0.83,0.0,Normal
2025-10-31,Runyenjes East,H,3890.7,1050.9,40,PVC,578.9,8.54,42.13,38.33,5,7.27,-3.8,3.8,Normal
2025-11-01,Kibugu-Nguviu,B,1993.9,1149.7,25,PVC,657.2,4.12,34.84,27.95,5,3.69,-6.89,6.89,Normal
2025-11-01,Kibugu-Nguviu,G,384.2,1270.3,40,PVC,168.2,2.07,34.66,35.91,10,4.77,1.25,0.0,Normal
2025-11-01,Runyenjes East,G,1681.8,1254.4,50,PVC,441.7,9.29,32.43,35.59,9,5.05,3.16,0.0,Normal
2025-11-01,Embu Green,F,258.3,972.1,32,HDPE,636.6,6.31,45.89,34.55,9,4.16,-11.34,11.34,Normal
2025-11-01,Kibugu-Nguviu,E,1570.5,1020.1,32,GI,606.6,4.19,37.91,41.39,5,4.17,3.48,0.0,Normal
2025-11-02,Mwea Smallholder,E,1650.9,1276.5,75,GI,760.0,6.97,29.85,27.39,7,3.67,-2.46,2.46,Normal
2025-11-02,Embu Green,E,1152.0,1238.9,32,HDPE,145.7,3.13,38.58,42.24,11,6.4,3.66,0.0,Normal
2025-11-02,Runyenjes East,H,4906.4,1025.4,25,HDPE,660.9,3.76,42.04,43.61,6,3.42,1.57,0.0,Normal
2025-11-02,Mwea Smallholder,D,2465.9,1306.1,40,PVC,797.0,3.91,33.58,25.56,3,1.85,-8.02,8.02,Normal
2025-11-02,Embu Green,H,2626.0,1218.4,32,HDPE,78.7,6.54,38.43,34.92,8,1.85,-3.51,3.51,Normal
2025-11-02,Runyenjes East,H,2114.8,1037.3,50,PVC,685.4,5.46,45.1,39.53,6,7.24,-5.57,5.57,Normal
2025-11-02,Embu Green,G,1770.9,1006.8,50,PVC,80.9,9.33,51.0,51.04,7,7.55,0.04,0.0,High Pressure
2025-11-03,Kibugu-Nguviu,A,284.8,1283.2,63,HDPE,515.3,4.05,35.03,29.24,11,2.02,-5.79,5.79,Normal
2025-11-03,Embu Green,B,2000.8,1070.6,75,PVC,597.0,6.31,41.38,35.9,3,4.19,-5.48,5.48,Normal
2025-11-03,Embu Green,C,1365.6,1257.3,90,GI,55.5,9.27,39.42,43.63,3,7.45,4.21,0.0,Normal
2025-11-03,Mwea Smallholder,C,1838.5,1107.3,40,HDPE,625.7,2.08,42.44,51.45,2,4.57,9.01,0.0,High Pressure
2025-11-03,Mwea Smallholder,C,2778.4,1312.9,50,HDPE,228.7,4.93,39.4,31.74,6,1.45,-7.66,7.66,Normal
2025-11-03,Mwea Smallholder,G,3239.1,1334.3,25,PVC,757.7,2.01,26.26,28.49,10,7.07,2.23,0.0,Normal
2025-11-03,Mwea Smallholder,C,680.7,1330.6,40,PVC,419.9,3.13,34.67,38.96,1,3.52,4.29,0.0,Normal
2025-11-03,Kibugu-Nguviu,H,892.2,1188.6,63,PVC,555.5,6.22,36.22,33.33,9,2.42,-2.89,2.89,Normal
2025-11-04,Mwea Smallholder,E,3949.4,1299.3,32,PVC,465.2,4.86,39.47,34.23,3,4.42,-5.24,5.24,Normal
2025-11-04,Embu Green,C,1322.9,1330.4,63,PVC,539.6,5.82,32.87,29.0,1,7.39,-3.87,3.87,Normal
2025-11-04,Embu Green,D,958.2,1034.3,75,PVC,764.0,5.96,39.17,31.61,2,1.6,-7.56,7.56,Normal
2025-11-04,Embu Green,E,2433.2,1102.2,50,PVC,231.2,3.16,50.19,51.45,1,5.6,1.26,0.0,High Pressure
2025-11-04,Embu Green,C,312.8,1238.9,63,PVC,329.6,3.9,38.31,38.88,3,5.61,0.57,0.0,Normal
2025-11-04,Runyenjes East,E,4272.2,1137.9,40,PVC,460.7,5.76,39.88,31.21,9,3.18,-8.67,8.67,Normal
2025-11-04,Mwea Smallholder,G,647.9,1153.5,40,PVC,403.2,5.18,41.5,44.37,4,1.58,2.87,0.0,Normal
2025-11-04,Runyenjes East,D,4316.1,1100.6,40,HDPE,681.2,3.18,37.06,32.76,6,3.58,-4.3,4.3,Normal
2025-11-04,Embu Green,E,3570.1,1057.0,63,PVC,328.2,4.89,48.77,44.41,5,2.25,-4.36,4.36,Normal
2025-11-04,Kibugu-Nguviu,F,3547.2,1260.5,40,HDPE,692.7,4.66,29.59,25.85,8,7.85,-3.74,3.74,Normal
2025-11-04,Embu Green,B,2499.0,1102.2,50,PVC,723.6,4.48,43.21,46.64,6,1.04,3.43,0.0,Normal
2025-11-05,Mwea Smallholder,B,4487.8,1018.6,90,GI,233.0,5.65,52.62,50.36,3,4.77,-2.26,2.26,High Pressure
2025-11-05,Embu Green,A,4652.4,1289.8,25,PVC,230.0,7.49,37.18,46.22,7,7.01,9.04,0.0,Normal
2025-11-05,Runyenjes East,G,1243.0,1035.7,75,PVC,193.0,6.35,45.68,41.28,6,2.06,-4.4,4.4,Normal
2025-11-05,Mwea Smallholder,A,2801.7,1255.5,50,PVC,667.7,6.87,37.65,40.88,3,4.47,3.23,0.0,Normal
2025-11-05,Mwea Smallholder,H,2674.4,1236.4,75,HDPE,168.6,8.35,43.85,35.27,6,7.08,-8.58,8.58,Normal
2025-11-05,Runyenjes East,G,3195.1,1007.2,25,GI,63.5,4.31,48.99,45.42,10,1.09,-3.57,3.57,Normal
2025-11-06,Embu Green,D,3659.8,1268.1,75,PVC,461.7,4.07,33.97,35.87,2,1.34,1.9,0.0,Normal
2025-11-06,Mwea Smallholder,A,269.1,1297.0,32,HDPE,157.2,0.5,33.67,38.41,2,1.78,4.74,0.0,Normal
2025-11-06,Kibugu-Nguviu,A,4228.2,1197.1,32,PVC,650.8,3.37,34.4,29.94,5,5.76,-4.46,4.46,Normal
2025-11-06,Embu Green,G,2114.9,1221.8,75,GI,580.7,6.32,30.21,23.81,1,3.35,-6.4,6.4,Normal
2025-11-06,Embu Green,B,3069.2,996.1,50,PVC,599.0,8.1,45.01,36.1,5,1.7,-8.91,8.91,Normal
2025-11-06,Kibugu-Nguviu,A,684.4,1014.0,75,PVC,279.5,7.51,48.6,37.67,5,0.93,-10.93,10.93,Normal
2025-11-07,Embu Green,A,3553.6,1119.6,63,PVC,783.6,4.12,36.35,31.89,1,4.54,-4.46,4.46,Normal
2025-11-07,Embu Green,D,3131.0,1231.1,75,PVC,134.9,4.97,44.39,42.3,3,3.8,-2.09,2.09,Normal
2025-11-07,Kibugu-Nguviu,H,2732.3,1083.2,63,PVC,336.7,9.13,45.3,49.39,3,7.83,4.09,0.0,Normal
2025-11-07,Runyenjes East,G,350.2,1279.2,40,PVC,557.9,4.59,33.35,33.57,6,3.67,0.22,0.0,Normal
2025-11-07,Embu Green,H,4216.2,1261.1,40,PVC,192.1,5.11,44.08,43.72,4,4.79,-0.36,0.36,Normal
2025-11-07,Mwea Smallholder,C,4217.6,1297.6,75,PVC,525.2,5.8,30.77,19.75,8,4.72,-11.02,11.02,Normal
2025-11-07,Embu Green,H,1692.7,1173.0,50,PVC,659.3,5.86,34.6,33.06,8,3.83,-1.54,1.54,Normal
2025-11-07,Kibugu-Nguviu,F,3104.3,1347.8,40,PVC,627.2,2.21,25.35,24.93,7,3.14,-0.42,0.42,Normal
2025-11-07,Runyenjes East,C,3095.5,1153.9,40,HDPE,745.2,7.27,32.89,32.7,2,6.34,-0.19,0.19,Normal
2025-11-07,Mwea Smallholder,C,4087.1,979.9,40,PVC,42.9,3.95,54.03,53.23,3,6.95,-0.8,0.8,High Pressure
2025-11-07,Embu Green,C,2307.5,985.1,32,PVC,268.6,10.01,52.83,55.18,10,1.67,2.35,0.0,High Pressure
2025-11-07,Kibugu-Nguviu,C,4024.2,964.6,32,GI,201.7,0.63,52.67,53.61,10,3.8,0.94,0.0,High Pressure
2025-11-08,Runyenjes East,A,257.9,998.8,40,HDPE,190.5,3.23,50.87,48.37,1,3.48,-2.5,2.5,Normal
2025-11-08,Runyenjes East,D,2584.4,1259.2,63,HDPE,534.9,3.3,34.89,30.65,11,3.98,-4.24,4.24,Normal
2025-11-08,Runyenjes East,E,3572.2,1341.6,40,PVC,89.3,3.19,36.82,31.79,6,2.53,-5.03,5.03,Normal
2025-11-08,Embu Green,B,1642.3,1231.6,63,GI,301.9,7.97,34.78,30.3,10,7.6,-4.48,4.48,Normal
2025-11-08,Mwea Smallholder,A,4167.7,1160.5,75,PVC,100.3,3.36,44.43,44.22,7,7.73,-0.21,0.21,Normal
2025-11-08,Embu Green,G,1485.1,1094.1,90,PVC,297.7,5.01,45.12,41.4,6,7.01,-3.72,3.72,Normal
2025-11-08,Kibugu-Nguviu,C,2598.8,1336.8,90,PVC,513.2,7.13,33.73,30.17,11,6.68,-3.56,3.56,Normal
2025-11-08,Mwea Smallholder,G,3068.3,989.9,90,PVC,418.3,3.97,47.02,46.95,8,4.23,-0.07,0.07,Normal
2025-11-08,Kibugu-Nguviu,D,3479.4,1083.1,25,PVC,89.5,3.64,49.68,49.41,2,1.23,-0.27,0.27,Normal
2025-11-08,Embu Green,G,4434.1,1259.3,50,PVC,154.5,4.39,37.37,35.89,3,4.27,-1.48,1.48,Normal
2025-11-08,Mwea Smallholder,C,2055.4,1305.8,63,HDPE,737.7,6.24,30.2,31.09,1,2.11,0.89,0.0,Normal
2025-11-08,Embu Green,H,1711.6,1054.5,40,GI,555.2,4.07,44.13,39.12,4,3.19,-5.01,5.01,Normal
2025-11-08,Mwea Smallholder,E,632.4,1176.3,75,PVC,425.0,6.01,44.04,41.65,2,5.01,-2.39,2.39,Normal
2025-11-09,Mwea Smallholder,B,335.9,1261.8,32,PVC,735.9,6.3,35.68,32.51,8,2.13,-3.17,3.17,Normal
2025-11-09,Mwea Smallholder,C,1204.0,968.9,63,PVC,705.1,4.15,53.29,57.66,5,3.66,4.37,0.0,High Pressure
2025-11-09,Mwea Smallholder,B,1059.8,1248.0,25,HDPE,247.9,4.05,41.37,42.54,5,4.53,1.17,0.0,Normal
2025-11-09,Runyenjes East,A,3239.2,1042.2,32,PVC,588.3,3.19,40.58,40.69,9,5.7,0.11,0.0,Normal
2025-11-09,Runyenjes East,C,633.2,1015.4,75,PVC,84.8,7.8,52.82,46.68,5,7.32,-6.14,6.14,Normal
2025-11-10,Runyenjes East,F,3645.3,1261.6,50,PVC,155.8,3.05,34.51,31.95,9,1.61,-2.56,2.56,Normal
2025-11-10,Kibugu-Nguviu,F,1895.5,971.2,40,PVC,647.7,3.96,47.43,44.71,7,1.59,-2.72,2.72,Normal
2025-11-10,Runyenjes East,F,3138.0,1332.0,63,PVC,560.7,6.02,32.02,19.32,9,5.44,-12.7,12.7,Normal
2025-11-10,Embu Green,D,1767.5,1340.4,40,PVC,163.8,5.29,40.44,35.35,3,5.89,-5.09,5.09,Normal
2025-11-10,Runyenjes East,A,2988.9,1025.7,63,PVC,339.7,7.38,49.25,44.75,9,3.02,-4.5,4.5,Normal
2025-11-10,Embu Green,E,1680.5,1210.3,63,HDPE,381.1,6.35,36.76,42.09,1,7.24,5.33,0.0,Normal
2025-11-10,Runyenjes East,H,989.7,1099.0,25,PVC,335.1,5.48,42.45,44.42,5,1.55,1.97,0.0,Normal
2025-11-10,Runyenjes East,D,27.9,956.0,40,PVC,293.1,0.5,47.17,51.72,7,5.65,4.55,0.0,High Pressure
2025-11-11,Mwea Smallholder,F,3134.8,1218.8,90,PVC,115.3,4.43,39.9,35.71,5,6.6,-4.19,4.19,Normal
2025-11-11,Embu Green,D,3358.3,984.5,25,GI,318.8,1.39,51.07,54.96,4,1.98,3.89,0.0,High Pressure
2025-11-11,Embu Green,G,2236.9,1273.6,63,PVC,58.5,5.63,39.77,31.24,6,5.59,-8.53,8.53,Normal
2025-11-11,Runyenjes East,G,3455.3,1301.0,32,HDPE,732.1,4.29,27.59,20.76,1,0.78,-6.83,6.83,Normal
2025-11-11,Mwea Smallholder,A,2990.8,1199.9,40,HDPE,678.1,5.71,35.16,30.08,5,1.55,-5.08,5.08,Normal
2025-11-12,Embu Green,D,2057.7,1345.4,75,PVC,426.4,5.59,37.89,29.73,11,6.55,-8.16,8.16,Normal
2025-11-12,Runyenjes East,E,4331.9,1268.6,40,GI,744.0,8.37,31.47,27.55,6,5.06,-3.92,3.92,Normal
2025-11-12,Runyenjes East,A,1404.0,1328.8,75,PVC,625.6,2.85,27.41,24.43,7,7.72,-2.98,2.98,Normal
2025-11-12,Embu Green,G,1762.0,1121.4,32,HDPE,392.5,5.98,47.56,53.45,2,6.73,5.89,0.0,High Pressure
2025-11-12,Kibugu-Nguviu,E,3773.4,1077.3,90,PVC,159.7,10.0,48.13,50.63,1,1.34,2.5,0.0,High Pressure
2025-11-13,Mwea Smallholder,B,3680.3,1108.2,50,PVC,794.8,1.69,38.68,36.29,4,5.05,-2.39,2.39,Normal
2025-11-13,Embu Green,F,3712.0,1150.7,75,PVC,166.9,7.6,46.58,47.42,2,5.31,0.84,0.0,Normal
2025-11-13,Mwea Smallholder,F,1978.9,1339.7,40,PVC,168.7,5.83,41.89,36.03,7,7.66,-5.86,5.86,Normal
2025-11-13,Mwea Smallholder,D,1828.5,1190.0,40,PVC,117.8,3.83,44.84,49.45,4,4.42,4.61,0.0,Normal
2025-11-13,Runyenjes East,A,1409.7,1317.8,32,HDPE,221.5,5.89,31.76,29.99,10,7.15,-1.77,1.77,Normal
2025-11-14,Kibugu-Nguviu,A,4397.3,1201.7,25,PVC,218.8,6.87,38.55,46.99,4,2.33,8.44,0.0,Normal
2025-11-14,Runyenjes East,C,1254.1,1242.5,75,HDPE,555.7,5.55,33.97,29.05,10,3.43,-4.92,4.92,Normal
2025-11-14,Mwea Smallholder,B,3273.0,1036.2,50,PVC,312.6,5.98,46.42,43.93,11,0.9,-2.49,2.49,Normal
2025-11-14,Mwea Smallholder,H,1936.6,1201.5,75,PVC,501.0,6.85,42.38,44.07,1,6.04,1.69,0.0,Normal
2025-11-14,Kibugu-Nguviu,B,1810.5,973.3,32,HDPE,465.0,8.67,48.58,41.77,3,3.79,-6.81,6.81,Normal
2025-11-14,Runyenjes East,E,4132.2,1180.6,50,HDPE,615.1,7.39,36.47,33.52,2,7.35,-2.95,2.95,Normal
2025-11-14,Runyenjes East,F,3636.7,1271.1,75,PVC,382.3,3.53,39.22,47.17,7,1.47,7.95,0.0,Normal
2025-11-14,Kibugu-Nguviu,C,208.5,1156.2,25,PVC,143.2,5.23,40.75,39.01,6,6.41,-1.74,1.74,Normal
2025-11-14,Runyenjes East,G,124.2,1233.1,90,PVC,156.2,5.55,35.35,31.31,7,4.1,-4.04,4.04,Normal
2025-11-15,Embu Green,E,4769.5,1006.5,75,PVC,614.3,6.94,44.6,42.49,5,5.39,-2.11,2.11,Normal
2025-11-15,Kibugu-Nguviu,C,847.3,1160.2,75,PVC,208.3,2.89,43.94,44.23,8,2.65,0.29,0.0,Normal
2025-11-15,Kibugu-Nguviu,H,4100.1,1311.8,50,PVC,693.2,0.5,29.63,34.24,4,2.59,4.61,0.0,Normal
2025-11-15,Kibugu-Nguviu,D,4680.1,1207.7,75,PVC,664.7,3.52,39.25,41.55,7,5.01,2.3,0.0,Normal
2025-11-16,Runyenjes East,E,2599.6,1073.9,63,PVC,94.6,5.17,51.99,49.7,6,2.33,-2.29,2.29,Normal
2025-11-16,Mwea Smallholder,E,3802.1,956.4,50,PVC,722.4,4.97,41.9,39.25,6,5.73,-2.65,2.65,Normal
2025-11-16,Runyenjes East,E,3664.4,1002.1,32,GI,243.4,3.65,51.55,53.8,3,2.28,2.25,0.0,High Pressure
2025-11-16,Embu Green,B,1885.0,1027.8,50,PVC,554.0,6.34,38.95,37.18,3,5.22,-1.77,1.77,Normal
2025-11-16,Runyenjes East,F,4624.0,1259.0,25,HDPE,182.0,6.91,37.79,44.21,8,5.13,6.42,0.0,Normal
2025-11-16,Mwea Smallholder,G,1419.0,1266.0,75,PVC,127.8,7.82,34.96,33.58,3,2.67,-1.38,1.38,Normal
2025-11-16,Runyenjes East,B,1909.8,1120.2,63,PVC,320.7,4.04,44.51,40.27,8,4.9,-4.24,4.24,Normal
2025-11-17,Kibugu-Nguviu,A,1309.0,1164.1,32,HDPE,669.7,4.77,38.16,38.06,7,5.54,-0.1,0.1,Normal
2025-11-17,Embu Green,B,2507.7,984.1,63,PVC,39.0,7.28,55.43,56.85,8,0.97,1.42,0.0,High Pressure
2025-11-17,Embu Green,C,3889.8,1251.4,32,PVC,560.5,8.95,37.07,28.36,8,1.45,-8.71,8.71,Normal
2025-11-17,Mwea Smallholder,E,4340.2,1011.9,90,HDPE,757.9,3.11,41.96,40.81,9,6.24,-1.15,1.15,Normal
2025-11-17,Kibugu-Nguviu,B,775.1,1190.3,90,HDPE,91.8,5.79,36.59,29.71,8,3.13,-6.88,6.88,Normal
2025-11-17,Mwea Smallholder,D,2561.1,964.6,50,HDPE,426.7,4.82,55.34,52.61,11,4.61,-2.73,2.73,High Pressure
2025-11-17,Embu Green,E,4655.8,1267.0,90,PVC,254.3,6.07,31.14,25.33,5,4.94,-5.81,5.81,Normal
2025-11-17,Kibugu-Nguviu,C,1429.8,1264.6,63,HDPE,54.1,1.49,37.4,38.52,8,0.82,1.12,0.0,Normal
2025-11-18,Kibugu-Nguviu,B,1494.7,1170.5,40,PVC,716.2,5.52,35.67,24.64,8,6.5,-11.03,11.03,Normal
2025-11-18,Mwea Smallholder,F,857.2,1205.4,50,PVC,446.2,3.39,36.44,40.28,3,4.72,3.84,0.0,Normal
2025-11-18,Runyenjes East,H,941.4,1208.1,75,HDPE,521.6,5.7,38.65,43.29,5,6.79,4.64,0.0,Normal
2025-11-19,Kibugu-Nguviu,D,635.7,1322.9,50,HDPE,149.2,7.07,35.63,41.93,11,6.67,6.3,0.0,Normal
2025-11-19,Mwea Smallholder,A,4742.7,1221.7,40,PVC,530.7,6.54,38.91,31.45,7,1.03,-7.46,7.46,Normal
2025-11-19,Embu Green,G,3840.6,1102.0,50,PVC,707.5,3.97,40.53,38.07,5,6.41,-2.46,2.46,Normal
2025-11-19,Kibugu-Nguviu,F,4579.9,1043.7,75,PVC,767.4,5.22,41.18,43.33,4,2.48,2.15,0.0,Normal
2025-11-19,Runyenjes East,A,268.9,1044.6,63,HDPE,626.2,4.33,43.75,51.81,1,4.08,8.06,0.0,High Pressure
2025-11-19,Kibugu-Nguviu,G,4360.7,987.5,32,PVC,446.2,5.0,47.54,45.61,2,3.3,-1.93,1.93,Normal
2025-11-20,Runyenjes East,D,1182.8,1204.3,32,PVC,519.2,4.11,35.48,38.61,4,7.97,3.13,0.0,Normal
2025-11-20,Kibugu-Nguviu,A,4692.4,1105.1,50,HDPE,51.0,6.68,47.44,45.94,5,6.15,-1.5,1.5,Normal
2025-11-20,Mwea Smallholder,C,2553.0,1347.7,32,PVC,779.4,6.91,28.11,22.06,1,2.8,-6.05,6.05,Normal
2025-11-20,Embu Green,B,4959.8,1321.5,32,PVC,433.7,4.56,29.39,32.43,7,6.57,3.04,0.0,Normal
2025-11-20,Embu Green,E,2259.5,970.4,75,PVC,496.9,2.73,47.32,50.33,11,5.19,3.01,0.0,High Pressure
2025-11-20,Embu Green,H,2866.3,1133.2,75,PVC,418.8,5.19,37.94,44.19,8,6.87,6.25,0.0,Normal
2025-11-20,Kibugu-Nguviu,A,1484.6,958.3,40,PVC,211.9,6.12,53.56,57.17,7,1.74,3.61,0.0,High Pressure
2025-11-21,Kibugu-Nguviu,G,1186.0,1337.5,40,PVC,743.9,3.39,29.93,17.3,3,1.06,-12.63,12.63,Normal
2025-11-22,Kibugu-Nguviu,E,3580.8,1031.4,75,PVC,421.2,5.47,42.12,34.74,9,4.8,-7.38,7.38,Normal
2025-11-22,Embu Green,A,792.3,958.2,40,GI,501.2,2.15,42.92,33.61,2,1.98,-9.31,9.31,Normal
2025-11-22,Runyenjes East,B,1419.3,1023.2,32,PVC,41.7,2.98,52.89,56.0,1,4.51,3.11,0.0,High Pressure
2025-11-22,Runyenjes East,E,4178.8,1141.2,63,HDPE,505.5,5.61,37.86,43.41,2,4.02,5.55,0.0,Normal
2025-11-22,Runyenjes East,B,1572.9,1137.7,40,HDPE,44.1,3.04,46.34,44.75,5,5.12,-1.59,1.59,Normal
2025-11-22,Embu Green,G,3472.2,1165.6,40,HDPE,386.9,3.85,35.91,38.71,5,2.04,2.8,0.0,Normal
2025-11-23,Kibugu-Nguviu,G,4784.3,968.0,75,PVC,602.4,4.64,51.27,55.02,5,6.03,3.75,0.0,High Pressure
2025-11-23,Embu Green,D,4866.7,982.6,63,PVC,731.8,3.98,46.9,44.99,2,7.88,-1.91,1.91,Normal
2025-11-23,Embu Green,F,2701.2,1143.9,75,PVC,622.3,3.67,36.1,31.63,8,7.95,-4.47,4.47,Normal
2025-11-23,Embu Green,D,4260.2,1194.5,75,HDPE,258.4,5.06,40.52,39.81,4,2.18,-0.71,0.71,Normal
2025-11-23,Mwea Smallholder,G,4699.7,1324.1,75,PVC,514.6,4.26,27.91,29.2,2,4.49,1.29,0.0,Normal
2025-11-23,Embu Green,G,234.3,1076.5,40,HDPE,761.8,6.13,40.47,43.63,2,2.22,3.16,0.0,Normal
2025-11-23,Runyenjes East,H,3636.6,1152.7,50,PVC,363.8,4.19,45.7,50.64,6,5.56,4.94,0.0,High Pressure
2025-11-23,Runyenjes East,E,60.2,1081.3,32,PVC,768.5,4.31,44.68,48.99,3,0.99,4.31,0.0,Normal
2025-11-23,Runyenjes East,C,1221.7,1093.1,25,HDPE,174.1,5.28,46.5,44.33,7,1.89,-2.17,2.17,Normal
2025-11-23,Mwea Smallholder,C,2549.8,1326.1,63,GI,254.4,2.77,37.94,41.04,5,7.36,3.1,0.0,Normal
2025-11-23,Embu Green,C,364.6,1119.8,75,PVC,577.0,7.23,38.1,38.82,8,5.99,0.72,0.0,Normal
2025-11-24,Mwea Smallholder,H,2820.2,1039.6,50,GI,454.1,8.57,46.96,46.13,11,4.77,-0.83,0.83,Normal
2025-11-24,Runyenjes East,C,1032.4,1117.9,90,PVC,72.2,3.4,47.81,50.67,10,4.93,2.86,0.0,High Pressure
2025-11-24,Embu Green,C,2816.9,989.7,63,GI,379.5,3.33,47.78,44.55,11,7.74,-3.23,3.23,Normal
2025-11-24,Embu Green,B,1765.2,1094.5,40,HDPE,347.3,8.45,43.01,42.33,10,6.61,-0.68,0.68,Normal
2025-11-24,Mwea Smallholder,E,3801.0,1193.5,40,PVC,168.6,6.48,33.95,31.56,3,4.22,-2.39,2.39,Normal
2025-11-24,Runyenjes East,B,980.7,1328.6,90,PVC,232.5,6.61,35.02,36.36,2,1.3,1.34,0.0,Normal
2025-11-25,Kibugu-Nguviu,H,3825.4,1047.7,75,GI,394.1,3.51,44.92,43.84,1,0.79,-1.08,1.08,Normal
2025-11-25,Embu Green,E,179.5,1260.8,40,HDPE,112.8,3.6,35.94,43.73,2,6.12,7.79,0.0,Normal
2025-11-25,Runyenjes East,G,925.7,1265.8,75,PVC,569.4,4.44,35.83,37.04,8,6.3,1.21,0.0,Normal
2025-11-25,Mwea Smallholder,G,4129.6,986.6,50,PVC,517.7,6.86,46.73,41.62,2,4.5,-5.11,5.11,Normal
2025-11-25,Embu Green,H,4373.2,1131.1,63,PVC,73.2,5.95,42.39,35.57,11,6.93,-6.82,6.82,Normal
2025-11-25,Embu Green,D,4924.9,1189.9,75,PVC,353.8,5.07,40.86,41.5,5,1.51,0.64,0.0,Normal
2025-11-26,Kibugu-Nguviu,G,1169.2,1192.9,32,PVC,429.9,5.09,38.21,36.54,10,3.06,-1.67,1.67,Normal
2025-11-26,Kibugu-Nguviu,E,2345.2,1164.3,32,PVC,195.8,4.48,43.0,46.23,1,6.44,3.23,0.0,Normal
2025-11-26,Embu Green,D,4994.0,1277.0,40,HDPE,185.6,6.52,37.4,38.68,1,3.23,1.28,0.0,Normal
2025-11-26,Kibugu-Nguviu,F,1047.3,1182.1,40,HDPE,547.7,5.53,36.85,33.12,6,3.93,-3.73,3.73,Normal
2025-11-26,Embu Green,F,2152.9,965.9,40,GI,482.4,3.26,47.06,45.32,4,6.71,-1.74,1.74,Normal
2025-11-26,Embu Green,E,1570.0,1074.7,32,HDPE,380.1,5.33,42.99,38.37,4,6.44,-4.62,4.62,Normal
2025-11-27,Mwea Smallholder,A,1005.4,978.4,75,PVC,773.9,5.0,41.41,39.85,1,2.88,-1.56,1.56,Normal
2025-11-27,Runyenjes East,H,2431.2,1123.4,50,HDPE,108.9,5.32,46.24,46.19,2,4.82,-0.05,0.05,Normal
2025-11-27,Runyenjes East,D,2109.7,1326.4,63,HDPE,170.4,5.03,29.42,31.52,9,2.08,2.1,0.0,Normal
2025-11-27,Mwea Smallholder,A,2591.6,1243.1,90,PVC,280.8,4.43,39.79,41.15,10,4.3,1.36,0.0,Normal
2025-11-27,Mwea Smallholder,E,4076.4,1267.9,90,PVC,366.8,4.35,36.94,33.4,7,7.45,-3.54,3.54,Normal
2025-11-27,Runyenjes East,D,2202.2,1318.3,32,HDPE,101.8,5.42,36.65,39.4,10,4.71,2.75,0.0,Normal
2025-11-27,Mwea Smallholder,G,1923.0,1345.6,32,GI,540.1,6.38,24.83,30.35,2,6.09,5.52,0.0,Normal
2025-11-27,Embu Green,H,2768.6,1334.8,63,GI,182.1,5.8,37.38,26.87,9,6.96,-10.51,10.51,Normal
2025-11-27,Runyenjes East,G,3356.2,1006.6,90,GI,306.0,7.88,43.93,42.29,6,5.26,-1.64,1.64,Normal
2025-11-28,Embu Green,D,4658.2,964.1,50,PVC,140.7,4.2,54.04,50.41,4,1.36,-3.63,3.63,High Pressure
2025-11-28,Runyenjes East,G,4592.0,986.7,25,HDPE,145.6,3.72,51.32,52.98,10,1.96,1.66,0.0,High Pressure
2025-11-28,Mwea Smallholder,G,2615.9,1323.6,32,PVC,448.3,6.69,33.53,31.22,8,6.83,-2.31,2.31,Normal
2025-11-28,Runyenjes East,C,1150.4,1236.5,63,HDPE,260.4,3.41,38.62,46.38,3,3.69,7.76,0.0,Normal
2025-11-28,Runyenjes East,D,2307.5,1257.7,40,PVC,345.1,4.0,38.68,31.01,3,4.86,-7.67,7.67,Normal
2025-11-29,Kibugu-Nguviu,F,666.2,1031.3,75,PVC,449.5,4.79,43.99,43.36,10,7.31,-0.63,0.63,Normal
2025-11-29,Mwea Smallholder,F,1952.6,1007.2,50,PVC,624.4,1.32,46.33,51.33,11,5.89,5.0,0.0,High Pressure
2025-11-29,Kibugu-Nguviu,H,3221.0,1342.6,32,HDPE,194.3,0.5,38.95,38.71,8,1.63,-0.24,0.24,Normal
2025-11-29,Runyenjes East,G,657.5,1132.2,25,PVC,603.0,5.89,39.77,41.52,2,7.74,1.75,0.0,Normal
2025-11-29,Runyenjes East,G,2549.6,1040.9,50,PVC,528.6,5.89,47.03,44.25,7,5.6,-2.78,2.78,Normal
2025-11-29,Embu Green,A,1203.5,1118.2,75,PVC,379.2,5.0,47.24,46.49,5,2.67,-0.75,0.75,Normal
2025-11-29,Runyenjes East,E,3539.7,1001.1,90,PVC,154.0,3.65,52.08,48.33,6,5.56,-3.75,3.75,Normal
2025-11-29,Mwea Smallholder,F,490.9,1075.5,32,PVC,707.6,7.35,36.1,32.01,10,2.57,-4.09,4.09,Normal
2025-11-29,Runyenjes East,G,3757.0,1218.2,75,HDPE,441.1,2.18,42.52,52.16,4,4.01,9.64,0.0,High Pressure
2025-11-29,Mwea Smallholder,A,327.5,1102.5,75,PVC,532.4,5.55,45.93,41.46,4,2.0,-4.47,4.47,Normal
2025-11-30,Runyenjes East,C,2807.6,1043.1,50,HDPE,34.5,2.67,47.8,51.25,5,2.01,3.45,0.0,High Pressure
2025-11-30,Mwea Smallholder,D,1780.8,1248.3,50,PVC,387.8,5.27,34.64,44.58,2,4.11,9.94,0.0,Normal
2025-11-30,Mwea Smallholder,H,3108.8,1337.9,63,GI,476.7,6.17,33.02,29.23,2,6.65,-3.79,3.79,Normal
2025-11-30,Runyenjes East,A,4931.2,1066.8,50,PVC,481.5,5.71,45.61,36.13,3,1.78,-9.48,9.48,Normal
2025-11-30,Embu Green,C,3902.9,1150.9,63,GI,496.9,5.5,38.75,39.93,10,4.66,1.18,0.0,Normal
2025-11-30,Embu Green,G,53.9,1230.4,50,HDPE,114.7,5.46,36.21,38.77,3,3.5,2.56,0.0,Normal
2025-11-30,Runyenjes East,D,3887.5,1304.1,63,PVC,110.2,1.81,33.68,28.97,3,6.34,-4.71,4.71,Normal
2025-11-30,Embu Green,A,344.8,1269.7,25,PVC,469.8,4.06,32.42,29.28,7,3.43,-3.14,3.14,Normal
2025-11-30,Kibugu-Nguviu,A,891.3,1152.1,40,PVC,462.1,5.57,38.05,37.92,6,0.52,-0.13,0.13,Normal
2025-11-30,Kibugu-Nguviu,G,2364.6,1005.0,50,PVC,459.3,4.3,49.27,43.42,2,2.88,-5.85,5.85,Normal
2025-11-30,Kibugu-Nguviu,D,2448.6,973.4,50,PVC,287.5,4.13,52.04,48.14,2,2.95,-3.9,3.9,Normal
2025-11-30,Embu Green,C,2280.8,957.4,63,PVC,718.9,2.91,44.56,32.45,5,5.62,-12.11,12.11,Normal
2025-11-30,Mwea Smallholder,H,1820.2,1188.7,90,PVC,429.2,4.09,39.69,32.66,1,6.87,-7.03,7.03,Normal
2025-12-01,Runyenjes East,E,256.2,1326.4,90,HDPE,652.3,6.46,28.06,25.17,4,6.85,-2.89,2.89,Normal
2025-12-01,Kibugu-Nguviu,E,4742.4,1214.2,90,PVC,173.7,3.4,40.41,32.17,6,1.23,-8.24,8.24,Normal
2025-12-01,Embu Green,H,4718.6,1288.0,75,HDPE,315.7,5.63,33.35,30.3,3,2.23,-3.05,3.05,Normal
2025-12-01,Mwea Smallholder,B,4354.8,1247.3,50,PVC,39.6,7.64,45.26,37.65,2,5.38,-7.61,7.61,Normal
2025-12-01,Mwea Smallholder,A,3300.3,1177.6,40,HDPE,523.5,6.39,38.92,39.89,3,6.45,0.97,0.0,Normal
2025-12-01,Runyenjes East,B,2661.5,1347.0,75,HDPE,426.3,7.75,32.45,25.92,3,5.23,-6.53,6.53,Normal
2025-12-01,Mwea Smallholder,B,1636.9,1034.6,75,HDPE,707.4,5.49,44.79,45.93,5,7.51,1.14,0.0,Normal
2025-12-01,Runyenjes East,D,4370.7,1065.2,40,HDPE,751.4,6.51,43.96,47.84,2,5.68,3.88,0.0,Normal
2025-12-02,Embu Green,C,1432.7,1042.6,63,PVC,464.5,5.9,43.07,50.29,8,2.38,7.22,0.0,High Pressure
2025-12-02,Embu Green,B,3081.3,1035.1,75,PVC,516.3,8.32,49.73,53.88,1,3.17,4.15,0.0,High Pressure
2025-12-02,Embu Green,H,3388.6,1347.0,75,HDPE,444.4,7.82,28.13,28.34,6,5.69,0.21,0.0,Normal
2025-12-02,Kibugu-Nguviu,D,308.2,1158.7,50,PVC,409.1,3.7,39.71,35.15,3,1.32,-4.56,4.56,Normal
2025-12-02,Mwea Smallholder,D,2159.5,1038.4,50,PVC,237.5,6.52,49.01,44.54,1,6.26,-4.47,4.47,Normal
2025-12-02,Kibugu-Nguviu,D,2569.9,1113.5,32,HDPE,553.7,4.39,43.99,44.95,10,7.13,0.96,0.0,Normal
2025-12-02,Runyenjes East,E,1938.9,1114.2,32,HDPE,75.9,3.49,49.35,50.57,10,4.81,1.22,0.0,High Pressure
2025-12-02,Embu Green,E,6.6,960.8,90,PVC,63.4,5.47,58.81,62.13,3,7.32,3.32,0.0,High Pressure
2025-12-02,Runyenjes East,D,2544.7,1046.3,90,PVC,456.2,3.22,46.77,48.14,3,7.25,1.37,0.0,Normal
2025-12-02,Runyenjes East,H,1329.0,961.7,40,PVC,49.6,5.02,54.19,55.22,6,0.8,1.03,0.0,High Pressure
2025-12-03,Kibugu-Nguviu,C,3081.4,1073.8,90,PVC,144.7,2.68,47.92,41.85,2,2.36,-6.07,6.07,Normal
2025-12-03,Embu Green,F,4178.7,1200.3,63,PVC,650.0,7.57,37.41,41.83,9,5.41,4.42,0.0,Normal
2025-12-03,Mwea Smallholder,A,4436.1,1346.3,90,PVC,433.7,3.8,34.28,28.28,4,3.1,-6.0,6.0,Normal
2025-12-03,Mwea Smallholder,B,1509.8,1197.5,75,PVC,350.7,4.15,39.63,43.39,6,7.96,3.76,0.0,Normal
2025-12-03,Mwea Smallholder,G,3619.0,1007.4,63,HDPE,524.5,6.41,50.32,43.9,6,3.93,-6.42,6.42,Normal
2025-12-03,Embu Green,D,4266.7,1041.6,32,PVC,662.3,0.87,40.74,34.37,4,3.38,-6.37,6.37,Normal
2025-12-03,Mwea Smallholder,C,533.4,1132.3,50,GI,719.0,3.29,40.48,42.25,3,6.99,1.77,0.0,Normal
2025-12-03,Runyenjes East,D,3935.4,1111.7,75,PVC,443.7,5.37,38.84,37.82,1,4.83,-1.02,1.02,Normal
2025-12-03,Runyenjes East,A,840.2,1211.3,75,PVC,465.0,3.08,35.16,37.72,9,0.88,2.56,0.0,Normal
2025-12-03,Kibugu-Nguviu,B,2089.6,1348.2,90,PVC,178.1,3.39,35.01,36.16,10,1.14,1.15,0.0,Normal
2025-12-03,Runyenjes East,G,3013.4,1298.9,40,PVC,354.5,5.66,28.61,25.48,4,2.51,-3.13,3.13,Normal
2025-12-04,Kibugu-Nguviu,E,212.9,1271.6,90,PVC,747.6,2.86,33.54,29.11,6,6.38,-4.43,4.43,Normal
2025-12-04,Embu Green,E,584.2,1104.6,32,HDPE,206.0,6.24,48.34,39.34,4,7.25,-9.0,9.0,Normal
2025-12-04,Embu Green,H,4448.4,957.3,40,HDPE,235.1,3.85,50.53,47.67,3,0.73,-2.86,2.86,Normal
2025-12-04,Kibugu-Nguviu,F,3792.0,1158.0,32,PVC,380.3,5.9,34.52,27.83,8,5.53,-6.69,6.69,Normal
2025-12-04,Mwea Smallholder,A,4074.2,1256.0,75,PVC,735.4,7.27,29.84,28.46,1,2.98,-1.38,1.38,Normal
2025-12-04,Runyenjes East,B,2281.2,1160.9,75,PVC,383.8,4.09,40.62,40.3,8,2.04,-0.32,0.32,Normal
2025-12-04,Embu Green,F,1013.8,1039.7,40,HDPE,364.9,3.37,45.29,42.12,1,4.71,-3.17,3.17,Normal
2025-12-04,Embu Green,E,4651.1,1226.7,63,PVC,273.1,7.46,34.1,31.73,10,2.7,-2.37,2.37,Normal
2025-12-05,Embu Green,F,3738.2,1254.8,90,HDPE,629.9,5.68,30.41,32.22,5,6.3,1.81,0.0,Normal
2025-12-05,Embu Green,G,3098.1,1209.6,50,PVC,776.1,5.29,33.01,33.03,9,4.71,0.02,0.0,Normal
2025-12-05,Kibugu-Nguviu,G,2589.7,1287.3,90,PVC,463.4,5.98,33.27,41.6,9,7.32,8.33,0.0,Normal
2025-12-05,Mwea Smallholder,E,2355.3,1136.8,75,PVC,244.5,5.79,45.25,50.12,11,6.72,4.87,0.0,High Pressure
2025-12-05,Runyenjes East,F,980.8,1291.1,90,PVC,475.8,4.98,35.59,43.14,11,1.0,7.55,0.0,Normal
2025-12-05,Embu Green,C,2207.5,1324.6,32,PVC,266.0,1.6,36.03,37.62,4,7.55,1.59,0.0,Normal
2025-12-05,Embu Green,D,3299.3,1312.1,32,HDPE,310.0,4.73,31.9,31.94,3,3.01,0.04,0.0,Normal
2025-12-05,Kibugu-Nguviu,H,1189.8,955.7,63,PVC,137.1,9.86,50.69,49.09,7,2.0,-1.6,1.6,Normal
2025-12-06,Embu Green,E,1751.3,1234.5,50,PVC,501.7,5.53,33.84,32.99,3,7.12,-0.85,0.85,Normal
2025-12-06,Kibugu-Nguviu,B,4823.0,1055.6,50,PVC,165.5,3.77,49.56,48.07,5,7.82,-1.49,1.49,Normal
2025-12-06,Mwea Smallholder,A,309.5,1302.5,90,GI,109.9,8.03,38.52,29.88,6,4.03,-8.64,8.64,Normal
2025-12-06,Runyenjes East,F,2592.6,1001.5,90,PVC,668.3,4.5,42.06,37.99,3,5.65,-4.07,4.07,Normal
2025-12-06,Runyenjes East,D,2314.0,1040.5,63,PVC,290.1,6.35,44.26,45.15,6,6.82,0.89,0.0,Normal
2025-12-06,Runyenjes East,F,2485.6,1324.4,50,HDPE,533.1,7.12,33.35,34.2,8,3.21,0.85,0.0,Normal
2025-12-06,Mwea Smallholder,G,3369.1,1109.5,40,PVC,460.1,2.94,47.05,50.24,8,3.86,3.19,0.0,High Pressure
2025-12-06,Kibugu-Nguviu,C,4777.3,1191.6,32,PVC,742.0,8.78,37.15,37.8,3,5.12,0.65,0.0,Normal
2025-12-07,Mwea Smallholder,G,3463.4,1216.6,75,GI,323.8,4.92,41.3,35.59,2,4.15,-5.71,5.71,Normal
2025-12-07,Mwea Smallholder,B,4885.8,1180.9,63,PVC,608.3,8.86,36.14,37.93,8,4.26,1.79,0.0,Normal
2025-12-07,Kibugu-Nguviu,H,1822.5,1132.0,50,PVC,625.5,4.77,36.55,31.53,2,2.84,-5.02,5.02,Normal
2025-12-07,Runyenjes East,A,4415.3,1324.1,25,HDPE,689.0,3.93,30.59,33.13,1,2.41,2.54,0.0,Normal
2025-12-07,Runyenjes East,E,1495.9,1211.5,75,PVC,576.1,5.19,32.21,29.55,8,4.93,-2.66,2.66,Normal
2025-12-07,Kibugu-Nguviu,D,2471.5,1243.1,50,HDPE,516.8,3.67,35.07,32.06,10,6.3,-3.01,3.01,Normal
2025-12-07,Runyenjes East,C,4489.4,1081.4,75,PVC,352.1,5.6,49.83,48.27,4,0.51,-1.56,1.56,Normal
2025-12-08,Mwea Smallholder,H,113.3,1303.9,32,PVC,451.0,1.7,30.85,28.4,4,2.13,-2.45,2.45,Normal
2025-12-08,Embu Green,D,1425.3,1078.6,75,PVC,382.4,1.46,43.05,38.0,5,2.11,-5.05,5.05,Normal
2025-12-08,Kibugu-Nguviu,A,3955.3,1246.8,50,PVC,332.0,5.13,35.4,39.26,6,5.16,3.86,0.0,Normal
2025-12-08,Runyenjes East,C,1625.5,1220.3,32,GI,777.6,4.44,34.93,31.26,10,3.81,-3.67,3.67,Normal
2025-12-08,Mwea Smallholder,E,32.5,1307.7,90,PVC,186.6,8.23,36.04,36.08,2,7.67,0.04,0.0,Normal
2025-12-08,Kibugu-Nguviu,E,4981.1,1331.8,25,HDPE,367.4,3.46,30.87,22.1,8,3.43,-8.77,8.77,Normal
2025-12-08,Kibugu-Nguviu,A,4604.6,1042.4,50,PVC,313.8,1.72,43.15,38.51,8,4.11,-4.64,4.64,Normal
2025-12-08,Mwea Smallholder,G,3611.6,1187.4,90,PVC,211.9,7.33,36.23,37.05,9,3.91,0.82,0.0,Normal
2025-12-09,Kibugu-Nguviu,B,374.7,1231.6,63,PVC,651.4,3.36,41.12,44.36,6,7.1,3.24,0.0,Normal
2025-12-09,Kibugu-Nguviu,E,2001.6,979.4,50,PVC,621.0,3.5,45.28,41.69,5,3.19,-3.59,3.59,Normal
2025-12-09,Runyenjes East,B,220.0,1156.0,50,GI,695.4,7.91,38.94,35.96,3,7.99,-2.98,2.98,Normal
2025-12-09,Embu Green,H,3556.0,1203.4,75,PVC,257.3,4.88,41.75,32.24,6,5.48,-9.51,9.51,Normal
2025-12-09,Embu Green,F,1829.1,1321.4,90,PVC,81.1,3.43,36.03,39.04,2,3.0,3.01,0.0,Normal
2025-12-09,Embu Green,F,4306.9,1257.0,32,PVC,247.1,3.95,36.13,38.97,9,1.61,2.84,0.0,Normal
2025-12-10,Runyenjes East,C,1968.3,1224.8,40,HDPE,327.7,4.4,35.18,28.24,8,5.71,-6.94,6.94,Normal
2025-12-10,Embu Green,G,2689.3,1068.0,32,PVC,423.3,8.53,40.63,42.95,8,2.55,2.32,0.0,Normal
2025-12-10,Runyenjes East,F,3284.1,1085.2,40,PVC,627.0,4.41,38.49,39.89,6,6.5,1.4,0.0,Normal
2025-12-10,Embu Green,G,429.4,1119.1,25,PVC,596.2,4.56,38.32,41.29,6,5.34,2.97,0.0,Normal
2025-12-11,Kibugu-Nguviu,F,4241.0,1200.5,25,HDPE,153.2,7.26,43.79,49.56,7,2.49,5.77,0.0,Normal
2025-12-11,Embu Green,F,4513.7,1213.1,75,PVC,106.9,2.21,42.99,34.62,8,3.19,-8.37,8.37,Normal
2025-12-11,Embu Green,A,4462.6,1187.5,63,HDPE,155.8,5.7,48.02,43.53,2,1.51,-4.49,4.49,Normal
2025-12-11,Embu Green,A,89.7,1149.3,32,PVC,673.6,5.57,41.19,33.74,7,4.29,-7.45,7.45,Normal
2025-12-11,Runyenjes East,D,1013.6,1112.1,75,PVC,349.1,6.14,47.1,45.44,2,1.08,-1.66,1.66,Normal
2025-12-11,Mwea Smallholder,B,4010.4,971.3,75,PVC,327.4,2.51,50.15,49.95,8,6.32,-0.2,0.2,Normal
2025-12-11,Embu Green,F,4561.3,1026.8,25,PVC,514.7,4.56,47.55,51.06,11,2.17,3.51,0.0,High Pressure
2025-12-11,Mwea Smallholder,E,3169.8,986.6,40,PVC,710.1,4.67,47.68,48.53,1,7.09,0.85,0.0,Normal
2025-12-12,Kibugu-Nguviu,F,2722.2,1233.9,40,PVC,482.4,2.54,44.79,45.17,4,2.89,0.38,0.0,Normal
2025-12-12,Runyenjes East,A,2867.8,1165.8,63,PVC,50.3,5.19,49.35,52.85,1,0.79,3.5,0.0,High Pressure
2025-12-12,Embu Green,H,3499.0,1033.2,90,PVC,441.8,6.88,42.89,37.43,3,3.76,-5.46,5.46,Normal
2025-12-12,Kibugu-Nguviu,E,505.5,1293.0,63,PVC,460.0,6.39,39.86,39.63,1,2.22,-0.23,0.23,Normal
2025-12-12,Mwea Smallholder,B,4442.1,1239.0,75,PVC,564.1,6.59,31.21,38.52,8,7.52,7.31,0.0,Normal
2025-12-12,Runyenjes East,A,1445.0,1319.1,40,PVC,182.9,5.35,36.14,31.31,9,0.69,-4.83,4.83,Normal
2025-12-12,Runyenjes East,F,1172.0,1182.0,50,HDPE,621.0,5.7,38.84,41.18,8,6.2,2.34,0.0,Normal
2025-12-12,Embu Green,B,3316.5,1159.5,40,PVC,72.9,3.28,44.18,45.23,5,6.27,1.05,0.0,Normal
2025-12-13,Runyenjes East,D,1876.2,1006.9,25,PVC,726.4,6.55,43.13,46.36,5,2.12,3.23,0.0,Normal
2025-12-13,Embu Green,D,1465.9,1191.4,63,PVC,41.0,5.07,49.02,50.14,2,7.76,1.12,0.0,High Pressure
2025-12-13,Kibugu-Nguviu,A,853.5,1329.4,32,PVC,605.9,3.72,30.72,27.63,7,2.58,-3.09,3.09,Normal
2025-12-13,Mwea Smallholder,C,2026.3,1079.3,32,PVC,190.5,5.65,42.99,55.14,8,3.78,12.15,0.0,High Pressure
2025-12-13,Mwea Smallholder,A,3490.5,1288.8,40,PVC,615.0,0.5,32.3,25.54,8,5.51,-6.76,6.76,Normal
2025-12-13,Mwea Smallholder,A,2834.4,1119.3,75,PVC,662.7,4.11,38.45,40.5,7,4.82,2.05,0.0,Normal
2025-12-14,Mwea Smallholder,H,1274.1,1180.9,63,PVC,751.9,4.64,39.09,40.64,7,6.71,1.55,0.0,Normal
2025-12-14,Kibugu-Nguviu,H,212.6,1230.0,75,PVC,135.5,4.06,37.48,32.73,5,7.73,-4.75,4.75,Normal
2025-12-14,Mwea Smallholder,G,1968.0,1096.9,63,PVC,173.8,8.67,46.84,43.33,3,6.11,-3.51,3.51,Normal
2025-12-14,Kibugu-Nguviu,F,3760.3,1135.4,40,PVC,569.2,2.7,36.82,36.16,4,7.98,-0.66,0.66,Normal
2025-12-14,Mwea Smallholder,G,3294.2,1043.1,25,PVC,703.3,5.99,47.4,39.96,4,7.15,-7.44,7.44,Normal
2025-12-14,Runyenjes East,F,2172.1,1237.1,32,PVC,416.9,3.81,38.26,37.04,1,6.94,-1.22,1.22,Normal
2025-12-15,Runyenjes East,D,2192.3,1160.3,40,HDPE,357.6,5.32,40.85,37.85,2,4.2,-3.0,3.0,Normal
2025-12-15,Kibugu-Nguviu,B,410.0,1163.9,32,GI,295.0,2.81,37.64,39.1,3,3.14,1.46,0.0,Normal
2025-12-15,Mwea Smallholder,E,2810.1,1130.3,90,PVC,152.8,5.25,46.04,49.28,10,7.24,3.24,0.0,Normal
2025-12-15,Embu Green,G,4874.6,1127.2,90,PVC,116.8,9.16,43.08,40.86,1,5.1,-2.22,2.22,Normal
2025-12-15,Kibugu-Nguviu,D,3112.1,1287.7,50,PVC,669.9,6.42,32.43,31.81,6,1.83,-0.62,0.62,Normal
2025-12-15,Kibugu-Nguviu,B,4627.6,1340.4,63,GI,262.7,2.51,34.28,38.15,2,6.84,3.87,0.0,Normal
2025-12-15,Runyenjes East,F,1407.6,1063.9,40,GI,431.9,3.33,38.56,34.53,3,6.35,-4.03,4.03,Normal
2025-12-15,Runyenjes East,A,1366.4,1120.7,50,PVC,479.4,3.45,48.38,43.09,2,6.12,-5.29,5.29,Normal
2025-12-15,Embu Green,C,1371.5,1007.3,40,PVC,392.6,0.56,51.88,52.07,9,1.77,0.19,0.0,High Pressure
2025-12-16,Runyenjes East,G,1083.1,1116.7,90,PVC,89.7,5.21,49.7,50.57,10,1.01,0.87,0.0,High Pressure
2025-12-16,Embu Green,C,4924.0,1197.4,25,HDPE,767.9,4.05,38.0,43.68,7,0.76,5.68,0.0,Normal
2025-12-17,Kibugu-Nguviu,H,4829.7,1336.3,50,PVC,53.6,10.77,39.0,35.07,4,5.84,-3.93,3.93,Normal
2025-12-17,Runyenjes East,A,1939.8,1345.9,50,PVC,604.2,3.21,31.03,25.73,1,1.54,-5.3,5.3,Normal
2025-12-17,Kibugu-Nguviu,C,3168.7,1321.7,75,HDPE,225.8,4.97,41.27,39.02,6,4.63,-2.25,2.25,Normal
2025-12-18,Kibugu-Nguviu,E,3086.7,1306.8,40,PVC,148.0,6.29,38.39,30.95,4,2.72,-7.44,7.44,Normal
2025-12-18,Mwea Smallholder,C,897.5,1228.3,50,HDPE,513.6,4.55,36.09,38.23,11,7.3,2.14,0.0,Normal
2025-12-18,Embu Green,A,2573.8,1104.4,50,HDPE,597.2,5.31,39.65,35.39,4,5.25,-4.26,4.26,Normal
2025-12-18,Runyenjes East,C,1102.2,976.2,40,PVC,372.4,3.36,49.06,47.84,8,4.54,-1.22,1.22,Normal
2025-12-18,Kibugu-Nguviu,D,4398.2,1324.4,75,HDPE,122.0,5.0,39.1,40.79,2,1.67,1.69,0.0,Normal
2025-12-18,Embu Green,G,145.6,950.4,75,PVC,200.8,3.75,55.56,57.41,6,6.42,1.85,0.0,High Pressure
2025-12-19,Mwea Smallholder,G,4292.6,1014.8,25,HDPE,396.6,4.94,47.89,42.29,1,1.88,-5.6,5.6,Normal
2025-12-19,Kibugu-Nguviu,A,675.8,1084.8,50,HDPE,145.7,2.85,43.72,42.53,8,0.82,-1.19,1.19,Normal
2025-12-19,Mwea Smallholder,G,1937.2,973.0,40,PVC,726.1,6.0,39.16,37.17,7,3.39,-1.99,1.99,Normal
2025-12-19,Runyenjes East,C,2631.5,1169.9,32,HDPE,210.6,6.14,46.37,43.51,2,7.29,-2.86,2.86,Normal
2025-12-19,Runyenjes East,G,3037.9,1039.0,50,PVC,408.1,7.92,41.63,36.09,3,6.5,-5.54,5.54,Normal
2025-12-19,Mwea Smallholder,A,308.2,1056.7,25,HDPE,98.3,9.6,47.9,50.53,10,7.87,2.63,0.0,High Pressure
2025-12-19,Kibugu-Nguviu,A,3248.9,1064.8,63,PVC,425.0,5.82,46.8,51.43,3,4.0,4.63,0.0,High Pressure
2025-12-19,Runyenjes East,E,62.9,1044.9,63,HDPE,450.4,6.42,42.0,36.11,10,4.74,-5.89,5.89,Normal
2025-12-19,Embu Green,D,217.1,1141.5,50,PVC,494.9,4.86,40.53,39.65,1,6.89,-0.88,0.88,Normal
2025-12-19,Mwea Smallholder,A,4080.0,1087.3,40,PVC,216.4,8.24,47.26,47.57,9,4.21,0.31,0.0,Normal
2025-12-20,Runyenjes East,A,2838.7,1088.8,75,PVC,788.4,7.91,40.06,39.47,4,7.84,-0.59,0.59,Normal
2025-12-20,Kibugu-Nguviu,H,2443.3,1009.3,75,PVC,657.5,3.97,45.03,44.33,7,7.78,-0.7,0.7,Normal
2025-12-20,Kibugu-Nguviu,A,1727.0,1028.0,75,PVC,174.0,0.5,48.65,53.06,9,7.56,4.41,0.0,High Pressure
2025-12-20,Runyenjes East,B,4702.1,1231.6,25,PVC,444.2,5.2,35.21,31.46,9,3.97,-3.75,3.75,Normal
2025-12-20,Embu Green,C,292.6,1280.0,63,PVC,212.6,2.27,31.9,35.87,10,7.0,3.97,0.0,Normal
2025-12-20,Runyenjes East,G,386.4,1152.5,32,PVC,407.7,1.0,40.14,39.79,9,5.72,-0.35,0.35,Normal
2025-12-21,Embu Green,G,3098.2,1128.9,63,PVC,317.0,5.25,41.33,33.21,2,4.28,-8.12,8.12,Normal
2025-12-21,Mwea Smallholder,E,1250.4,1083.1,75,PVC,157.2,3.36,46.92,49.89,3,3.82,2.97,0.0,Normal
2025-12-21,Mwea Smallholder,G,3685.4,1122.7,63,PVC,242.9,3.37,45.7,49.78,6,4.89,4.08,0.0,Normal
2025-12-22,Embu Green,H,4358.6,1322.8,40,PVC,609.5,4.05,29.93,28.05,4,0.92,-1.88,1.88,Normal
2025-12-22,Embu Green,G,3761.1,1110.8,63,PVC,516.8,7.88,40.25,42.13,7,7.24,1.88,0.0,Normal
2025-12-22,Embu Green,H,3087.9,1257.6,75,PVC,172.4,3.72,31.26,23.02,10,4.3,-8.24,8.24,Normal
2025-12-22,Embu Green,C,3937.2,1107.9,90,HDPE,511.7,5.23,45.01,40.74,4,4.76,-4.27,4.27,Normal
2025-12-22,Mwea Smallholder,C,4328.3,1258.1,75,PVC,60.4,5.03,43.74,36.7,7,6.46,-7.04,7.04,Normal
2025-12-22,Runyenjes East,G,985.5,1158.9,25,PVC,769.6,1.94,36.97,36.48,6,5.63,-0.49,0.49,Normal
2025-12-22,Runyenjes East,C,3876.4,1097.9,25,HDPE,558.8,5.6,40.9,47.08,8,3.56,6.18,0.0,Normal
2025-12-22,Runyenjes East,C,3332.5,1274.7,40,GI,792.0,0.9,31.85,29.77,3,7.55,-2.08,2.08,Normal
2025-12-23,Runyenjes East,G,205.7,1115.5,25,PVC,603.4,6.55,41.38,37.27,10,5.38,-4.11,4.11,Normal
2025-12-23,Mwea Smallholder,C,2001.3,1074.3,40,PVC,352.7,2.51,47.14,38.42,7,5.87,-8.72,8.72,Normal
2025-12-23,Runyenjes East,F,1406.8,1025.8,75,PVC,323.0,5.9,54.46,57.99,2,7.86,3.53,0.0,High Pressure
2025-12-24,Kibugu-Nguviu,G,1457.8,966.2,63,PVC,294.8,5.6,51.07,51.01,7,0.92,-0.06,0.06,High Pressure
2025-12-24,Embu Green,H,2611.4,1188.0,40,HDPE,134.7,9.97,44.99,34.35,9,6.25,-10.64,10.64,Normal
2025-12-24,Mwea Smallholder,C,4849.6,1326.6,50,PVC,725.8,5.2,31.3,27.01,1,6.72,-4.29,4.29,Normal
2025-12-24,Mwea Smallholder,B,2598.6,1339.4,50,PVC,53.9,4.99,40.93,39.09,7,6.43,-1.84,1.84,Normal
2025-12-24,Embu Green,B,1008.3,1341.3,50,HDPE,125.9,6.81,48.07,44.14,6,7.4,-3.93,3.93,Normal
2025-12-24,Runyenjes East,B,372.9,1160.6,90,HDPE,160.2,3.02,43.4,42.65,9,2.97,-0.75,0.75,Normal
2025-12-24,Runyenjes East,H,4453.3,982.3,32,PVC,108.3,10.38,51.75,45.66,1,2.96,-6.09,6.09,Normal
2025-12-25,Mwea Smallholder,B,2929.2,1007.2,32,HDPE,94.5,1.88,51.59,52.66,9,1.94,1.07,0.0,High Pressure
2025-12-25,Embu Green,D,3200.7,1289.5,50,PVC,291.4,5.08,37.09,28.65,6,5.12,-8.44,8.44,Normal
2025-12-25,Mwea Smallholder,A,3316.8,1036.9,50,HDPE,115.7,2.76,51.9,48.6,10,3.22,-3.3,3.3,Normal
2025-12-25,Embu Green,D,3175.7,1218.8,50,PVC,90.0,7.45,45.08,40.27,1,2.99,-4.81,4.81,Normal
2025-12-25,Mwea Smallholder,H,4518.8,1004.4,25,PVC,39.8,4.3,51.86,56.67,10,5.92,4.81,0.0,High Pressure
2025-12-26,Runyenjes East,E,1588.1,998.5,40,HDPE,58.8,7.42,56.35,51.24,1,2.62,-5.11,5.11,High Pressure
2025-12-26,Kibugu-Nguviu,A,2392.1,1298.2,50,PVC,158.0,1.06,32.45,33.53,6,7.78,1.08,0.0,Normal
2025-12-26,Embu Green,E,2860.4,1317.0,40,PVC,367.8,2.23,25.2,19.88,8,0.91,-5.32,5.32,Normal
2025-12-26,Embu Green,C,3591.3,1245.3,63,PVC,757.2,5.15,31.7,34.88,3,5.99,3.18,0.0,Normal
2025-12-27,Kibugu-Nguviu,B,427.2,1228.0,90,HDPE,371.6,2.38,34.32,40.64,5,0.74,6.32,0.0,Normal
2025-12-27,Mwea Smallholder,H,2109.1,1349.7,25,PVC,468.5,6.89,32.19,31.82,10,4.17,-0.37,0.37,Normal
2025-12-27,Embu Green,G,741.4,1101.4,63,HDPE,465.4,7.3,39.76,49.9,1,1.15,10.14,0.0,Normal
2025-12-27,Runyenjes East,E,1090.9,1036.8,40,PVC,331.6,6.04,41.06,30.56,10,1.77,-10.5,10.5,Normal
2025-12-27,Kibugu-Nguviu,D,769.5,1203.2,32,HDPE,166.1,4.7,40.0,32.28,5,3.22,-7.72,7.72,Normal
2025-12-27,Embu Green,B,140.4,1159.4,50,PVC,616.3,6.54,39.19,36.81,8,0.57,-2.38,2.38,Normal
2025-12-27,Runyenjes East,D,3523.3,1218.6,50,PVC,409.0,3.78,37.78,40.9,7,5.48,3.12,0.0,Normal
2025-12-27,Embu Green,F,2737.8,1188.7,63,PVC,67.6,5.08,42.79,38.64,3,1.03,-4.15,4.15,Normal
2025-12-28,Runyenjes East,G,1649.9,1299.1,50,PVC,358.2,6.39,36.42,33.05,10,5.99,-3.37,3.37,Normal
2025-12-28,Runyenjes East,B,1196.4,1253.1,75,PVC,524.4,9.34,32.18,31.48,6,6.59,-0.7,0.7,Normal
2025-12-28,Embu Green,B,1775.5,1135.3,50,PVC,575.8,6.89,36.36,32.3,1,1.84,-4.06,4.06,Normal
2025-12-28,Kibugu-Nguviu,A,2699.4,1015.5,50,HDPE,174.5,1.87,51.43,44.58,7,5.76,-6.85,6.85,Normal
2025-12-28,Kibugu-Nguviu,G,3268.9,1073.7,40,PVC,626.8,3.3,41.78,47.87,2,7.81,6.09,0.0,Normal
2025-12-28,Runyenjes East,G,2813.4,1293.3,40,PVC,705.6,5.78,32.08,31.72,11,2.18,-0.36,0.36,Normal
2025-12-28,Runyenjes East,H,109.4,1250.8,50,HDPE,706.7,4.08,33.63,28.17,1,6.55,-5.46,5.46,Normal
2025-12-29,Embu Green,D,1374.2,1277.3,32,PVC,392.7,7.11,31.4,20.87,5,5.7,-10.53,10.53,Normal
2025-12-29,Runyenjes East,D,2304.6,1089.3,63,PVC,411.2,8.69,47.28,43.65,10,6.08,-3.63,3.63,Normal
2025-12-29,Mwea Smallholder,E,3953.7,1075.2,40,PVC,792.2,4.57,38.16,36.78,2,0.72,-1.38,1.38,Normal
2025-12-29,Kibugu-Nguviu,F,4298.3,993.2,32,PVC,162.8,4.46,50.48,53.28,11,1.59,2.8,0.0,High Pressure
2025-12-29,Runyenjes East,C,621.9,1001.5,63,PVC,755.1,3.84,42.7,36.39,6,1.97,-6.31,6.31,Normal
2025-12-29,Kibugu-Nguviu,F,34.2,1260.0,50,PVC,355.1,7.8,35.09,34.07,11,2.7,-1.02,1.02,Normal
2025-12-29,Mwea Smallholder,C,1415.7,1037.2,63,PVC,678.2,7.48,42.56,43.95,6,6.62,1.39,0.0,Normal
2025-12-29,Mwea Smallholder,H,3298.7,1045.9,90,GI,233.8,4.9,48.24,48.34,9,6.73,0.1,0.0,Normal
2025-12-29,Mwea Smallholder,C,2307.2,1115.6,40,PVC,384.2,3.91,46.1,45.77,6,6.15,-0.33,0.33,Normal
2025-12-30,Embu Green,G,146.0,1194.5,90,PVC,47.9,8.42,43.66,37.78,10,7.85,-5.88,5.88,Normal
2025-12-30,Mwea Smallholder,C,1792.2,975.3,50,PVC,286.8,4.09,50.54,51.31,2,4.18,0.77,0.0,High Pressure
2025-12-30,Embu Green,F,1480.3,967.7,63,GI,231.0,5.45,51.92,59.94,1,3.89,8.02,0.0,High Pressure
2025-12-30,Runyenjes East,B,4752.5,985.7,90,HDPE,464.6,6.38,50.7,58.4,7,1.09,7.7,0.0,High Pressure
2025-12-30,Kibugu-Nguviu,D,4040.2,978.1,40,PVC,571.5,4.28,45.33,37.27,5,1.67,-8.06,8.06,Normal
2025-12-30,Mwea Smallholder,A,3148.7,1265.1,25,PVC,758.0,7.93,29.01,23.61,9,1.34,-5.4,5.4,Normal
2025-12-30,Runyenjes East,B,1678.9,1313.5,40,PVC,204.8,8.14,35.5,39.81,11,2.6,4.31,0.0,Normal
2025-12-31,Runyenjes East,D,268.7,952.9,50,PVC,283.5,3.98,53.94,55.56,2,4.42,1.62,0.0,High Pressure
2025-12-31,Runyenjes East,G,3574.7,1122.2,63,PVC,277.7,6.47,39.95,41.17,11,2.08,1.22,0.0,Normal
2025-12-31,Runyenjes East,E,1187.6,1211.7,25,PVC,40.2,4.52,43.35,43.77,5,6.94,0.42,0.0,Normal
2025-12-31,Mwea Smallholder,E,2797.4,1129.0,63,PVC,602.3,5.37,39.12,39.95,5,1.78,0.83,0.0,Normal
2025-12-31,Mwea Smallholder,E,2471.7,1031.5,75,PVC,524.8,3.98,50.11,46.76,6,5.34,-3.35,3.35,Normal
2026-01-01,Runyenjes East,C,3136.0,1090.3,40,PVC,297.0,2.92,45.66,46.77,7,7.41,1.11,0.0,Normal
2026-01-01,Kibugu-Nguviu,G,634.1,1118.2,40,PVC,719.8,6.03,41.11,34.11,8,7.28,-7.0,7.0,Normal
2026-01-01,Kibugu-Nguviu,H,4464.8,1211.4,75,HDPE,401.3,5.25,34.05,36.02,5,7.18,1.97,0.0,Normal
2026-01-01,Embu Green,C,4373.9,1077.9,63,GI,583.4,2.13,42.08,39.59,6,4.63,-2.49,2.49,Normal
2026-01-01,Mwea Smallholder,A,2974.2,1078.7,75,PVC,196.9,4.31,49.36,51.16,6,3.81,1.8,0.0,High Pressure
2026-01-02,Embu Green,C,285.0,1301.6,50,HDPE,343.1,6.14,36.55,36.29,4,7.86,-0.26,0.26,Normal
2026-01-02,Embu Green,A,3246.6,1088.3,63,HDPE,516.3,1.62,40.99,37.1,6,5.59,-3.89,3.89,Normal
2026-01-02,Runyenjes East,F,629.8,1251.1,40,HDPE,410.9,4.29,37.28,40.16,10,3.7,2.88,0.0,Normal
2026-01-02,Runyenjes East,B,2811.0,1234.2,25,HDPE,691.0,4.96,34.99,29.6,8,3.58,-5.39,5.39,Normal
2026-01-02,Mwea Smallholder,H,1365.2,1068.8,50,PVC,400.3,7.47,41.58,42.36,3,3.87,0.78,0.0,Normal
2026-01-02,Runyenjes East,C,3794.7,975.8,32,PVC,587.3,6.36,47.64,41.79,7,1.09,-5.85,5.85,Normal
2026-01-02,Mwea Smallholder,H,2552.2,1084.3,63,PVC,70.5,5.42,48.21,44.05,7,5.39,-4.16,4.16,Normal
2026-01-03,Mwea Smallholder,G,4403.6,1187.7,63,PVC,329.8,5.14,39.07,32.7,4,3.68,-6.37,6.37,Normal
2026-01-03,Kibugu-Nguviu,F,3968.1,1272.6,32,PVC,318.5,4.94,33.59,30.78,7,1.76,-2.81,2.81,Normal
2026-01-03,Runyenjes East,F,796.1,1128.1,75,PVC,376.5,5.23,40.81,42.94,7,3.13,2.13,0.0,Normal
2026-01-03,Kibugu-Nguviu,B,2634.4,1271.1,63,PVC,549.7,4.31,34.09,39.49,11,2.58,5.4,0.0,Normal
2026-01-03,Embu Green,D,2732.1,1018.8,40,PVC,40.5,2.88,52.63,52.07,6,2.06,-0.56,0.56,High Pressure
2026-01-03,Embu Green,B,305.7,1175.5,75,PVC,421.1,4.24,42.52,34.85,5,0.77,-7.67,7.67,Normal
2026-01-03,Kibugu-Nguviu,H,821.4,1265.7,50,PVC,79.1,6.34,40.0,30.9,6,4.05,-9.1,9.1,Normal
2026-01-03,Runyenjes East,B,3756.9,1155.3,90,HDPE,241.8,3.8,47.8,45.9,10,0.99,-1.9,1.9,Normal
2026-01-03,Mwea Smallholder,B,4945.1,1146.6,75,PVC,701.2,3.75,35.38,40.59,10,3.67,5.21,0.0,Normal
2026-01-04,Runyenjes East,D,896.6,1029.8,40,HDPE,309.1,5.68,44.74,53.18,9,5.4,8.44,0.0,High Pressure
2026-01-04,Embu Green,C,4617.1,1294.2,50,PVC,367.4,5.64,39.37,42.38,2,5.73,3.01,0.0,Normal
2026-01-04,Embu Green,C,4230.7,1067.8,25,PVC,519.3,4.98,43.61,45.92,7,4.47,2.31,0.0,Normal
2026-01-04,Embu Green,D,436.8,976.8,25,GI,280.2,5.92,49.67,52.2,11,7.93,2.53,0.0,High Pressure
2026-01-04,Mwea Smallholder,A,1849.7,961.0,90,PVC,459.4,2.66,48.47,36.63,11,6.17,-11.84,11.84,Normal
2026-01-04,Mwea Smallholder,B,3186.2,1048.2,50,PVC,217.1,6.23,43.79,35.3,10,6.52,-8.49,8.49,Normal
2026-01-04,Kibugu-Nguviu,H,1042.9,1266.3,63,PVC,252.7,1.06,35.79,31.0,4,6.64,-4.79,4.79,Normal
2026-01-05,Embu Green,E,709.6,970.3,32,HDPE,567.9,5.43,51.28,52.68,5,4.79,1.4,0.0,High Pressure
2026-01-05,Embu Green,F,2609.2,1307.3,63,PVC,665.6,8.99,21.06,23.92,6,1.45,2.86,0.0,Normal
2026-01-05,Kibugu-Nguviu,G,3438.1,1030.0,50,PVC,747.3,5.14,42.46,39.98,4,5.35,-2.48,2.48,Normal
2026-01-05,Kibugu-Nguviu,D,1210.9,1176.4,32,PVC,233.4,7.24,41.71,37.12,9,4.96,-4.59,4.59,Normal
2026-01-05,Kibugu-Nguviu,A,4187.0,1307.4,63,HDPE,623.9,5.69,36.1,37.34,4,3.65,1.24,0.0,Normal
2026-01-05,Runyenjes East,B,3632.9,1232.8,63,HDPE,467.1,4.44,41.97,34.23,8,2.27,-7.74,7.74,Normal
2026-01-05,Mwea Smallholder,H,1078.1,1057.2,50,PVC,293.9,2.68,47.17,51.33,1,6.2,4.16,0.0,High Pressure
2026-01-05,Mwea Smallholder,D,2241.9,998.4,50,PVC,371.8,5.45,46.57,44.12,8,6.51,-2.45,2.45,Normal
2026-01-05,Mwea Smallholder,E,4745.4,1053.2,75,PVC,767.0,3.37,39.82,42.0,7,5.73,2.18,0.0,Normal
2026-01-06,Mwea Smallholder,H,4234.4,1194.9,50,PVC,601.7,1.46,35.24,31.9,4,3.21,-3.34,3.34,Normal
2026-01-06,Kibugu-Nguviu,D,3217.8,1075.2,32,HDPE,307.3,5.59,43.74,45.88,8,2.23,2.14,0.0,Normal
2026-01-06,Embu Green,E,2228.1,1010.6,63,PVC,612.2,5.23,43.26,43.2,4,1.24,-0.06,0.06,Normal
2026-01-06,Embu Green,E,3913.9,1095.8,75,HDPE,577.3,1.74,41.13,33.38,8,2.38,-7.75,7.75,Normal
2026-01-06,Mwea Smallholder,A,779.0,1035.0,90,PVC,280.8,4.98,46.94,45.29,5,7.01,-1.65,1.65,Normal
2026-01-06,Embu Green,D,955.8,1318.5,75,HDPE,720.2,6.59,30.71,32.74,2,6.83,2.03,0.0,Normal
2026-01-06,Embu Green,B,839.1,1137.2,63,PVC,125.7,9.04,36.14,32.09,4,7.9,-4.05,4.05,Normal
2026-01-06,Mwea Smallholder,F,1604.0,981.1,63,PVC,756.0,1.32,42.87,51.56,5,4.75,8.69,0.0,High Pressure
2026-01-06,Kibugu-Nguviu,C,995.4,1313.7,32,PVC,632.8,7.24,29.84,32.29,4,7.48,2.45,0.0,Normal
2026-01-06,Runyenjes East,F,1642.4,1297.4,40,HDPE,157.3,8.47,35.4,48.73,11,7.71,13.33,0.0,Normal
2026-01-06,Mwea Smallholder,H,2664.7,1248.5,75,PVC,710.5,7.01,29.15,19.77,6,5.67,-9.38,9.38,Normal
2026-01-07,Kibugu-Nguviu,G,1440.6,1077.2,75,PVC,421.0,2.36,39.6,37.1,6,5.12,-2.5,2.5,Normal
2026-01-07,Kibugu-Nguviu,G,4073.2,1260.5,75,PVC,518.4,1.73,34.51,35.1,8,5.75,0.59,0.0,Normal
2026-01-07,Runyenjes East,B,4150.1,972.7,50,PVC,643.5,6.16,38.07,32.53,7,3.57,-5.54,5.54,Normal
2026-01-07,Embu Green,G,3391.6,1288.9,75,HDPE,175.7,5.65,41.82,41.5,4,5.78,-0.32,0.32,Normal
2026-01-07,Runyenjes East,C,4984.0,1305.9,63,PVC,95.2,6.39,36.48,41.72,3,6.3,5.24,0.0,Normal
2026-01-07,Embu Green,D,517.3,1239.6,40,HDPE,529.1,5.14,33.0,24.2,8,1.01,-8.8,8.8,Normal
2026-01-07,Embu Green,F,2733.8,1167.9,75,HDPE,796.6,3.69,34.31,36.83,3,3.77,2.52,0.0,Normal
2026-01-08,Mwea Smallholder,A,2055.4,1088.8,25,PVC,422.8,3.88,38.48,28.92,1,3.48,-9.56,9.56,Normal
2026-01-08,Kibugu-Nguviu,E,812.0,1094.3,25,PVC,358.6,6.31,44.7,47.59,11,5.56,2.89,0.0,Normal
2026-01-08,Runyenjes East,B,233.7,996.9,75,PVC,321.2,8.59,49.79,46.51,7,1.01,-3.28,3.28,Normal
2026-01-08,Runyenjes East,B,3976.4,1288.1,50,HDPE,195.1,3.0,37.31,30.84,5,0.73,-6.47,6.47,Normal
2026-01-08,Embu Green,B,1306.7,1168.8,63,HDPE,438.1,3.06,39.65,36.88,7,7.37,-2.77,2.77,Normal
2026-01-08,Runyenjes East,C,4005.1,1203.1,50,HDPE,283.3,4.42,38.69,36.97,11,2.32,-1.72,1.72,Normal
2026-01-09,Mwea Smallholder,E,2536.0,1116.7,75,PVC,686.1,3.98,36.86,32.2,10,6.09,-4.66,4.66,Normal
2026-01-09,Runyenjes East,H,2901.6,1206.3,40,PVC,374.0,6.09,35.33,26.06,6,6.46,-9.27,9.27,Normal
2026-01-09,Embu Green,F,8.1,1112.0,90,PVC,296.8,5.65,44.93,46.59,8,3.1,1.66,0.0,Normal
2026-01-09,Kibugu-Nguviu,D,2972.2,1259.2,75,PVC,764.9,2.13,33.49,35.29,4,4.09,1.8,0.0,Normal
2026-01-09,Kibugu-Nguviu,C,2986.4,1128.1,63,PVC,767.4,5.22,40.24,43.74,4,2.6,3.5,0.0,Normal
2026-01-09,Mwea Smallholder,C,155.5,1032.9,63,PVC,449.7,4.45,46.92,47.91,11,6.37,0.99,0.0,Normal
2026-01-09,Kibugu-Nguviu,H,2070.9,1078.4,40,PVC,178.8,6.31,46.82,40.64,6,4.51,-6.18,6.18,Normal
2026-01-09,Kibugu-Nguviu,D,4661.1,1343.2,25,PVC,583.2,4.76,30.71,26.85,7,2.31,-3.86,3.86,Normal
2026-01-09,Runyenjes East,E,4189.5,980.7,75,PVC,370.9,4.43,46.15,48.24,6,7.88,2.09,0.0,Normal
2026-01-09,Mwea Smallholder,H,2570.0,1329.6,50,PVC,368.5,6.14,35.65,28.7,10,5.51,-6.95,6.95,Normal
2026-01-09,Runyenjes East,E,693.7,1142.1,50,PVC,457.1,9.07,42.23,40.03,3,3.69,-2.2,2.2,Normal
2026-01-09,Runyenjes East,H,1284.7,1174.2,75,PVC,121.7,7.53,48.8,51.01,3,4.08,2.21,0.0,High Pressure
2026-01-10,Runyenjes East,A,2708.8,1252.1,40,PVC,40.2,4.77,42.62,38.24,8,0.83,-4.38,4.38,Normal
2026-01-10,Runyenjes East,D,2443.6,1288.5,25,PVC,77.9,6.61,39.98,39.5,3,4.73,-0.48,0.48,Normal
2026-01-10,Kibugu-Nguviu,A,2190.8,1033.5,75,PVC,593.8,3.21,48.79,49.02,6,3.02,0.23,0.0,Normal
2026-01-10,Kibugu-Nguviu,B,4549.3,1056.5,63,HDPE,778.8,9.45,44.18,44.6,6,3.97,0.42,0.0,Normal
2026-01-11,Kibugu-Nguviu,A,1536.9,1042.2,40,PVC,265.3,2.31,49.13,42.24,4,6.99,-6.89,6.89,Normal
2026-01-11,Kibugu-Nguviu,B,3583.6,1340.1,63,PVC,243.6,5.06,32.73,25.5,1,0.97,-7.23,7.23,Normal
2026-01-11,Kibugu-Nguviu,D,4433.6,1167.6,32,PVC,528.1,5.28,40.11,44.43,6,4.76,4.32,0.0,Normal
2026-01-11,Runyenjes East,G,2657.3,982.2,40,PVC,91.4,4.99,54.92,50.85,1,2.81,-4.07,4.07,High Pressure
2026-01-11,Kibugu-Nguviu,B,3652.7,1077.9,75,PVC,651.5,4.63,44.66,42.26,7,6.21,-2.4,2.4,Normal
2026-01-11,Embu Green,D,3746.2,1346.1,32,PVC,277.1,4.85,33.69,31.33,11,5.16,-2.36,2.36,Normal
2026-01-11,Embu Green,D,2897.5,1041.6,75,PVC,615.3,0.5,44.88,40.73,10,5.56,-4.15,4.15,Normal
2026-01-11,Kibugu-Nguviu,H,3081.6,1309.3,40,PVC,276.8,7.02,34.83,39.39,4,1.16,4.56,0.0,Normal
2026-01-12,Runyenjes East,E,252.5,1303.2,63,HDPE,181.2,5.46,39.93,32.3,4,2.21,-7.63,7.63,Normal
2026-01-12,Embu Green,D,3665.0,1042.8,75,HDPE,541.1,6.13,42.96,42.86,8,3.84,-0.1,0.1,Normal
2026-01-12,Embu Green,A,2241.2,1198.3,50,PVC,730.8,0.53,36.44,38.01,8,2.9,1.57,0.0,Normal
2026-01-12,Embu Green,H,2431.6,1262.7,50,HDPE,568.1,6.12,34.8,30.75,7,6.86,-4.05,4.05,Normal
2026-01-12,Kibugu-Nguviu,B,1712.8,1210.3,40,PVC,714.3,2.2,35.08,23.93,6,5.49,-11.15,11.15,Normal
2026-01-12,Embu Green,F,4066.3,1085.1,40,PVC,737.9,6.54,40.86,35.42,5,6.64,-5.44,5.44,Normal
2026-01-13,Mwea Smallholder,E,2179.6,1227.9,40,PVC,84.0,4.91,44.15,41.62,1,1.03,-2.53,2.53,Normal
2026-01-13,Mwea Smallholder,D,245.3,1340.6,50,PVC,400.5,3.78,33.94,26.89,2,2.07,-7.05,7.05,Normal
2026-01-13,Runyenjes East,E,3957.2,958.9,90,HDPE,385.1,3.67,49.08,49.11,11,1.63,0.03,0.0,Normal
2026-01-13,Embu Green,H,4205.8,1039.4,32,PVC,357.0,6.49,46.93,45.9,7,7.27,-1.03,1.03,Normal
2026-01-13,Embu Green,A,1774.6,1140.7,40,PVC,107.1,6.4,40.86,45.09,9,5.33,4.23,0.0,Normal
2026-01-13,Kibugu-Nguviu,B,3943.1,1276.7,50,PVC,367.5,5.88,34.49,34.22,9,7.57,-0.27,0.27,Normal
2026-01-13,Runyenjes East,F,3925.2,1002.1,50,PVC,77.9,8.22,52.33,43.7,4,1.23,-8.63,8.63,Normal
2026-01-14,Runyenjes East,F,2973.2,1053.6,25,PVC,123.6,6.72,54.08,52.9,7,1.84,-1.18,1.18,High Pressure
2026-01-14,Runyenjes East,B,3923.2,1277.8,63,HDPE,399.1,5.65,39.76,38.38,6,6.76,-1.38,1.38,Normal
2026-01-14,Runyenjes East,F,2948.1,1084.6,75,PVC,355.5,3.7,44.24,47.82,7,7.67,3.58,0.0,Normal
2026-01-14,Embu Green,B,1575.2,993.2,40,PVC,394.8,3.04,47.66,53.6,6,3.7,5.94,0.0,High Pressure
2026-01-15,Kibugu-Nguviu,B,2039.0,958.1,63,HDPE,558.8,5.2,50.15,48.0,4,0.7,-2.15,2.15,Normal
2026-01-15,Embu Green,C,1026.4,1018.6,90,PVC,89.1,6.06,49.73,41.35,9,6.06,-8.38,8.38,Normal
2026-01-15,Mwea Smallholder,D,2980.8,1197.1,50,PVC,343.7,9.62,38.5,39.36,1,7.8,0.86,0.0,Normal
2026-01-15,Embu Green,G,1911.3,1322.8,32,PVC,546.6,3.76,33.44,34.9,10,2.56,1.46,0.0,Normal
2026-01-15,Embu Green,F,1974.7,1196.0,32,HDPE,653.3,5.08,33.65,35.53,8,1.66,1.88,0.0,Normal
2026-01-15,Runyenjes East,A,3764.1,1167.5,50,PVC,34.8,4.28,42.97,43.05,5,3.46,0.08,0.0,Normal
2026-01-15,Runyenjes East,G,122.7,1305.4,40,PVC,567.0,6.33,35.22,33.1,10,2.95,-2.12,2.12,Normal
2026-01-15,Embu Green,G,3330.2,1302.1,63,PVC,484.6,4.58,40.33,38.87,5,2.97,-1.46,1.46,Normal
2026-01-15,Mwea Smallholder,A,734.8,1028.0,90,HDPE,273.7,7.87,45.76,43.7,4,0.86,-2.06,2.06,Normal
2026-01-16,Kibugu-Nguviu,A,4004.2,1237.3,40,PVC,647.6,3.34,34.77,33.5,11,6.18,-1.27,1.27,Normal
2026-01-16,Kibugu-Nguviu,C,3198.0,1324.2,63,GI,182.3,5.26,34.78,37.38,10,6.17,2.6,0.0,Normal
2026-01-16,Mwea Smallholder,A,1605.2,1102.5,75,HDPE,550.7,6.82,41.89,42.22,10,1.62,0.33,0.0,Normal
2026-01-16,Embu Green,H,1937.8,1085.0,40,PVC,415.8,6.8,47.74,47.95,7,7.3,0.21,0.0,Normal
2026-01-16,Mwea Smallholder,H,1986.7,1076.2,75,HDPE,675.1,8.53,42.34,39.7,1,6.13,-2.64,2.64,Normal
2026-01-16,Runyenjes East,F,276.2,1083.5,32,HDPE,39.7,4.78,49.45,45.55,7,6.46,-3.9,3.9,Normal
2026-01-16,Runyenjes East,H,4270.5,1182.8,50,PVC,557.4,2.85,38.09,40.66,8,3.86,2.57,0.0,Normal
2026-01-17,Runyenjes East,B,3700.9,1253.1,32,GI,614.4,5.89,33.48,34.98,9,7.45,1.5,0.0,Normal
2026-01-17,Runyenjes East,H,2457.0,1229.1,75,HDPE,552.8,3.99,35.92,29.73,10,6.85,-6.19,6.19,Normal
2026-01-17,Kibugu-Nguviu,B,2319.8,1158.4,75,PVC,733.7,1.12,36.55,36.08,4,6.2,-0.47,0.47,Normal
2026-01-17,Runyenjes East,F,796.2,1322.0,63,PVC,781.7,5.02,33.63,30.9,4,0.98,-2.73,2.73,Normal
2026-01-17,Mwea Smallholder,G,3988.8,1292.7,32,PVC,529.5,7.29,33.63,31.48,2,5.26,-2.15,2.15,Normal
2026-01-17,Embu Green,F,4024.8,1253.4,50,HDPE,111.6,6.28,39.19,40.08,10,7.36,0.89,0.0,Normal
2026-01-18,Runyenjes East,C,3898.9,1105.4,32,PVC,694.9,5.89,42.79,37.24,6,3.56,-5.55,5.55,Normal
2026-01-18,Runyenjes East,F,1741.9,1192.6,40,PVC,630.6,6.63,34.18,36.96,6,0.93,2.78,0.0,Normal
2026-01-18,Runyenjes East,E,4324.1,1117.3,32,GI,539.6,0.5,42.33,46.09,5,4.92,3.76,0.0,Normal
2026-01-18,Runyenjes East,E,250.2,1191.9,50,PVC,406.4,3.55,39.5,39.04,6,6.48,-0.46,0.46,Normal
2026-01-18,Kibugu-Nguviu,E,616.0,1266.0,40,PVC,627.6,8.37,37.14,32.53,7,3.34,-4.61,4.61,Normal
2026-01-18,Kibugu-Nguviu,C,2997.7,1216.6,50,PVC,374.3,3.45,39.4,45.91,2,2.5,6.51,0.0,Normal
2026-01-18,Mwea Smallholder,B,2112.5,986.8,63,GI,294.8,3.52,50.21,47.1,5,7.01,-3.11,3.11,Normal
2026-01-18,Kibugu-Nguviu,G,4804.0,1251.6,40,PVC,136.4,2.69,39.9,44.46,9,4.16,4.56,0.0,Normal
2026-01-18,Mwea Smallholder,C,237.0,1245.8,25,PVC,322.1,2.17,35.1,29.97,8,6.58,-5.13,5.13,Normal
2026-01-19,Embu Green,D,194.8,1297.3,40,PVC,536.4,5.03,36.76,38.23,2,7.24,1.47,0.0,Normal
2026-01-19,Embu Green,D,1268.4,1208.0,32,PVC,389.8,3.75,37.64,29.85,10,6.97,-7.79,7.79,Normal
2026-01-19,Runyenjes East,B,1101.2,1253.5,90,HDPE,766.7,2.47,32.22,25.63,5,1.83,-6.59,6.59,Normal
2026-01-19,Embu Green,H,1719.6,1002.6,75,PVC,689.7,1.5,45.84,38.41,6,2.57,-7.43,7.43,Normal
2026-01-19,Kibugu-Nguviu,A,4611.7,1289.5,63,PVC,363.6,3.23,39.41,35.38,11,6.36,-4.03,4.03,Normal
2026-01-19,Runyenjes East,B,3253.1,985.0,50,GI,160.4,6.73,47.32,43.93,5,4.68,-3.39,3.39,Normal
2026-01-19,Runyenjes East,G,3661.4,1003.3,63,PVC,568.6,6.53,44.6,51.2,10,7.49,6.6,0.0,High Pressure
2026-01-19,Runyenjes East,F,4584.7,1264.4,75,GI,310.1,8.68,34.91,37.9,7,3.51,2.99,0.0,Normal
2026-01-19,Mwea Smallholder,G,3613.5,964.8,50,PVC,272.6,6.19,49.97,47.05,6,4.75,-2.92,2.92,Normal
2026-01-19,Mwea Smallholder,B,682.7,1277.2,40,PVC,411.2,3.74,37.46,29.33,7,3.82,-8.13,8.13,Normal
2026-01-19,Kibugu-Nguviu,D,3172.0,1259.6,40,PVC,567.3,8.58,33.8,26.77,8,5.45,-7.03,7.03,Normal
2026-01-19,Kibugu-Nguviu,D,2779.5,1077.5,75,PVC,190.7,5.85,49.15,49.14,4,3.14,-0.01,0.01,Normal
2026-01-19,Kibugu-Nguviu,G,4488.8,1135.5,25,PVC,274.8,2.46,45.56,34.32,7,3.27,-11.24,11.24,Normal
2026-01-19,Runyenjes East,B,4317.5,990.4,50,PVC,532.2,4.78,52.47,51.03,3,5.44,-1.44,1.44,High Pressure
2026-01-20,Embu Green,G,948.4,1022.9,63,PVC,138.6,2.68,56.35,48.42,5,5.02,-7.93,7.93,Normal
2026-01-20,Runyenjes East,F,2523.8,983.0,25,PVC,749.7,7.6,45.73,51.66,2,7.78,5.93,0.0,High Pressure
2026-01-20,Mwea Smallholder,D,679.4,1252.7,63,PVC,256.9,8.07,35.17,34.15,4,3.02,-1.02,1.02,Normal
2026-01-20,Kibugu-Nguviu,B,4249.8,972.7,63,PVC,56.8,3.41,51.55,53.86,4,1.68,2.31,0.0,High Pressure
2026-01-20,Runyenjes East,E,737.6,1247.8,90,PVC,415.7,5.39,36.41,32.84,6,7.75,-3.57,3.57,Normal
2026-01-20,Kibugu-Nguviu,D,3374.5,1041.6,75,PVC,269.3,5.02,46.65,43.32,5,4.35,-3.33,3.33,Normal
2026-01-20,Embu Green,A,1437.3,1338.2,75,GI,244.9,4.8,32.67,34.15,10,4.18,1.48,0.0,Normal
2026-01-20,Kibugu-Nguviu,E,1521.0,1116.3,75,GI,554.4,4.48,44.72,42.87,3,6.37,-1.85,1.85,Normal
2026-01-20,Kibugu-Nguviu,D,88.2,1000.7,50,HDPE,349.0,3.52,50.78,44.96,7,7.14,-5.82,5.82,Normal
2026-01-20,Runyenjes East,E,4122.1,1312.8,25,PVC,308.5,7.03,33.7,31.64,7,5.91,-2.06,2.06,Normal
2026-01-20,Kibugu-Nguviu,A,2457.2,1051.7,50,HDPE,204.9,5.96,47.11,55.52,7,1.25,8.41,0.0,High Pressure
2026-01-20,Runyenjes East,D,2938.1,1264.9,63,PVC,722.9,4.13,25.89,19.86,5,2.41,-6.03,6.03,Normal
2026-01-20,Embu Green,A,959.6,1178.7,90,PVC,359.2,4.87,44.63,51.84,9,3.42,7.21,0.0,High Pressure
2026-01-20,Embu Green,H,1977.0,1150.8,40,HDPE,638.7,6.35,39.24,43.89,10,0.88,4.65,0.0,Normal
2026-01-21,Kibugu-Nguviu,C,2846.9,1312.2,90,PVC,551.7,5.8,25.68,23.84,7,1.65,-1.84,1.84,Normal
2026-01-21,Runyenjes East,D,3903.4,1022.2,40,PVC,539.4,4.92,44.12,51.1,11,4.75,6.98,0.0,High Pressure
2026-01-21,Mwea Smallholder,G,2465.1,1190.7,32,PVC,700.7,4.8,36.34,38.63,10,6.36,2.29,0.0,Normal
2026-01-21,Embu Green,G,710.9,1308.9,75,PVC,250.9,4.49,31.61,22.96,1,1.13,-8.65,8.65,Normal
2026-01-21,Kibugu-Nguviu,C,1532.7,1275.3,50,HDPE,450.4,3.57,34.76,31.61,4,2.49,-3.15,3.15,Normal
2026-01-21,Mwea Smallholder,D,4658.1,954.7,90,GI,241.6,7.07,50.2,49.11,4,2.63,-1.09,1.09,Normal
2026-01-21,Runyenjes East,G,2059.8,1331.1,32,PVC,785.6,4.61,27.42,27.98,6,6.21,0.56,0.0,Normal
2026-01-21,Kibugu-Nguviu,D,2165.6,1027.4,90,PVC,642.1,6.31,44.53,40.31,6,1.89,-4.22,4.22,Normal
2026-01-22,Mwea Smallholder,F,1252.8,1117.5,25,PVC,67.2,5.05,50.23,56.34,11,7.69,6.11,0.0,High Pressure
2026-01-22,Kibugu-Nguviu,H,872.2,959.5,63,HDPE,130.0,4.52,50.68,47.6,5,2.02,-3.08,3.08,Normal
2026-01-22,Embu Green,D,2858.2,1170.6,75,HDPE,245.5,8.1,37.97,36.39,5,2.7,-1.58,1.58,Normal
2026-01-22,Embu Green,E,3413.6,1323.4,32,PVC,257.9,4.51,36.07,33.17,1,3.72,-2.9,2.9,Normal
2026-01-22,Kibugu-Nguviu,H,2335.0,956.6,75,HDPE,115.4,6.93,52.93,55.5,11,5.61,2.57,0.0,High Pressure
2026-01-22,Mwea Smallholder,F,1940.5,1084.8,40,PVC,629.1,6.41,40.22,29.41,9,3.17,-10.81,10.81,Normal
2026-01-22,Mwea Smallholder,C,1350.7,1310.1,32,PVC,360.2,6.24,34.15,31.34,5,5.77,-2.81,2.81,Normal
2026-01-22,Embu Green,E,1360.6,1269.6,90,HDPE,59.4,6.37,44.81,40.95,2,6.69,-3.86,3.86,Normal
2026-01-22,Embu Green,H,902.6,961.8,90,PVC,376.0,4.13,52.8,64.16,1,1.36,11.36,0.0,High Pressure
2026-01-22,Embu Green,A,2091.1,1270.6,32,PVC,729.3,4.58,29.77,30.02,3,3.64,0.25,0.0,Normal
2026-01-22,Mwea Smallholder,D,4620.4,983.0,75,PVC,784.1,3.91,44.24,45.4,6,1.13,1.16,0.0,Normal
2026-01-22,Runyenjes East,A,3000.2,1283.2,50,PVC,414.6,4.42,34.65,37.46,8,1.9,2.81,0.0,Normal
2026-01-23,Mwea Smallholder,H,2007.6,975.5,50,HDPE,637.4,6.58,50.37,43.49,2,6.72,-6.88,6.88,Normal
2026-01-23,Mwea Smallholder,D,4721.1,1088.9,63,HDPE,488.6,2.25,37.82,32.96,3,3.39,-4.86,4.86,Normal
2026-01-23,Embu Green,H,2676.6,1302.1,75,PVC,542.3,5.35,31.43,31.9,8,3.4,0.47,0.0,Normal
2026-01-23,Mwea Smallholder,F,2523.0,976.4,40,PVC,606.5,7.75,44.55,42.62,1,2.08,-1.93,1.93,Normal
2026-01-23,Mwea Smallholder,C,3707.1,1175.5,40,HDPE,646.6,5.93,33.95,37.08,10,7.36,3.13,0.0,Normal
2026-01-23,Mwea Smallholder,A,2480.0,979.7,63,PVC,796.4,3.62,44.22,44.38,3,0.52,0.16,0.0,Normal
2026-01-24,Runyenjes East,F,2024.2,1270.7,90,PVC,664.4,6.36,29.98,34.15,3,4.36,4.17,0.0,Normal
2026-01-24,Mwea Smallholder,B,4047.5,1075.1,25,PVC,68.1,5.26,46.93,52.95,5,2.69,6.02,0.0,High Pressure
2026-01-24,Embu Green,A,603.4,965.8,50,PVC,536.9,3.05,47.83,41.76,8,3.22,-6.07,6.07,Normal
2026-01-24,Kibugu-Nguviu,G,3365.2,1051.7,50,PVC,527.9,7.37,39.99,38.13,4,1.44,-1.86,1.86,Normal
2026-01-24,Kibugu-Nguviu,E,4021.9,1149.3,40,PVC,455.0,2.31,40.35,35.71,8,4.98,-4.64,4.64,Normal
2026-01-24,Runyenjes East,E,2533.8,1170.8,63,PVC,177.9,5.95,44.14,48.0,3,1.25,3.86,0.0,Normal
2026-01-24,Embu Green,B,611.1,1157.1,63,PVC,257.9,5.35,38.77,32.44,5,5.91,-6.33,6.33,Normal
2026-01-25,Kibugu-Nguviu,E,4465.2,1041.9,75,GI,184.5,6.18,52.71,58.44,2,5.42,5.73,0.0,High Pressure
2026-01-25,Kibugu-Nguviu,E,1218.9,1234.8,50,PVC,104.9,6.6,36.62,35.94,3,6.09,-0.68,0.68,Normal
2026-01-25,Embu Green,C,4312.7,1104.8,40,PVC,637.0,3.67,39.24,35.27,7,4.2,-3.97,3.97,Normal
2026-01-25,Mwea Smallholder,E,4735.3,1095.6,90,GI,506.5,1.92,42.43,48.1,10,6.18,5.67,0.0,Normal
2026-01-26,Embu Green,F,3381.7,1205.5,63,GI,304.7,5.04,41.01,43.96,6,5.98,2.95,0.0,Normal
2026-01-26,Runyenjes East,C,2862.7,1107.3,50,PVC,797.6,8.39,37.29,31.31,10,4.84,-5.98,5.98,Normal
2026-01-26,Embu Green,D,1553.5,1305.1,90,PVC,468.0,7.06,36.62,39.37,3,1.03,2.75,0.0,Normal
2026-01-26,Runyenjes East,E,2487.7,1110.3,32,PVC,147.7,8.48,48.57,46.34,10,3.76,-2.23,2.23,Normal
2026-01-26,Runyenjes East,H,1746.0,1263.9,75,PVC,573.7,7.2,35.19,37.21,1,7.38,2.02,0.0,Normal
2026-01-27,Kibugu-Nguviu,B,3463.6,1071.4,63,PVC,115.6,4.45,47.72,47.93,1,6.73,0.21,0.0,Normal
2026-01-27,Kibugu-Nguviu,G,3054.8,991.8,25,PVC,376.5,5.15,49.34,49.7,3,4.32,0.36,0.0,Normal
2026-01-27,Embu Green,G,782.7,1044.3,63,HDPE,375.9,1.88,43.26,43.56,6,5.74,0.3,0.0,Normal
2026-01-28,Kibugu-Nguviu,C,2241.6,1197.3,63,HDPE,513.7,5.85,32.23,35.16,5,6.63,2.93,0.0,Normal
2026-01-28,Runyenjes East,E,2387.6,1051.3,50,PVC,467.2,5.6,46.16,38.76,1,5.99,-7.4,7.4,Normal
2026-01-28,Kibugu-Nguviu,H,1065.9,977.6,75,PVC,359.3,0.66,52.16,51.62,3,0.95,-0.54,0.54,High Pressure
2026-01-29,Embu Green,A,2305.4,1132.4,50,PVC,235.6,2.21,42.25,38.23,4,5.72,-4.02,4.02,Normal
2026-01-29,Mwea Smallholder,G,4342.6,1072.2,50,PVC,279.0,2.22,45.24,52.3,4,4.25,7.06,0.0,High Pressure
2026-01-29,Kibugu-Nguviu,G,4381.5,1343.2,90,HDPE,214.9,2.78,33.41,35.35,9,3.54,1.94,0.0,Normal
2026-01-29,Embu Green,F,425.1,1008.8,90,HDPE,734.2,5.28,40.82,34.34,10,1.96,-6.48,6.48,Normal
2026-01-29,Kibugu-Nguviu,A,1935.6,1102.4,90,PVC,663.0,10.41,40.97,36.68,5,7.4,-4.29,4.29,Normal
2026-01-29,Kibugu-Nguviu,E,1547.3,1176.6,25,GI,104.1,6.0,44.38,48.15,11,4.95,3.77,0.0,Normal
2026-01-30,Embu Green,E,4438.1,1026.0,40,PVC,630.4,4.45,40.23,35.93,1,0.73,-4.3,4.3,Normal
2026-01-30,Embu Green,G,3714.6,1217.9,90,PVC,709.6,9.01,35.64,32.63,5,1.75,-3.01,3.01,Normal
2026-01-30,Kibugu-Nguviu,G,2097.3,1104.0,32,HDPE,69.5,3.15,48.36,53.21,10,4.48,4.85,0.0,High Pressure
2026-01-30,Kibugu-Nguviu,B,133.9,1278.2,40,PVC,695.9,3.16,37.61,39.56,2,5.57,1.95,0.0,Normal
2026-01-30,Mwea Smallholder,C,3124.6,1295.4,40,PVC,158.5,6.21,36.85,28.94,8,7.52,-7.91,7.91,Normal
2026-01-30,Embu Green,D,3997.2,962.1,63,PVC,729.1,5.47,48.53,49.35,11,7.4,0.82,0.0,Normal
2026-01-30,Runyenjes East,D,178.9,1199.0,25,PVC,84.4,4.85,39.32,43.18,1,4.48,3.86,0.0,Normal
2026-01-30,Mwea Smallholder,D,3169.7,1132.0,50,HDPE,204.9,3.27,46.35,36.1,8,3.95,-10.25,10.25,Normal
2026-01-31,Embu Green,F,2059.3,1320.2,25,GI,629.0,5.93,28.31,27.98,8,6.26,-0.33,0.33,Normal
2026-01-31,Runyenjes East,C,1928.0,1021.6,40,HDPE,190.7,3.34,45.74,38.08,1,2.79,-7.66,7.66,Normal
2026-01-31,Mwea Smallholder,G,3769.4,1033.0,25,PVC,93.3,3.81,52.23,47.96,8,2.77,-4.27,4.27,Normal
2026-01-31,Runyenjes East,D,2855.8,1016.4,75,HDPE,664.2,4.26,48.22,49.21,1,2.1,0.99,0.0,Normal
2026-01-31,Mwea Smallholder,F,650.4,1238.5,40,PVC,334.2,5.94,39.15,33.17,8,5.12,-5.98,5.98,Normal
2026-01-31,Mwea Smallholder,B,784.9,1200.7,90,PVC,627.3,1.92,31.42,27.19,11,4.24,-4.23,4.23,Normal
2026-02-01,Embu Green,A,1089.7,1026.8,32,PVC,716.9,4.9,43.62,49.55,1,0.64,5.93,0.0,Normal
2026-02-01,Mwea Smallholder,F,1931.3,1032.9,25,PVC,119.4,1.04,45.57,43.91,6,4.52,-1.66,1.66,Normal
2026-02-01,Mwea Smallholder,E,723.2,1065.7,25,PVC,96.0,4.39,48.91,47.13,6,1.08,-1.78,1.78,Normal
2026-02-01,Embu Green,D,188.1,1136.9,90,HDPE,444.8,7.85,42.16,39.43,3,4.3,-2.73,2.73,Normal
2026-02-01,Mwea Smallholder,H,4057.4,1303.5,25,HDPE,149.4,3.13,37.77,47.92,6,7.99,10.15,0.0,Normal
2026-02-01,Embu Green,E,4536.8,1087.5,50,HDPE,344.7,5.05,40.65,40.4,11,6.6,-0.25,0.25,Normal
2026-02-01,Embu Green,H,3622.2,1093.2,25,PVC,733.0,3.7,38.31,26.65,7,5.47,-11.66,11.66,Normal
2026-02-01,Mwea Smallholder,H,268.3,1323.8,63,HDPE,296.8,7.63,36.29,26.11,2,5.57,-10.18,10.18,Normal
2026-02-01,Runyenjes East,A,2874.2,1061.8,40,GI,617.3,2.06,44.67,45.4,9,5.93,0.73,0.0,Normal
2026-02-01,Kibugu-Nguviu,F,1500.5,1081.7,63,PVC,667.5,2.54,39.89,44.14,1,5.53,4.25,0.0,Normal
2026-02-01,Embu Green,A,4331.0,1032.3,40,PVC,640.5,6.63,44.33,44.9,9,5.92,0.57,0.0,Normal
2026-02-02,Mwea Smallholder,H,736.8,1271.6,90,PVC,255.7,3.3,40.32,48.59,11,7.15,8.27,0.0,Normal
2026-02-02,Mwea Smallholder,D,4130.8,1237.1,50,HDPE,70.5,4.67,40.63,37.73,2,0.71,-2.9,2.9,Normal
2026-02-02,Kibugu-Nguviu,H,853.8,1174.6,75,HDPE,343.3,4.76,39.8,30.32,3,7.2,-9.48,9.48,Normal
2026-02-02,Mwea Smallholder,G,4542.1,954.7,63,HDPE,327.2,8.63,55.7,55.17,7,4.28,-0.53,0.53,High Pressure
2026-02-02,Embu Green,C,3456.7,1033.9,63,HDPE,363.0,6.89,45.19,40.39,2,6.87,-4.8,4.8,Normal
2026-02-02,Runyenjes East,G,3502.5,1113.6,75,PVC,768.5,7.64,39.92,39.86,3,2.91,-0.06,0.06,Normal
2026-02-02,Mwea Smallholder,B,3698.5,1214.9,25,PVC,438.1,7.01,41.14,44.54,11,4.08,3.4,0.0,Normal
2026-02-02,Kibugu-Nguviu,F,181.7,980.3,90,HDPE,592.3,5.59,45.19,46.59,1,6.63,1.4,0.0,Normal
2026-02-02,Mwea Smallholder,D,2972.6,1306.2,25,PVC,379.7,7.29,30.15,31.0,2,5.01,0.85,0.0,Normal
2026-02-02,Kibugu-Nguviu,F,4561.8,1280.1,90,HDPE,608.3,4.8,26.77,24.66,1,3.98,-2.11,2.11,Normal
2026-02-03,Kibugu-Nguviu,D,2521.4,1225.8,32,HDPE,151.9,7.57,43.19,40.91,11,4.57,-2.28,2.28,Normal
2026-02-03,Kibugu-Nguviu,F,2323.5,1331.7,63,HDPE,768.4,5.53,29.14,31.27,4,7.31,2.13,0.0,Normal
2026-02-03,Mwea Smallholder,B,3556.5,1049.7,40,PVC,148.7,2.63,48.47,45.98,3,2.67,-2.49,2.49,Normal
2026-02-03,Kibugu-Nguviu,C,2261.7,1143.2,63,PVC,687.2,8.21,33.26,35.53,7,2.16,2.27,0.0,Normal
2026-02-03,Kibugu-Nguviu,A,3310.0,988.8,75,PVC,87.2,2.9,53.33,63.01,8,2.63,9.68,0.0,High Pressure
2026-02-03,Runyenjes East,C,1567.5,1237.4,90,PVC,286.1,5.66,40.53,42.39,5,1.54,1.86,0.0,Normal
2026-02-03,Kibugu-Nguviu,F,440.0,1109.0,40,PVC,651.8,3.66,39.93,45.67,9,4.71,5.74,0.0,Normal
2026-02-04,Mwea Smallholder,B,2318.6,1180.4,50,PVC,457.8,5.06,35.83,32.03,9,5.02,-3.8,3.8,Normal
2026-02-04,Runyenjes East,E,595.3,1117.1,75,PVC,354.7,2.77,44.52,42.82,11,3.44,-1.7,1.7,Normal
2026-02-04,Mwea Smallholder,C,1150.0,1041.2,40,PVC,374.9,5.17,50.8,53.19,7,7.33,2.39,0.0,High Pressure
2026-02-04,Embu Green,A,1414.6,1309.4,75,PVC,623.6,4.06,33.03,30.83,1,7.0,-2.2,2.2,Normal
2026-02-04,Embu Green,B,1430.7,1262.8,63,PVC,714.9,6.78,36.75,41.12,3,3.84,4.37,0.0,Normal
2026-02-04,Kibugu-Nguviu,H,4159.0,1306.2,25,PVC,697.4,4.32,29.49,38.25,8,1.54,8.76,0.0,Normal
2026-02-04,Embu Green,B,3538.4,1321.9,40,PVC,747.3,6.74,30.89,33.7,2,6.44,2.81,0.0,Normal
2026-02-04,Kibugu-Nguviu,F,2149.9,994.9,40,PVC,221.5,6.16,51.72,59.95,6,2.05,8.23,0.0,High Pressure
2026-02-04,Embu Green,B,4598.0,1176.5,90,GI,217.8,5.39,41.45,32.03,9,4.26,-9.42,9.42,Normal
2026-02-05,Kibugu-Nguviu,C,4617.8,975.4,75,PVC,265.3,1.3,54.23,54.05,4,5.14,-0.18,0.18,High Pressure
2026-02-05,Runyenjes East,G,3137.6,1015.2,25,PVC,248.5,6.23,46.7,39.49,3,6.67,-7.21,7.21,Normal
2026-02-05,Embu Green,B,3668.4,1339.3,63,PVC,468.3,5.82,33.88,29.83,3,3.98,-4.05,4.05,Normal
2026-02-05,Embu Green,C,850.6,1247.5,90,PVC,41.6,5.41,44.48,42.79,6,2.99,-1.69,1.69,Normal
2026-02-05,Runyenjes East,D,621.9,1172.2,63,PVC,555.6,4.77,39.54,32.9,3,3.28,-6.64,6.64,Normal
2026-02-05,Embu Green,A,222.9,1132.0,50,HDPE,165.9,6.23,46.59,44.98,3,5.9,-1.61,1.61,Normal
2026-02-06,Runyenjes East,D,1349.2,1172.7,40,PVC,553.0,4.42,40.87,38.46,9,2.09,-2.41,2.41,Normal
2026-02-06,Kibugu-Nguviu,E,3154.8,959.1,40,HDPE,683.2,5.64,49.26,48.23,6,6.08,-1.03,1.03,Normal
2026-02-06,Embu Green,C,595.9,1134.9,32,PVC,507.6,3.0,37.18,37.64,8,2.92,0.46,0.0,Normal
2026-02-06,Embu Green,B,3548.9,1224.5,50,HDPE,789.9,4.4,34.24,34.08,5,2.22,-0.16,0.16,Normal
2026-02-06,Runyenjes East,H,768.7,1028.4,40,GI,621.4,4.04,40.55,36.95,3,4.46,-3.6,3.6,Normal
2026-02-06,Kibugu-Nguviu,A,815.1,1028.3,63,HDPE,346.2,7.66,49.81,47.38,3,3.85,-2.43,2.43,Normal
2026-02-06,Embu Green,A,3829.0,985.2,50,PVC,552.3,7.18,43.55,41.2,9,5.9,-2.35,2.35,Normal
2026-02-06,Runyenjes East,C,4206.4,1208.1,90,PVC,393.5,7.03,33.96,30.75,10,0.6,-3.21,3.21,Normal
2026-02-06,Mwea Smallholder,C,4636.5,1231.7,50,HDPE,233.0,6.53,41.36,41.32,3,3.65,-0.04,0.04,Normal
2026-02-06,Runyenjes East,F,4879.0,1031.7,50,PVC,620.4,4.85,42.58,40.59,3,0.79,-1.99,1.99,Normal
2026-02-06,Mwea Smallholder,D,1681.7,1190.4,63,PVC,128.5,4.85,35.97,39.47,6,7.83,3.5,0.0,Normal
2026-02-06,Runyenjes East,H,3744.7,1095.9,40,HDPE,115.2,2.58,41.37,44.14,11,7.45,2.77,0.0,Normal
2026-02-06,Kibugu-Nguviu,H,4530.3,1069.4,90,HDPE,200.3,4.46,44.67,43.18,10,3.3,-1.49,1.49,Normal
2026-02-06,Embu Green,H,500.8,1313.9,75,HDPE,357.4,8.44,35.03,43.22,1,6.01,8.19,0.0,Normal
2026-02-06,Mwea Smallholder,G,2015.4,1033.0,75,PVC,652.4,5.08,39.46,36.16,11,3.23,-3.3,3.3,Normal
2026-02-07,Mwea Smallholder,C,4392.6,968.4,50,PVC,680.5,5.67,41.93,36.84,1,6.31,-5.09,5.09,Normal
2026-02-07,Kibugu-Nguviu,G,4507.9,971.8,63,PVC,712.9,7.96,46.87,42.03,3,3.84,-4.84,4.84,Normal
2026-02-07,Kibugu-Nguviu,H,4008.0,1306.3,90,HDPE,670.1,3.86,29.85,27.91,6,0.81,-1.94,1.94,Normal
2026-02-07,Mwea Smallholder,C,360.3,1313.8,40,HDPE,361.3,3.38,36.41,33.21,3,1.3,-3.2,3.2,Normal
2026-02-07,Runyenjes East,D,348.3,1186.6,32,PVC,179.6,4.26,39.56,42.63,8,1.25,3.07,0.0,Normal
2026-02-07,Kibugu-Nguviu,E,4773.3,1146.7,75,HDPE,798.3,4.39,37.12,39.32,2,3.2,2.2,0.0,Normal
2026-02-07,Embu Green,D,1112.0,1219.0,40,PVC,508.0,6.07,34.77,30.55,3,1.61,-4.22,4.22,Normal
2026-02-07,Runyenjes East,G,1132.0,1153.9,75,PVC,746.5,5.37,36.12,36.72,11,4.49,0.6,0.0,Normal
2026-02-07,Runyenjes East,B,833.3,1056.0,25,PVC,65.8,4.85,41.05,42.65,2,3.26,1.6,0.0,Normal
2026-02-08,Kibugu-Nguviu,F,2077.2,1212.2,25,HDPE,488.7,6.7,39.32,34.53,1,2.01,-4.79,4.79,Normal
2026-02-08,Embu Green,D,4751.6,1312.6,50,HDPE,192.0,4.7,37.1,37.67,4,7.32,0.57,0.0,Normal
2026-02-08,Kibugu-Nguviu,F,210.7,1153.4,32,PVC,483.5,7.6,42.85,42.75,4,2.7,-0.1,0.1,Normal
2026-02-08,Kibugu-Nguviu,G,1605.2,1238.4,90,HDPE,592.3,5.77,27.77,22.66,6,5.94,-5.11,5.11,Normal
2026-02-08,Embu Green,D,3426.7,1178.1,75,PVC,492.1,3.33,42.29,45.9,3,5.92,3.61,0.0,Normal
2026-02-08,Embu Green,G,1780.6,1280.7,50,PVC,654.8,4.16,35.43,38.24,11,7.71,2.81,0.0,Normal
2026-02-08,Mwea Smallholder,H,1496.5,989.6,25,GI,173.2,8.49,45.92,39.97,5,5.99,-5.95,5.95,Normal
2026-02-08,Kibugu-Nguviu,H,2589.6,1019.0,90,PVC,633.3,0.81,45.27,42.57,9,3.48,-2.7,2.7,Normal
2026-02-08,Runyenjes East,A,4581.8,1140.3,90,PVC,449.6,2.56,42.59,45.82,11,4.75,3.23,0.0,Normal
2026-02-09,Kibugu-Nguviu,F,3940.3,1185.0,50,GI,535.9,7.52,37.39,33.97,4,2.54,-3.42,3.42,Normal
2026-02-09,Mwea Smallholder,H,649.2,1033.3,32,PVC,624.7,5.51,45.93,50.44,8,6.53,4.51,0.0,High Pressure
2026-02-09,Mwea Smallholder,C,2969.9,1235.3,32,PVC,181.8,6.37,36.03,27.77,5,2.31,-8.26,8.26,Normal
2026-02-09,Mwea Smallholder,F,3835.0,1043.8,25,GI,545.1,2.55,43.94,39.98,3,7.89,-3.96,3.96,Normal
2026-02-09,Embu Green,F,513.7,1285.1,63,PVC,531.7,4.36,32.33,33.65,9,4.78,1.32,0.0,Normal
2026-02-09,Runyenjes East,C,4935.7,1122.4,75,PVC,502.9,7.65,40.62,43.22,1,6.78,2.6,0.0,Normal
2026-02-09,Embu Green,C,1667.2,1079.0,63,PVC,285.9,7.61,43.91,47.84,5,4.21,3.93,0.0,Normal
2026-02-09,Mwea Smallholder,E,1342.3,1068.6,75,GI,314.0,3.8,52.09,42.6,8,3.61,-9.49,9.49,Normal
2026-02-09,Kibugu-Nguviu,G,4591.3,1283.3,32,GI,726.7,8.87,32.17,23.11,3,2.76,-9.06,9.06,Normal
2026-02-09,Mwea Smallholder,E,2693.0,1283.8,75,PVC,720.4,8.07,30.9,26.51,10,3.68,-4.39,4.39,Normal
2026-02-10,Mwea Smallholder,A,4914.3,1085.8,75,PVC,56.5,9.21,53.13,49.43,3,7.08,-3.7,3.7,Normal
2026-02-10,Kibugu-Nguviu,A,3464.7,1077.6,75,PVC,465.8,4.48,42.94,38.63,4,7.56,-4.31,4.31,Normal
2026-02-10,Runyenjes East,H,1369.2,1022.3,75,PVC,690.5,5.37,42.23,40.33,5,4.3,-1.9,1.9,Normal
2026-02-10,Kibugu-Nguviu,D,3273.7,1194.6,40,PVC,327.0,6.9,45.14,46.11,4,5.97,0.97,0.0,Normal
2026-02-10,Kibugu-Nguviu,F,2145.3,1198.2,25,PVC,446.0,4.01,38.17,41.01,3,2.22,2.84,0.0,Normal
2026-02-10,Kibugu-Nguviu,F,384.9,979.5,40,GI,144.1,4.48,53.43,48.79,7,2.64,-4.64,4.64,Normal
2026-02-10,Embu Green,B,4138.6,989.4,50,PVC,277.4,7.04,46.53,50.78,6,5.56,4.25,0.0,High Pressure
2026-02-11,Embu Green,D,2440.1,1152.7,25,PVC,341.1,8.19,44.7,44.03,10,4.51,-0.67,0.67,Normal
2026-02-11,Embu Green,G,4289.9,1130.5,50,PVC,517.7,3.7,42.67,41.89,8,6.3,-0.78,0.78,Normal
2026-02-11,Kibugu-Nguviu,G,881.7,1204.4,63,PVC,110.1,6.77,38.66,38.01,2,5.74,-0.65,0.65,Normal
2026-02-11,Mwea Smallholder,B,4141.4,1134.8,90,PVC,100.8,5.31,41.98,37.92,3,7.45,-4.06,4.06,Normal
2026-02-11,Kibugu-Nguviu,H,3773.7,1154.1,50,HDPE,375.6,3.53,43.55,40.89,5,3.24,-2.66,2.66,Normal
2026-02-11,Mwea Smallholder,G,4417.5,1080.6,32,PVC,429.7,5.74,42.44,33.22,3,7.31,-9.22,9.22,Normal
2026-02-11,Mwea Smallholder,B,4578.1,1315.0,90,PVC,524.7,5.74,31.38,28.09,1,7.73,-3.29,3.29,Normal
2026-02-11,Embu Green,G,3393.4,1292.7,50,HDPE,715.1,4.63,29.35,30.04,4,5.56,0.69,0.0,Normal
2026-02-12,Embu Green,E,2247.5,1333.8,63,PVC,546.5,2.06,29.98,27.46,9,1.39,-2.52,2.52,Normal
2026-02-12,Runyenjes East,H,4510.7,1034.9,90,HDPE,690.3,4.88,39.85,35.94,10,7.21,-3.91,3.91,Normal
2026-02-12,Embu Green,H,4980.0,1036.6,50,HDPE,369.4,3.24,46.84,41.7,4,6.0,-5.14,5.14,Normal
2026-02-12,Mwea Smallholder,G,480.4,1209.2,75,GI,342.4,4.05,37.39,34.95,2,5.5,-2.44,2.44,Normal
2026-02-13,Kibugu-Nguviu,F,4963.5,977.0,50,PVC,573.1,7.32,47.32,45.02,1,3.37,-2.3,2.3,Normal
2026-02-13,Mwea Smallholder,C,2653.6,1254.1,50,HDPE,593.3,3.85,34.32,40.33,9,1.37,6.01,0.0,Normal
2026-02-13,Mwea Smallholder,C,4285.6,1086.2,75,PVC,639.2,0.93,43.44,44.23,9,1.51,0.79,0.0,Normal
2026-02-13,Mwea Smallholder,D,766.3,1326.7,75,PVC,158.9,6.13,32.71,34.01,1,0.93,1.3,0.0,Normal
2026-02-13,Mwea Smallholder,D,460.9,1260.5,40,PVC,133.3,7.39,43.54,49.63,11,7.32,6.09,0.0,Normal
2026-02-13,Kibugu-Nguviu,A,593.2,1041.7,75,GI,113.2,7.82,45.99,40.06,4,5.49,-5.93,5.93,Normal
2026-02-13,Runyenjes East,D,1919.0,1229.7,90,PVC,32.4,4.88,38.31,38.91,2,5.71,0.6,0.0,Normal
2026-02-13,Runyenjes East,H,2090.8,1264.8,50,GI,688.6,5.83,32.85,27.89,1,2.31,-4.96,4.96,Normal
2026-02-13,Kibugu-Nguviu,G,872.1,1142.3,32,PVC,111.6,7.61,44.44,45.16,8,4.41,0.72,0.0,Normal
2026-02-14,Mwea Smallholder,D,4177.5,1215.6,63,PVC,781.4,5.66,39.2,39.38,6,2.95,0.18,0.0,Normal
2026-02-14,Runyenjes East,D,3439.5,1065.5,63,GI,756.0,6.9,38.56,39.28,5,4.62,0.72,0.0,Normal
2026-02-14,Embu Green,H,2710.3,954.5,25,HDPE,556.2,7.81,45.69,47.44,10,5.64,1.75,0.0,Normal
2026-02-14,Mwea Smallholder,A,692.0,1299.9,40,PVC,246.7,6.66,33.04,30.01,11,2.37,-3.03,3.03,Normal
2026-02-14,Kibugu-Nguviu,A,3159.7,1147.8,40,GI,675.5,6.48,40.61,37.89,1,4.37,-2.72,2.72,Normal
2026-02-14,Runyenjes East,F,2472.2,1337.5,50,PVC,348.5,5.71,35.87,30.66,2,3.14,-5.21,5.21,Normal
2026-02-15,Runyenjes East,C,4531.3,1304.6,90,HDPE,172.5,5.6,38.8,37.72,11,4.32,-1.08,1.08,Normal
2026-02-15,Embu Green,A,1723.5,1222.5,25,HDPE,296.4,6.57,40.18,37.28,5,1.38,-2.9,2.9,Normal
2026-02-15,Kibugu-Nguviu,E,3694.5,1128.5,75,HDPE,791.8,4.37,37.86,28.57,4,3.66,-9.29,9.29,Normal
2026-02-15,Runyenjes East,E,2748.6,1079.1,50,PVC,588.1,4.21,44.92,43.51,7,3.26,-1.41,1.41,Normal
2026-02-16,Mwea Smallholder,B,3310.8,1326.3,40,GI,501.2,3.0,34.73,29.56,2,3.81,-5.17,5.17,Normal
2026-02-16,Mwea Smallholder,F,3594.5,1156.2,63,GI,349.8,3.59,40.19,36.79,2,5.05,-3.4,3.4,Normal
2026-02-16,Kibugu-Nguviu,G,373.0,1079.3,25,GI,117.7,7.62,43.74,45.78,8,6.32,2.04,0.0,Normal
2026-02-17,Kibugu-Nguviu,H,3159.9,1143.1,40,PVC,696.5,5.23,35.66,31.75,9,1.11,-3.91,3.91,Normal
2026-02-17,Mwea Smallholder,C,4582.4,1191.1,32,PVC,183.5,5.46,41.65,42.66,11,2.92,1.01,0.0,Normal
2026-02-17,Runyenjes East,H,2325.9,1195.9,50,GI,743.3,7.0,32.66,32.29,9,1.02,-0.37,0.37,Normal
2026-02-17,Mwea Smallholder,B,2450.1,1124.6,25,PVC,246.4,3.62,46.53,45.31,8,0.53,-1.22,1.22,Normal
2026-02-17,Embu Green,G,3115.5,1342.6,90,PVC,219.5,5.31,38.9,38.17,1,3.29,-0.73,0.73,Normal
2026-02-17,Runyenjes East,H,1542.1,1055.9,63,GI,199.7,6.43,45.82,47.36,3,4.31,1.54,0.0,Normal
2026-02-17,Kibugu-Nguviu,D,4136.1,1153.9,90,PVC,139.4,7.25,41.08,37.43,7,3.19,-3.65,3.65,Normal
2026-02-17,Embu Green,D,1523.2,1068.4,63,GI,789.5,3.52,36.94,34.46,1,7.88,-2.48,2.48,Normal
2026-02-18,Kibugu-Nguviu,B,466.8,1187.7,40,GI,400.7,5.58,34.37,35.8,9,7.24,1.43,0.0,Normal
2026-02-18,Mwea Smallholder,G,641.1,1022.7,50,HDPE,42.3,5.51,55.86,56.27,10,3.66,0.41,0.0,High Pressure
2026-02-18,Kibugu-Nguviu,B,3257.5,1122.5,25,GI,504.6,2.88,37.47,33.36,11,1.99,-4.11,4.11,Normal
2026-02-18,Embu Green,F,3591.5,1191.9,50,PVC,436.9,6.8,45.58,44.96,8,1.18,-0.62,0.62,Normal
2026-02-18,Runyenjes East,D,799.5,1272.5,32,HDPE,731.0,5.41,32.27,33.42,1,5.23,1.15,0.0,Normal
2026-02-18,Mwea Smallholder,D,363.0,1220.9,75,PVC,232.8,3.84,36.55,41.69,5,5.11,5.14,0.0,Normal
2026-02-19,Runyenjes East,D,739.3,1312.5,63,HDPE,65.5,4.95,39.9,42.85,10,7.19,2.95,0.0,Normal
2026-02-19,Mwea Smallholder,D,3918.2,1231.1,32,PVC,490.4,5.52,36.64,37.19,9,4.18,0.55,0.0,Normal
2026-02-19,Mwea Smallholder,C,1586.6,1192.6,75,PVC,604.6,11.71,37.75,38.75,9,4.36,1.0,0.0,Normal
2026-02-19,Runyenjes East,H,3513.4,1102.2,40,PVC,477.9,3.1,42.32,37.54,8,7.45,-4.78,4.78,Normal
2026-02-19,Runyenjes East,C,369.8,1020.8,75,HDPE,591.5,5.91,40.16,42.51,8,1.7,2.35,0.0,Normal
2026-02-19,Mwea Smallholder,A,300.2,1242.3,50,PVC,586.6,4.92,32.72,31.78,11,6.69,-0.94,0.94,Normal
2026-02-19,Embu Green,E,1446.2,1087.9,75,GI,522.8,1.51,45.72,43.54,6,6.34,-2.18,2.18,Normal
2026-02-20,Kibugu-Nguviu,H,4421.1,1086.4,63,PVC,246.4,5.63,44.23,37.99,7,2.81,-6.24,6.24,Normal
2026-02-20,Kibugu-Nguviu,E,2215.8,1312.3,75,HDPE,789.3,5.28,31.03,33.81,7,3.6,2.78,0.0,Normal
2026-02-20,Runyenjes East,E,509.9,1309.4,40,GI,505.9,2.46,27.43,23.29,10,7.84,-4.14,4.14,Normal
2026-02-20,Mwea Smallholder,B,2261.4,1349.0,50,HDPE,676.6,7.62,33.83,29.67,2,4.98,-4.16,4.16,Normal
2026-02-20,Embu Green,D,3182.3,1211.7,40,HDPE,461.1,7.38,35.25,33.32,3,2.18,-1.93,1.93,Normal
2026-02-20,Mwea Smallholder,A,4300.8,1063.2,90,PVC,643.1,10.85,38.55,40.05,1,4.58,1.5,0.0,Normal
2026-02-20,Runyenjes East,B,1396.8,1275.7,32,PVC,296.0,2.71,41.67,40.99,8,5.28,-0.68,0.68,Normal
2026-02-21,Embu Green,F,652.9,1181.4,50,PVC,302.9,5.21,37.65,38.12,10,7.85,0.47,0.0,Normal
2026-02-21,Embu Green,H,4600.1,1253.8,75,PVC,511.1,2.45,37.8,38.07,5,2.3,0.27,0.0,Normal
2026-02-21,Runyenjes East,H,2771.4,1176.6,32,HDPE,317.7,8.14,42.39,40.85,7,0.83,-1.54,1.54,Normal
2026-02-21,Runyenjes East,E,3119.6,1074.0,50,PVC,411.7,7.47,51.21,51.72,7,5.59,0.51,0.0,High Pressure
2026-02-21,Kibugu-Nguviu,F,4826.7,1332.5,40,PVC,398.9,5.92,35.94,35.0,3,0.69,-0.94,0.94,Normal
2026-02-21,Embu Green,B,4069.6,1060.5,40,HDPE,522.5,0.5,44.9,42.67,7,6.53,-2.23,2.23,Normal
2026-02-21,Embu Green,G,427.9,1014.1,32,PVC,342.6,6.36,51.24,53.51,10,5.34,2.27,0.0,High Pressure
2026-02-21,Kibugu-Nguviu,A,2793.4,1134.8,40,PVC,481.2,4.48,42.5,42.61,4,6.81,0.11,0.0,Normal
2026-02-22,Embu Green,H,1746.7,991.9,63,HDPE,582.8,5.19,50.12,56.07,5,7.5,5.95,0.0,High Pressure
2026-02-22,Kibugu-Nguviu,H,1646.3,1040.7,63,PVC,37.6,9.93,51.82,51.06,11,3.41,-0.76,0.76,High Pressure
2026-02-22,Mwea Smallholder,B,1989.5,984.2,63,PVC,399.1,5.93,49.91,53.77,2,4.94,3.86,0.0,High Pressure
2026-02-22,Embu Green,A,4391.3,1322.8,25,PVC,654.6,7.71,33.05,34.0,3,4.6,0.95,0.0,Normal
2026-02-22,Mwea Smallholder,F,4539.4,1128.1,90,HDPE,560.4,2.6,40.57,38.89,6,5.24,-1.68,1.68,Normal
2026-02-22,Mwea Smallholder,A,4801.5,1242.4,63,HDPE,256.9,6.76,36.9,30.32,3,5.04,-6.58,6.58,Normal
2026-02-22,Mwea Smallholder,E,4163.8,1296.1,40,PVC,104.0,5.98,38.97,38.61,11,2.75,-0.36,0.36,Normal
2026-02-23,Kibugu-Nguviu,G,4364.1,1108.9,25,PVC,661.5,2.55,41.03,38.25,10,5.39,-2.78,2.78,Normal
2026-02-23,Embu Green,E,631.2,1286.5,40,PVC,749.1,8.35,33.77,32.49,10,6.48,-1.28,1.28,Normal
2026-02-23,Kibugu-Nguviu,E,4501.9,1015.3,40,PVC,397.4,3.93,49.21,48.56,7,2.42,-0.65,0.65,Normal
2026-02-23,Embu Green,B,4786.5,996.4,32,PVC,549.6,4.09,44.7,43.99,11,7.33,-0.71,0.71,Normal
2026-02-23,Mwea Smallholder,F,2130.0,1074.6,50,PVC,734.3,2.49,43.66,32.83,7,2.22,-10.83,10.83,Normal
2026-02-23,Embu Green,G,491.4,1277.2,25,PVC,367.6,5.2,38.78,39.54,7,2.71,0.76,0.0,Normal
2026-02-23,Runyenjes East,H,1511.7,1125.4,63,PVC,522.1,3.6,39.64,34.22,7,1.58,-5.42,5.42,Normal
2026-02-23,Embu Green,E,2974.1,1077.3,90,GI,550.0,6.96,44.13,42.38,7,6.11,-1.75,1.75,Normal
2026-02-23,Mwea Smallholder,H,4399.9,1165.1,75,GI,331.0,6.46,40.01,46.02,9,6.88,6.01,0.0,Normal
2026-02-23,Mwea Smallholder,D,2131.7,1027.5,25,HDPE,682.7,6.44,43.36,42.68,2,6.65,-0.68,0.68,Normal
2026-02-24,Kibugu-Nguviu,G,4103.8,1128.2,25,PVC,280.5,2.81,46.51,46.91,5,2.42,0.4,0.0,Normal
2026-02-24,Mwea Smallholder,E,0.5,1113.0,63,PVC,168.6,2.21,43.85,47.0,4,2.91,3.15,0.0,Normal
2026-02-24,Runyenjes East,E,4756.2,1171.3,25,PVC,231.4,4.47,41.43,42.52,6,7.89,1.09,0.0,Normal
2026-02-24,Embu Green,G,4035.9,1220.6,40,PVC,44.3,0.76,39.81,39.14,10,2.73,-0.67,0.67,Normal
2026-02-24,Runyenjes East,B,1771.3,1217.2,32,PVC,169.0,5.84,41.39,36.72,6,5.83,-4.67,4.67,Normal
2026-02-24,Kibugu-Nguviu,G,3339.4,1283.9,75,PVC,774.0,5.1,30.61,22.69,10,5.69,-7.92,7.92,Normal
2026-02-25,Runyenjes East,F,2655.2,1113.0,90,PVC,469.1,3.48,44.45,45.71,4,5.72,1.26,0.0,Normal
2026-02-25,Runyenjes East,C,190.3,1280.2,63,PVC,79.2,3.15,42.82,34.16,9,0.57,-8.66,8.66,Normal
2026-02-25,Embu Green,H,2184.6,1325.0,63,PVC,723.2,3.54,28.61,23.72,1,7.4,-4.89,4.89,Normal
2026-02-25,Mwea Smallholder,H,3054.4,1139.7,32,HDPE,154.9,6.46,47.51,39.66,1,6.4,-7.85,7.85,Normal
2026-02-25,Mwea Smallholder,H,3422.0,1133.5,40,PVC,728.9,5.38,37.48,38.6,10,1.05,1.12,0.0,Normal
2026-02-25,Kibugu-Nguviu,H,1571.2,1303.8,63,GI,477.1,7.32,32.15,32.11,5,3.27,-0.04,0.04,Normal
2026-02-25,Mwea Smallholder,H,3788.4,1220.9,32,PVC,208.7,5.81,41.45,44.45,4,1.61,3.0,0.0,Normal
2026-02-26,Embu Green,C,1510.1,976.4,75,PVC,745.8,1.77,44.34,39.21,3,3.94,-5.13,5.13,Normal
2026-02-26,Runyenjes East,E,1027.1,1254.7,75,GI,182.7,6.6,43.06,48.68,7,0.81,5.62,0.0,Normal
2026-02-26,Mwea Smallholder,A,1517.6,1329.6,75,PVC,119.4,4.83,38.82,38.66,4,4.3,-0.16,0.16,Normal
2026-02-26,Embu Green,D,654.8,951.1,25,PVC,441.4,0.5,50.92,42.76,8,1.28,-8.16,8.16,Normal
2026-02-26,Mwea Smallholder,E,3258.7,994.8,32,HDPE,749.4,4.28,51.75,51.82,2,0.64,0.07,0.0,High Pressure
2026-02-26,Kibugu-Nguviu,G,3757.9,1225.6,50,PVC,599.7,3.26,36.87,42.25,2,2.13,5.38,0.0,Normal
2026-02-26,Kibugu-Nguviu,G,2204.7,1082.3,75,GI,487.5,4.6,45.94,44.15,1,6.57,-1.79,1.79,Normal
2026-02-26,Kibugu-Nguviu,D,1742.7,1322.3,40,PVC,45.6,5.66,36.74,43.68,11,5.15,6.94,0.0,Normal
2026-02-26,Kibugu-Nguviu,E,3851.7,967.5,75,GI,513.3,6.97,46.34,41.67,7,1.51,-4.67,4.67,Normal
2026-02-26,Kibugu-Nguviu,D,1673.0,1349.5,50,PVC,36.8,2.51,36.72,37.13,9,6.91,0.41,0.0,Normal
2026-02-27,Mwea Smallholder,B,636.7,1020.2,75,PVC,659.8,4.55,43.92,41.54,10,7.13,-2.38,2.38,Normal
2026-02-27,Runyenjes East,D,1411.6,1077.3,50,HDPE,142.1,6.15,48.44,52.26,6,6.79,3.82,0.0,High Pressure
2026-02-27,Runyenjes East,H,3071.6,1260.4,32,PVC,598.4,5.96,30.28,24.64,8,7.5,-5.64,5.64,Normal
2026-02-27,Runyenjes East,A,2587.4,1104.7,32,HDPE,314.3,4.9,48.71,43.67,9,6.45,-5.04,5.04,Normal
2026-02-27,Embu Green,G,2892.8,1252.0,90,PVC,486.9,3.96,34.18,30.24,2,5.88,-3.94,3.94,Normal
2026-02-27,Kibugu-Nguviu,H,1497.9,1079.9,75,HDPE,351.4,5.19,43.75,47.49,9,2.14,3.74,0.0,Normal
2026-02-27,Runyenjes East,C,2255.9,1171.5,75,GI,642.3,3.06,35.79,38.13,11,6.25,2.34,0.0,Normal
2026-02-27,Mwea Smallholder,D,1901.2,1259.9,50,HDPE,39.3,8.29,40.69,41.86,8,5.32,1.17,0.0,Normal
2026-02-27,Mwea Smallholder,A,553.2,1221.1,50,PVC,98.5,7.37,41.85,46.6,9,4.6,4.75,0.0,Normal
2026-02-27,Runyenjes East,A,1191.8,1329.6,25,PVC,374.9,3.41,35.02,31.51,4,6.28,-3.51,3.51,Normal
2026-02-27,Mwea Smallholder,F,2633.4,1293.3,50,GI,506.0,7.61,32.27,33.81,10,5.93,1.54,0.0,Normal
2026-02-27,Runyenjes East,H,1293.6,1287.7,75,HDPE,455.5,4.89,29.78,28.43,3,5.74,-1.35,1.35,Normal
2026-02-27,Kibugu-Nguviu,D,88.9,1263.6,25,PVC,471.4,3.29,36.79,38.13,6,6.8,1.34,0.0,Normal
2026-02-28,Mwea Smallholder,B,1775.1,1280.0,50,PVC,175.2,5.8,37.29,29.82,4,3.23,-7.47,7.47,Normal
2026-02-28,Mwea Smallholder,F,4031.9,1097.5,90,PVC,497.2,5.93,42.38,42.88,11,7.85,0.5,0.0,Normal
2026-02-28,Embu Green,G,3599.7,1277.6,32,PVC,406.5,3.59,34.96,32.62,3,1.57,-2.34,2.34,Normal
2026-02-28,Mwea Smallholder,E,2035.9,1323.7,25,PVC,309.9,5.61,36.96,41.43,6,4.95,4.47,0.0,Normal
2026-03-01,Runyenjes East,H,4767.5,1257.2,75,PVC,412.7,7.6,36.39,37.5,5,3.02,1.11,0.0,Normal
2026-03-01,Embu Green,F,2985.6,1290.1,40,HDPE,756.3,6.56,34.19,30.73,8,7.49,-3.46,3.46,Normal
2026-03-01,Runyenjes East,H,550.6,1077.5,32,GI,702.9,4.88,36.43,39.8,7,7.18,3.37,0.0,Normal
2026-03-01,Runyenjes East,A,2077.3,954.7,63,PVC,785.0,4.43,41.61,40.37,6,2.42,-1.24,1.24,Normal
2026-03-01,Runyenjes East,B,2719.0,1164.3,32,PVC,227.6,0.5,37.88,34.66,1,5.24,-3.22,3.22,Normal
2026-03-01,Embu Green,C,609.2,1106.3,40,PVC,788.1,4.87,40.8,39.48,10,1.69,-1.32,1.32,Normal
2026-03-01,Mwea Smallholder,E,3936.8,1074.7,75,PVC,98.3,3.85,52.05,47.89,1,3.09,-4.16,4.16,Normal
2026-03-01,Embu Green,D,3984.3,1000.2,40,GI,571.2,4.09,47.24,47.5,9,7.13,0.26,0.0,Normal
2026-03-01,Kibugu-Nguviu,G,2795.4,1022.1,40,HDPE,793.1,5.53,39.32,39.61,6,3.0,0.29,0.0,Normal
2026-03-02,Embu Green,E,1430.7,1061.2,90,PVC,294.3,10.04,50.74,51.4,6,7.62,0.66,0.0,High Pressure
2026-03-02,Kibugu-Nguviu,H,429.0,1078.4,32,PVC,225.4,6.33,42.61,43.38,4,5.65,0.77,0.0,Normal
2026-03-02,Runyenjes East,G,4622.8,1219.8,40,HDPE,790.6,5.84,35.01,29.24,2,1.82,-5.77,5.77,Normal
2026-03-02,Mwea Smallholder,H,2424.7,1075.3,40,PVC,413.9,9.22,43.77,48.74,11,4.37,4.97,0.0,Normal
2026-03-02,Embu Green,H,696.4,979.5,32,HDPE,204.8,4.08,52.31,50.77,1,5.78,-1.54,1.54,High Pressure
2026-03-02,Kibugu-Nguviu,C,333.5,1182.6,40,PVC,525.8,5.76,35.42,37.74,11,1.32,2.32,0.0,Normal
2026-03-03,Runyenjes East,H,1675.1,1347.1,25,HDPE,481.6,6.42,33.94,25.62,11,7.83,-8.32,8.32,Normal
2026-03-03,Runyenjes East,C,3553.3,1331.1,50,HDPE,712.8,7.39,26.61,29.59,10,0.91,2.98,0.0,Normal
2026-03-03,Embu Green,E,3547.6,958.1,50,PVC,289.0,4.55,55.24,56.73,8,6.9,1.49,0.0,High Pressure
2026-03-03,Kibugu-Nguviu,C,2755.6,1269.6,63,PVC,258.4,3.81,34.99,24.44,7,4.16,-10.55,10.55,Normal
2026-03-03,Runyenjes East,B,4359.2,1339.7,40,HDPE,293.7,5.24,36.96,40.84,11,0.76,3.88,0.0,Normal
2026-03-03,Kibugu-Nguviu,B,3195.1,1030.9,50,PVC,717.9,5.98,42.72,36.75,9,0.87,-5.97,5.97,Normal
2026-03-03,Embu Green,H,2703.9,1346.8,32,GI,667.7,2.89,30.58,24.54,8,7.87,-6.04,6.04,Normal
2026-03-03,Embu Green,B,3410.7,1349.5,25,PVC,631.7,8.39,33.24,28.56,6,7.31,-4.68,4.68,Normal
2026-03-04,Kibugu-Nguviu,D,437.7,1266.5,25,PVC,696.9,2.65,34.17,40.71,11,5.32,6.54,0.0,Normal
2026-03-04,Mwea Smallholder,F,742.4,1245.1,40,HDPE,209.9,6.64,37.38,40.52,4,7.36,3.14,0.0,Normal
2026-03-04,Mwea Smallholder,H,1576.7,1002.5,50,HDPE,594.4,3.62,46.4,36.37,7,0.9,-10.03,10.03,Normal
2026-03-04,Mwea Smallholder,F,4334.0,1217.7,75,GI,91.5,4.2,45.26,45.16,4,2.68,-0.1,0.1,Normal
2026-03-04,Embu Green,H,1434.2,1015.6,75,PVC,476.9,4.17,49.52,48.19,9,3.73,-1.33,1.33,Normal
2026-03-04,Kibugu-Nguviu,D,3318.8,1332.5,63,PVC,220.3,2.18,39.16,26.24,10,4.91,-12.92,12.92,Normal
2026-03-05,Embu Green,F,2345.8,1027.8,75,GI,228.9,1.01,50.32,54.52,4,6.99,4.2,0.0,High Pressure
2026-03-05,Mwea Smallholder,B,3065.2,1011.3,75,PVC,150.6,4.56,43.49,42.48,3,3.25,-1.01,1.01,Normal
2026-03-05,Embu Green,B,813.4,956.2,75,PVC,357.2,6.2,50.35,54.35,5,7.4,4.0,0.0,High Pressure
2026-03-05,Embu Green,E,1609.7,1335.0,40,HDPE,609.5,8.11,24.5,25.53,8,6.95,1.03,0.0,Normal
2026-03-05,Kibugu-Nguviu,B,3902.9,1011.9,50,HDPE,751.9,4.92,40.87,42.69,9,1.29,1.82,0.0,Normal
2026-03-05,Embu Green,F,3671.8,1107.6,75,HDPE,188.4,9.19,46.07,37.29,3,7.2,-8.78,8.78,Normal
2026-03-05,Kibugu-Nguviu,D,2324.1,1025.1,63,PVC,493.8,3.36,47.33,43.11,5,1.21,-4.22,4.22,Normal
2026-03-06,Kibugu-Nguviu,F,3212.7,1055.6,40,PVC,400.9,3.27,43.4,37.77,9,3.17,-5.63,5.63,Normal
2026-03-06,Embu Green,A,1280.4,1184.3,50,PVC,274.7,7.87,40.57,38.77,1,4.76,-1.8,1.8,Normal
2026-03-06,Mwea Smallholder,G,261.5,1031.1,40,PVC,772.3,7.26,41.44,43.52,4,4.52,2.08,0.0,Normal
2026-03-06,Runyenjes East,E,2043.4,1249.0,32,GI,175.6,7.41,41.98,49.96,5,3.48,7.98,0.0,Normal
2026-03-06,Runyenjes East,C,3489.6,1142.4,50,PVC,786.7,4.8,36.59,25.61,6,5.56,-10.98,10.98,Normal
2026-03-06,Kibugu-Nguviu,C,4835.1,1046.9,32,HDPE,678.9,3.07,36.26,32.79,1,2.4,-3.47,3.47,Normal
2026-03-06,Runyenjes East,E,1430.2,1016.5,50,PVC,520.7,4.34,47.66,41.3,6,0.65,-6.36,6.36,Normal
2026-03-06,Runyenjes East,C,2250.7,1089.2,75,PVC,60.2,4.8,46.55,45.63,11,6.54,-0.92,0.92,Normal
2026-03-06,Runyenjes East,D,1734.6,1151.8,75,PVC,607.0,6.34,40.76,30.75,8,1.75,-10.01,10.01,Normal
2026-03-06,Kibugu-Nguviu,E,4041.8,1236.2,25,PVC,613.9,5.6,34.2,28.76,2,6.8,-5.44,5.44,Normal
2026-03-06,Runyenjes East,H,4440.9,1125.6,25,HDPE,536.3,0.5,44.38,41.78,7,5.46,-2.6,2.6,Normal
2026-03-06,Runyenjes East,F,3986.6,1302.4,25,PVC,318.7,3.82,36.48,41.07,8,0.67,4.59,0.0,Normal
2026-03-06,Mwea Smallholder,F,214.9,1194.8,63,PVC,501.9,0.98,36.15,36.3,2,7.61,0.15,0.0,Normal
2026-03-07,Embu Green,A,1062.7,1127.2,50,HDPE,274.3,6.98,39.83,34.2,9,1.48,-5.63,5.63,Normal
2026-03-07,Embu Green,A,2719.0,1033.2,40,PVC,613.4,8.45,45.31,45.5,9,7.41,0.19,0.0,Normal
2026-03-07,Mwea Smallholder,F,712.8,1216.2,63,HDPE,135.3,3.47,40.99,39.77,5,7.97,-1.22,1.22,Normal
2026-03-07,Runyenjes East,G,517.5,1046.3,90,PVC,468.9,3.36,44.78,37.96,6,2.96,-6.82,6.82,Normal
2026-03-07,Mwea Smallholder,F,1132.2,1090.2,32,HDPE,719.4,5.38,36.98,32.02,11,1.07,-4.96,4.96,Normal
2026-03-07,Kibugu-Nguviu,A,1886.2,1078.8,50,HDPE,187.1,6.7,44.93,41.0,1,7.09,-3.93,3.93,Normal
2026-03-07,Embu Green,F,3709.5,1057.4,50,PVC,64.3,7.34,43.23,40.03,2,0.54,-3.2,3.2,Normal
2026-03-08,Kibugu-Nguviu,B,2821.7,1066.6,40,PVC,767.8,8.74,45.45,40.8,8,3.31,-4.65,4.65,Normal
2026-03-08,Embu Green,F,1584.2,1269.1,50,PVC,448.3,4.96,40.04,44.26,3,2.52,4.22,0.0,Normal
2026-03-08,Kibugu-Nguviu,G,2319.1,1304.7,50,GI,489.1,3.77,31.91,33.94,3,6.08,2.03,0.0,Normal
2026-03-08,Mwea Smallholder,F,428.2,1092.8,90,HDPE,89.6,1.89,50.98,45.22,6,3.97,-5.76,5.76,Normal
2026-03-08,Runyenjes East,A,729.2,1304.6,63,PVC,606.3,7.2,39.72,34.82,5,4.1,-4.9,4.9,Normal
2026-03-08,Runyenjes East,D,1029.9,1274.9,63,HDPE,656.5,7.05,29.19,21.56,7,4.2,-7.63,7.63,Normal
2026-03-08,Runyenjes East,D,2365.2,1262.8,50,HDPE,438.3,6.0,38.07,35.92,5,3.34,-2.15,2.15,Normal
2026-03-08,Mwea Smallholder,A,1501.1,1080.1,50,PVC,65.4,5.44,45.55,51.21,8,6.52,5.66,0.0,High Pressure
2026-03-08,Runyenjes East,A,1547.2,1334.1,63,PVC,475.7,2.82,30.46,25.97,1,5.88,-4.49,4.49,Normal
2026-03-08,Embu Green,B,4129.0,1336.6,40,PVC,463.2,3.35,35.02,35.12,11,6.42,0.1,0.0,Normal
2026-03-08,Kibugu-Nguviu,D,2561.4,1303.1,40,HDPE,611.0,4.13,29.7,22.79,9,5.95,-6.91,6.91,Normal
2026-03-08,Mwea Smallholder,G,2081.7,1223.9,25,PVC,95.8,3.85,39.55,41.89,9,7.77,2.34,0.0,Normal
2026-03-08,Mwea Smallholder,E,4665.9,1115.8,40,PVC,43.8,7.78,47.79,52.75,9,4.61,4.96,0.0,High Pressure
2026-03-08,Runyenjes East,B,4857.6,1252.9,32,PVC,397.7,2.91,36.51,40.47,9,2.78,3.96,0.0,Normal
2026-03-08,Embu Green,H,1583.5,1019.2,75,PVC,354.5,3.53,46.79,43.93,10,5.52,-2.86,2.86,Normal
2026-03-09,Kibugu-Nguviu,F,4110.1,1341.1,63,PVC,606.3,5.35,24.7,25.71,5,2.62,1.01,0.0,Normal
2026-03-09,Embu Green,D,3012.3,1005.0,90,GI,247.6,7.37,54.79,52.21,8,0.67,-2.58,2.58,High Pressure
2026-03-09,Kibugu-Nguviu,A,189.5,1134.8,40,PVC,397.2,5.64,46.67,49.96,11,7.71,3.29,0.0,Normal
2026-03-09,Mwea Smallholder,B,4481.6,1150.5,40,GI,160.8,0.56,49.2,46.14,1,5.91,-3.06,3.06,Normal
2026-03-09,Kibugu-Nguviu,C,4026.1,1165.3,40,HDPE,276.3,7.16,47.73,49.0,4,5.36,1.27,0.0,Normal
2026-03-10,Kibugu-Nguviu,H,3675.2,1294.7,50,PVC,580.8,2.1,32.9,28.17,6,5.56,-4.73,4.73,Normal
2026-03-10,Embu Green,G,2843.4,1234.1,75,GI,493.7,3.38,33.67,36.12,6,5.46,2.45,0.0,Normal
2026-03-10,Runyenjes East,F,1899.8,1022.3,90,PVC,107.1,7.12,43.5,38.29,4,1.33,-5.21,5.21,Normal
2026-03-10,Embu Green,F,4885.7,999.2,90,PVC,151.5,4.92,45.74,45.14,8,5.78,-0.6,0.6,Normal
2026-03-10,Mwea Smallholder,B,158.3,1103.6,63,HDPE,328.7,5.96,44.71,43.53,7,2.96,-1.18,1.18,Normal
2026-03-10,Mwea Smallholder,H,3438.1,1033.0,75,HDPE,239.4,5.13,46.2,37.79,10,6.38,-8.41,8.41,Normal
2026-03-10,Mwea Smallholder,G,1429.8,1269.6,40,PVC,203.2,6.68,41.21,47.66,4,1.26,6.45,0.0,Normal
2026-03-11,Embu Green,C,2317.6,1332.3,25,HDPE,356.5,2.05,28.34,25.55,9,4.52,-2.79,2.79,Normal
2026-03-11,Embu Green,C,447.8,1035.0,50,PVC,770.8,6.63,48.84,45.52,2,4.42,-3.32,3.32,Normal
2026-03-11,Kibugu-Nguviu,G,3803.6,1092.5,90,GI,213.6,7.65,45.63,53.21,2,3.81,7.58,0.0,High Pressure
2026-03-12,Embu Green,B,4361.7,1115.2,32,PVC,327.7,7.36,41.68,47.34,1,0.79,5.66,0.0,Normal
2026-03-12,Embu Green,C,3905.1,1200.4,32,PVC,472.6,5.25,35.56,30.7,8,7.11,-4.86,4.86,Normal
2026-03-12,Embu Green,G,3489.4,1339.5,75,PVC,441.7,4.26,33.34,42.65,10,1.34,9.31,0.0,Normal
2026-03-12,Kibugu-Nguviu,A,1941.1,1005.8,63,PVC,485.9,2.58,45.72,46.05,2,1.92,0.33,0.0,Normal
2026-03-12,Mwea Smallholder,H,2037.2,1139.6,32,PVC,696.4,5.59,38.14,42.64,4,0.53,4.5,0.0,Normal
2026-03-12,Kibugu-Nguviu,C,4155.0,1020.1,40,PVC,645.1,1.8,44.03,36.22,11,7.92,-7.81,7.81,Normal
2026-03-12,Embu Green,F,4315.0,1095.5,63,PVC,392.6,3.99,40.93,37.37,7,3.02,-3.56,3.56,Normal
2026-03-13,Embu Green,G,199.1,1218.3,63,PVC,174.2,2.81,39.13,42.16,8,4.52,3.03,0.0,Normal
2026-03-13,Mwea Smallholder,E,1922.9,952.1,25,HDPE,476.5,7.08,50.42,47.26,9,7.41,-3.16,3.16,Normal
2026-03-13,Runyenjes East,B,4081.9,1218.9,25,PVC,723.9,5.79,31.89,21.13,4,2.21,-10.76,10.76,Normal
2026-03-13,Mwea Smallholder,H,1351.0,1223.8,40,PVC,665.6,3.88,36.96,38.13,8,5.25,1.17,0.0,Normal
2026-03-13,Kibugu-Nguviu,F,1264.9,1031.7,32,PVC,446.3,4.38,47.65,41.07,8,7.26,-6.58,6.58,Normal
2026-03-13,Kibugu-Nguviu,B,400.9,1335.1,90,PVC,536.5,3.16,26.33,26.65,3,7.11,0.32,0.0,Normal
2026-03-13,Runyenjes East,D,4336.0,1073.1,75,PVC,499.4,4.36,42.55,49.56,8,1.7,7.01,0.0,Normal
2026-03-13,Runyenjes East,E,4850.3,1068.9,63,GI,285.6,4.12,45.88,42.7,10,7.78,-3.18,3.18,Normal
2026-03-13,Mwea Smallholder,H,3935.7,1050.2,90,HDPE,384.3,7.46,50.19,42.46,10,7.93,-7.73,7.73,Normal
2026-03-13,Runyenjes East,A,1788.1,1011.7,40,HDPE,144.5,2.55,55.38,52.39,3,3.4,-2.99,2.99,High Pressure
2026-03-13,Mwea Smallholder,E,4726.9,1079.5,25,PVC,127.0,5.05,46.47,42.95,11,6.49,-3.52,3.52,Normal
2026-03-14,Mwea Smallholder,A,1726.4,1116.2,32,PVC,760.6,3.27,40.05,41.73,6,3.83,1.68,0.0,Normal
2026-03-14,Embu Green,G,1898.2,1293.6,25,HDPE,777.5,6.17,30.14,25.5,10,3.33,-4.64,4.64,Normal
2026-03-14,Kibugu-Nguviu,D,3538.5,1235.4,63,PVC,292.4,6.22,31.12,30.11,8,6.83,-1.01,1.01,Normal
2026-03-14,Runyenjes East,A,2685.0,1090.5,75,HDPE,730.8,4.3,33.58,32.05,9,4.15,-1.53,1.53,Normal
2026-03-14,Mwea Smallholder,E,4794.6,1093.1,90,HDPE,495.5,5.8,45.75,43.15,8,0.96,-2.6,2.6,Normal
2026-03-14,Runyenjes East,H,3841.1,1220.3,63,PVC,292.8,3.95,39.23,42.31,11,5.9,3.08,0.0,Normal
2026-03-15,Mwea Smallholder,C,2998.2,1232.0,75,PVC,716.2,4.1,31.16,32.57,6,2.34,1.41,0.0,Normal
2026-03-15,Mwea Smallholder,F,753.7,1003.1,32,PVC,231.5,2.22,53.25,53.03,9,3.95,-0.22,0.22,High Pressure
2026-03-15,Runyenjes East,B,3849.7,1287.4,32,PVC,103.8,3.49,40.78,37.94,5,2.56,-2.84,2.84,Normal
2026-03-15,Kibugu-Nguviu,G,3351.8,1332.0,63,PVC,444.1,2.86,34.87,36.03,11,2.03,1.16,0.0,Normal
2026-03-15,Mwea Smallholder,D,2531.6,1033.8,75,PVC,714.7,8.26,46.94,49.89,5,0.68,2.95,0.0,Normal
2026-03-15,Mwea Smallholder,D,1212.7,1254.5,90,PVC,347.3,7.63,35.85,38.08,8,4.74,2.23,0.0,Normal
2026-03-15,Embu Green,D,3444.4,1028.7,90,PVC,77.0,4.35,48.77,47.52,2,5.64,-1.25,1.25,Normal
2026-03-15,Kibugu-Nguviu,H,450.1,1109.8,40,PVC,547.3,6.65,41.74,38.83,4,1.61,-2.91,2.91,Normal
2026-03-16,Kibugu-Nguviu,C,504.9,1258.7,63,PVC,288.2,7.46,39.13,35.73,2,0.53,-3.4,3.4,Normal
2026-03-16,Mwea Smallholder,F,2612.2,1217.4,40,HDPE,294.9,4.46,38.01,40.91,8,6.96,2.9,0.0,Normal
2026-03-16,Kibugu-Nguviu,A,2326.2,1121.3,25,HDPE,373.5,5.39,37.95,37.13,2,1.73,-0.82,0.82,Normal
2026-03-16,Kibugu-Nguviu,D,1500.6,1031.0,63,GI,88.7,5.3,45.45,51.9,4,4.31,6.45,0.0,High Pressure
2026-03-16,Runyenjes East,G,3966.0,1158.5,63,HDPE,77.2,2.68,41.64,35.02,3,6.42,-6.62,6.62,Normal
2026-03-16,Embu Green,E,4393.8,1105.2,50,HDPE,65.3,4.5,45.32,39.12,1,7.51,-6.2,6.2,Normal
2026-03-17,Runyenjes East,C,4847.6,1293.6,32,PVC,232.5,4.39,40.26,32.18,8,6.68,-8.08,8.08,Normal
2026-03-17,Embu Green,E,3026.1,1246.8,40,PVC,777.3,4.1,28.89,29.5,5,3.36,0.61,0.0,Normal
2026-03-17,Kibugu-Nguviu,A,4298.5,1212.6,90,PVC,463.6,3.47,41.09,39.61,11,3.98,-1.48,1.48,Normal
2026-03-17,Embu Green,A,526.1,1203.4,40,HDPE,390.6,1.34,42.74,38.07,10,7.89,-4.67,4.67,Normal
2026-03-17,Kibugu-Nguviu,D,405.6,979.9,32,GI,64.4,4.63,54.74,54.47,10,6.48,-0.27,0.27,High Pressure
2026-03-17,Mwea Smallholder,F,2272.6,1264.5,90,PVC,388.3,6.54,36.69,36.14,10,3.27,-0.55,0.55,Normal
2026-03-18,Kibugu-Nguviu,D,1595.2,978.8,75,PVC,469.9,8.21,51.08,39.08,5,3.16,-12.0,12.0,Normal
2026-03-18,Mwea Smallholder,G,3909.2,1049.4,75,HDPE,236.8,7.32,47.13,48.16,8,5.25,1.03,0.0,Normal
2026-03-18,Runyenjes East,A,33.3,1348.0,40,PVC,145.4,8.0,36.63,30.44,11,3.33,-6.19,6.19,Normal
2026-03-18,Runyenjes East,E,1746.7,1028.5,75,PVC,471.6,6.78,48.68,50.15,11,0.97,1.47,0.0,High Pressure
2026-03-18,Mwea Smallholder,G,2271.7,1326.7,40,PVC,335.7,7.96,32.27,24.41,8,6.41,-7.86,7.86,Normal
2026-03-18,Runyenjes East,G,4804.2,1126.8,32,HDPE,380.6,8.45,43.51,41.95,8,6.57,-1.56,1.56,Normal
2026-03-18,Runyenjes East,A,948.5,1019.5,63,HDPE,511.0,8.05,42.04,43.86,2,5.47,1.82,0.0,Normal
2026-03-18,Embu Green,B,2995.8,1117.6,40,PVC,199.8,6.45,43.18,48.12,4,2.12,4.94,0.0,Normal
2026-03-19,Runyenjes East,A,3963.4,1150.7,32,GI,267.8,5.94,42.9,37.63,6,6.23,-5.27,5.27,Normal
2026-03-19,Embu Green,E,887.4,1012.9,40,PVC,335.9,5.27,46.91,50.28,4,4.09,3.37,0.0,High Pressure
2026-03-19,Embu Green,E,2444.0,1214.7,63,PVC,273.9,3.73,36.73,29.57,3,2.32,-7.16,7.16,Normal
2026-03-19,Runyenjes East,B,4197.7,1320.8,63,PVC,84.4,6.5,33.53,40.53,2,1.93,7.0,0.0,Normal
2026-03-19,Kibugu-Nguviu,C,288.9,1050.6,32,PVC,402.5,6.28,46.5,40.49,7,4.7,-6.01,6.01,Normal
2026-03-19,Embu Green,C,2460.1,1322.1,63,HDPE,582.2,8.12,33.05,33.86,2,7.33,0.81,0.0,Normal
2026-03-20,Runyenjes East,G,3052.6,1180.1,50,HDPE,293.1,0.54,46.08,41.64,3,7.49,-4.44,4.44,Normal
2026-03-20,Kibugu-Nguviu,D,3655.7,1178.0,63,PVC,785.1,5.99,36.2,36.72,11,7.9,0.52,0.0,Normal
2026-03-20,Mwea Smallholder,H,4375.9,995.7,90,GI,169.6,6.07,49.29,48.31,4,6.55,-0.98,0.98,Normal
2026-03-20,Mwea Smallholder,H,3410.6,1341.1,90,HDPE,102.2,3.2,35.08,30.13,11,1.73,-4.95,4.95,Normal
2026-03-20,Mwea Smallholder,A,2306.4,1326.1,90,GI,456.9,5.63,35.38,42.82,1,1.59,7.44,0.0,Normal
2026-03-20,Embu Green,H,4178.9,1232.4,40,PVC,220.6,2.12,33.87,34.32,2,5.29,0.45,0.0,Normal
2026-03-20,Runyenjes East,D,3285.6,1147.3,40,PVC,73.9,4.57,53.22,55.04,9,1.6,1.82,0.0,High Pressure
2026-03-20,Embu Green,A,1979.3,965.3,40,HDPE,778.0,5.37,42.51,39.56,6,5.7,-2.95,2.95,Normal
2026-03-21,Mwea Smallholder,A,1468.2,1230.6,40,PVC,643.6,1.43,33.42,30.32,3,2.06,-3.1,3.1,Normal
2026-03-21,Mwea Smallholder,H,3893.8,1313.6,40,PVC,787.9,2.68,25.45,22.91,6,2.69,-2.54,2.54,Normal
2026-03-21,Runyenjes East,H,1056.0,1049.3,90,PVC,289.0,3.82,43.39,47.73,7,7.61,4.34,0.0,Normal
2026-03-21,Mwea Smallholder,G,1416.2,961.0,63,PVC,662.9,5.93,45.43,50.13,10,6.1,4.7,0.0,High Pressure
2026-03-21,Kibugu-Nguviu,D,2466.3,1154.8,50,PVC,58.3,7.37,46.77,42.26,4,7.41,-4.51,4.51,Normal
2026-03-21,Runyenjes East,D,3800.1,1249.5,75,PVC,451.3,5.01,36.17,36.03,7,5.61,-0.14,0.14,Normal
2026-03-21,Runyenjes East,G,905.4,1126.3,25,PVC,244.1,5.22,41.34,39.82,7,4.59,-1.52,1.52,Normal
2026-03-21,Runyenjes East,E,2305.8,1213.3,90,HDPE,197.4,2.99,41.29,37.08,10,7.28,-4.21,4.21,Normal
2026-03-22,Runyenjes East,C,2918.8,979.9,40,PVC,415.7,1.74,48.22,45.76,5,1.9,-2.46,2.46,Normal
2026-03-22,Kibugu-Nguviu,F,1628.9,970.9,63,PVC,193.0,4.59,50.68,54.68,3,1.13,4.0,0.0,High Pressure
2026-03-22,Mwea Smallholder,F,2392.9,974.4,32,PVC,629.0,5.91,43.37,43.09,6,6.52,-0.28,0.28,Normal
2026-03-22,Runyenjes East,H,3083.3,1282.6,75,PVC,342.5,5.84,38.27,32.95,3,6.56,-5.32,5.32,Normal
2026-03-22,Kibugu-Nguviu,G,2196.0,1168.7,32,GI,502.7,4.84,33.15,27.9,2,2.23,-5.25,5.25,Normal
2026-03-23,Mwea Smallholder,H,4073.4,1161.1,75,PVC,743.8,7.76,36.21,26.94,4,0.58,-9.27,9.27,Normal
2026-03-23,Runyenjes East,A,3938.5,1158.6,63,HDPE,223.1,3.54,41.74,34.9,6,1.16,-6.84,6.84,Normal
2026-03-23,Runyenjes East,F,1008.6,1102.7,25,PVC,635.9,6.71,40.04,39.58,9,7.93,-0.46,0.46,Normal
2026-03-23,Runyenjes East,F,3720.4,1009.3,75,PVC,494.1,4.02,45.08,44.77,10,5.21,-0.31,0.31,Normal
2026-03-23,Runyenjes East,A,2273.4,1186.9,50,GI,621.1,6.6,38.37,32.92,9,5.27,-5.45,5.45,Normal
2026-03-24,Mwea Smallholder,B,2823.9,1081.6,75,GI,181.4,7.25,51.68,55.1,6,4.85,3.42,0.0,High Pressure
2026-03-24,Kibugu-Nguviu,G,615.7,1171.7,40,PVC,63.6,4.8,40.1,37.68,4,1.71,-2.42,2.42,Normal
2026-03-24,Embu Green,H,4872.7,1078.1,32,PVC,723.5,2.35,38.59,35.64,6,2.97,-2.95,2.95,Normal
2026-03-24,Embu Green,G,3089.2,1089.4,25,PVC,681.0,4.91,35.98,35.94,4,1.25,-0.04,0.04,Normal
2026-03-24,Runyenjes East,E,4561.2,1255.1,63,HDPE,584.3,4.87,32.66,22.96,6,3.94,-9.7,9.7,Normal
2026-03-24,Runyenjes East,H,3934.6,1135.6,40,HDPE,648.1,5.94,40.38,48.41,5,2.31,8.03,0.0,Normal
2026-03-24,Kibugu-Nguviu,C,1596.7,1187.6,50,PVC,734.4,5.57,41.02,49.23,5,7.03,8.21,0.0,Normal
2026-03-25,Kibugu-Nguviu,H,2445.3,1063.4,75,PVC,207.8,2.9,45.28,43.73,5,7.54,-1.55,1.55,Normal
2026-03-25,Mwea Smallholder,G,4443.8,1180.1,75,PVC,472.2,7.24,41.91,46.67,9,3.06,4.76,0.0,Normal
2026-03-25,Mwea Smallholder,G,1914.9,1182.6,63,GI,149.8,2.6,37.2,42.49,2,4.87,5.29,0.0,Normal
2026-03-25,Mwea Smallholder,D,2932.6,1067.6,40,GI,226.7,6.35,46.35,39.89,6,6.93,-6.46,6.46,Normal
2026-03-25,Embu Green,E,4109.7,1334.8,63,HDPE,612.6,2.85,35.53,42.55,8,7.15,7.02,0.0,Normal
2026-03-26,Embu Green,A,162.5,1252.5,63,PVC,325.4,7.39,40.56,33.9,6,6.22,-6.66,6.66,Normal
2026-03-26,Mwea Smallholder,D,1674.2,1085.3,63,PVC,412.7,4.72,45.38,41.72,3,0.9,-3.66,3.66,Normal
2026-03-26,Embu Green,D,4584.7,1032.3,40,PVC,481.7,6.06,40.4,40.21,7,2.12,-0.19,0.19,Normal
2026-03-26,Runyenjes East,D,4731.9,1309.8,50,PVC,476.3,7.7,32.82,25.69,8,5.37,-7.13,7.13,Normal
2026-03-26,Kibugu-Nguviu,C,1406.6,1226.0,75,GI,567.9,4.86,36.64,27.16,11,4.47,-9.48,9.48,Normal
2026-03-26,Kibugu-Nguviu,G,2355.2,1033.7,40,HDPE,57.9,0.5,50.85,45.07,1,3.43,-5.78,5.78,Normal
2026-03-26,Embu Green,C,184.0,1202.7,75,PVC,446.6,5.8,34.74,31.31,7,1.78,-3.43,3.43,Normal
2026-03-27,Mwea Smallholder,G,3356.7,1058.6,63,PVC,94.4,4.66,47.31,45.72,9,1.49,-1.59,1.59,Normal
2026-03-27,Runyenjes East,F,1184.5,1143.4,63,PVC,148.1,5.57,48.84,41.27,6,2.22,-7.57,7.57,Normal
2026-03-27,Kibugu-Nguviu,G,2960.3,1152.9,40,PVC,781.3,6.28,37.17,36.51,11,4.4,-0.66,0.66,Normal
2026-03-27,Runyenjes East,B,4815.5,1000.6,32,PVC,640.5,7.21,49.57,45.32,6,6.34,-4.25,4.25,Normal
2026-03-28,Embu Green,A,1174.6,1087.5,32,PVC,493.0,3.79,46.3,46.54,7,1.74,0.24,0.0,Normal
2026-03-28,Kibugu-Nguviu,D,3749.3,1067.7,90,PVC,145.3,0.96,48.54,46.36,9,4.87,-2.18,2.18,Normal
2026-03-28,Mwea Smallholder,B,3471.8,1073.7,40,HDPE,344.7,0.82,44.83,38.5,3,4.08,-6.33,6.33,Normal
2026-03-28,Mwea Smallholder,C,4015.8,1170.8,40,HDPE,544.6,3.14,36.37,41.45,2,1.5,5.08,0.0,Normal
2026-03-28,Kibugu-Nguviu,E,3580.4,1158.7,63,PVC,712.1,5.92,38.0,43.71,11,1.45,5.71,0.0,Normal
2026-03-28,Mwea Smallholder,G,2052.4,1171.7,63,PVC,195.9,2.64,42.47,45.75,1,7.92,3.28,0.0,Normal
2026-03-29,Kibugu-Nguviu,G,270.9,1058.9,75,PVC,652.3,5.11,43.41,43.41,2,0.98,0.0,0.0,Normal
2026-03-29,Embu Green,B,637.3,1101.1,40,PVC,700.9,4.77,39.67,36.11,7,7.02,-3.56,3.56,Normal
2026-03-29,Runyenjes East,E,2555.9,1305.1,75,PVC,195.3,4.43,37.76,33.09,4,5.56,-4.67,4.67,Normal
2026-03-29,Mwea Smallholder,B,4138.8,1029.3,25,PVC,709.8,5.31,47.57,43.64,8,5.44,-3.93,3.93,Normal
2026-03-29,Embu Green,G,1809.7,977.8,25,PVC,380.3,6.77,49.51,45.2,7,4.97,-4.31,4.31,Normal
2026-03-29,Runyenjes East,G,1174.5,1000.6,40,GI,650.5,4.39,44.66,47.43,8,1.14,2.77,0.0,Normal
2026-03-29,Runyenjes East,B,4454.3,1169.0,50,PVC,183.4,9.06,47.84,48.51,1,3.49,0.67,0.0,Normal
2026-03-29,Runyenjes East,C,3835.6,1209.4,50,PVC,113.3,3.96,40.25,40.09,6,7.32,-0.16,0.16,Normal
2026-03-29,Embu Green,D,751.5,1071.9,32,PVC,474.9,4.87,44.11,42.07,2,3.91,-2.04,2.04,Normal
2026-03-30,Kibugu-Nguviu,C,2953.1,1081.9,40,GI,623.2,2.88,39.04,38.23,7,6.56,-0.81,0.81,Normal
2026-03-30,Runyenjes East,F,4098.8,1254.7,50,PVC,198.0,2.69,37.78,39.07,9,4.04,1.29,0.0,Normal
2026-03-30,Mwea Smallholder,H,2986.4,1054.7,40,PVC,395.9,7.74,44.4,41.82,3,6.58,-2.58,2.58,Normal
2026-03-30,Mwea Smallholder,H,4066.7,965.9,75,HDPE,563.4,4.66,43.96,46.63,2,6.8,2.67,0.0,Normal
2026-03-30,Embu Green,F,4937.8,1235.1,63,PVC,544.8,2.28,32.93,32.36,11,1.92,-0.57,0.57,Normal
2026-03-30,Kibugu-Nguviu,F,2883.5,1347.4,63,GI,318.3,6.44,35.67,34.54,4,7.64,-1.13,1.13,Normal
2026-03-30,Kibugu-Nguviu,C,3054.2,1100.3,32,PVC,786.3,5.57,41.91,38.4,3,3.05,-3.51,3.51,Normal
2026-03-31,Mwea Smallholder,F,2664.0,1227.3,90,GI,470.8,2.35,41.9,39.4,7,7.08,-2.5,2.5,Normal
2026-03-31,Mwea Smallholder,G,3337.3,1260.2,63,PVC,93.7,11.83,42.55,48.53,1,3.99,5.98,0.0,Normal
2026-03-31,Runyenjes East,B,1834.1,956.0,40,PVC,263.0,6.91,52.75,53.33,7,1.15,0.58,0.0,High Pressure
2026-03-31,Mwea Smallholder,H,4704.3,1032.5,25,GI,467.1,7.19,46.02,40.3,3,2.15,-5.72,5.72,Normal
2026-03-31,Runyenjes East,D,1508.6,1122.0,75,HDPE,504.5,5.81,42.13,46.5,5,5.55,4.37,0.0,Normal
2026-03-31,Mwea Smallholder,E,3904.4,1177.2,40,PVC,546.7,2.4,35.49,47.33,2,5.47,11.84,0.0,Normal
2026-04-01,Runyenjes East,D,3228.9,1137.7,40,HDPE,278.6,2.76,45.72,34.31,10,5.4,-11.41,11.41,Normal
2026-04-01,Kibugu-Nguviu,D,4951.1,1092.8,63,PVC,420.0,5.82,40.76,40.2,5,4.31,-0.56,0.56,Normal
2026-04-01,Mwea Smallholder,H,3979.4,1212.2,40,HDPE,593.3,4.52,34.31,37.38,11,3.16,3.07,0.0,Normal
2026-04-01,Runyenjes East,A,255.1,1071.7,63,PVC,493.7,3.61,45.32,45.82,11,3.78,0.5,0.0,Normal
2026-04-01,Mwea Smallholder,A,3559.1,1142.8,32,HDPE,523.4,4.46,42.69,39.84,11,1.24,-2.85,2.85,Normal
2026-04-01,Runyenjes East,G,2274.5,1011.8,40,PVC,131.7,6.22,52.14,45.01,8,2.88,-7.13,7.13,Normal
2026-04-02,Mwea Smallholder,A,3070.1,1039.1,32,PVC,622.3,2.64,39.15,42.03,3,6.24,2.88,0.0,Normal
2026-04-02,Kibugu-Nguviu,B,259.6,989.9,32,GI,795.5,1.24,49.46,47.06,2,0.77,-2.4,2.4,Normal
2026-04-02,Runyenjes East,D,3165.8,1040.4,90,PVC,169.5,5.76,47.25,49.08,1,1.41,1.83,0.0,Normal
2026-04-02,Runyenjes East,B,763.4,952.4,75,PVC,431.4,5.74,51.83,42.98,8,2.7,-8.85,8.85,Normal
2026-04-02,Embu Green,B,401.8,986.6,50,PVC,493.3,4.12,42.26,38.93,9,3.89,-3.33,3.33,Normal
2026-04-03,Kibugu-Nguviu,D,126.5,950.8,32,PVC,632.8,2.25,44.37,38.55,10,4.26,-5.82,5.82,Normal
2026-04-03,Mwea Smallholder,A,2630.4,984.4,50,HDPE,300.0,1.9,54.43,53.34,3,1.59,-1.09,1.09,High Pressure
2026-04-03,Mwea Smallholder,E,1036.1,1313.7,50,HDPE,481.7,4.47,32.99,34.72,4,1.66,1.73,0.0,Normal
2026-04-03,Runyenjes East,B,4207.5,1015.1,25,PVC,298.6,5.93,47.17,42.21,9,5.59,-4.96,4.96,Normal
2026-04-03,Embu Green,A,421.9,1076.2,75,GI,234.9,5.88,46.48,46.99,11,5.83,0.51,0.0,Normal
2026-04-03,Embu Green,A,475.2,960.9,32,PVC,620.7,7.42,51.89,44.53,4,4.5,-7.36,7.36,Normal
2026-04-03,Mwea Smallholder,D,1756.5,1212.8,50,PVC,563.7,2.95,31.29,28.92,3,3.33,-2.37,2.37,Normal
2026-04-03,Runyenjes East,B,43.2,959.6,90,HDPE,764.3,3.46,47.8,48.52,10,3.47,0.72,0.0,Normal
2026-04-04,Embu Green,G,2108.6,1057.3,40,PVC,152.9,7.92,51.19,39.48,4,1.15,-11.71,11.71,Normal
2026-04-04,Mwea Smallholder,G,2537.7,1180.9,25,PVC,634.0,5.65,39.35,40.61,5,6.76,1.26,0.0,Normal
2026-04-04,Mwea Smallholder,A,1747.9,1112.2,32,PVC,565.2,5.53,38.85,41.81,6,6.57,2.96,0.0,Normal
2026-04-05,Kibugu-Nguviu,B,485.4,1337.3,50,PVC,701.8,4.34,32.72,38.91,4,4.44,6.19,0.0,Normal
2026-04-05,Embu Green,E,1837.0,1215.0,90,HDPE,185.8,2.75,41.25,36.05,3,0.91,-5.2,5.2,Normal
2026-04-05,Mwea Smallholder,H,2021.5,1112.1,90,PVC,530.2,5.98,40.41,37.54,3,1.5,-2.87,2.87,Normal
2026-04-05,Embu Green,H,3345.2,1060.5,90,PVC,134.8,5.16,50.59,46.84,10,4.25,-3.75,3.75,Normal
2026-04-05,Mwea Smallholder,B,3955.9,1000.2,63,PVC,384.4,7.51,48.34,43.4,9,2.49,-4.94,4.94,Normal
2026-04-06,Runyenjes East,H,4521.6,1184.9,75,PVC,361.6,2.6,46.1,46.8,1,6.15,0.7,0.0,Normal
2026-04-06,Kibugu-Nguviu,E,4875.0,1043.1,90,PVC,546.2,4.07,42.02,38.41,2,6.91,-3.61,3.61,Normal
2026-04-07,Mwea Smallholder,A,2138.5,1158.1,25,PVC,460.1,6.05,36.89,37.29,11,2.91,0.4,0.0,Normal
2026-04-07,Kibugu-Nguviu,D,732.8,1086.4,32,PVC,341.0,6.57,42.61,51.62,2,7.87,9.01,0.0,High Pressure
2026-04-07,Kibugu-Nguviu,C,3694.0,1091.4,63,PVC,312.3,7.37,40.93,45.66,2,1.86,4.73,0.0,Normal
2026-04-07,Kibugu-Nguviu,D,1707.8,1137.8,75,HDPE,188.1,3.48,45.94,42.63,8,5.61,-3.31,3.31,Normal
2026-04-07,Embu Green,G,198.0,1142.2,50,PVC,625.4,9.0,33.39,38.74,4,3.64,5.35,0.0,Normal
2026-04-07,Mwea Smallholder,C,3869.5,1156.9,25,HDPE,417.5,5.74,37.78,40.47,4,3.44,2.69,0.0,Normal
2026-04-07,Mwea Smallholder,A,2350.9,1138.8,75,PVC,189.7,2.91,48.83,42.31,8,1.91,-6.52,6.52,Normal
2026-04-07,Embu Green,E,2552.1,1025.0,25,PVC,769.8,3.08,37.16,46.79,8,1.61,9.63,0.0,Normal
2026-04-08,Runyenjes East,H,2007.5,1220.7,75,HDPE,532.0,0.7,42.89,37.73,9,4.1,-5.16,5.16,Normal
2026-04-08,Runyenjes East,G,652.8,1345.1,63,PVC,664.3,6.2,33.72,37.42,4,0.52,3.7,0.0,Normal
2026-04-08,Kibugu-Nguviu,D,3466.2,1077.1,75,GI,231.1,3.38,42.07,39.54,1,2.01,-2.53,2.53,Normal
2026-04-08,Runyenjes East,G,1402.7,1306.9,40,PVC,445.2,5.21,35.28,35.75,6,1.86,0.47,0.0,Normal
2026-04-08,Runyenjes East,E,806.1,1009.0,40,PVC,283.2,2.88,45.71,46.55,3,6.89,0.84,0.0,Normal
2026-04-08,Embu Green,G,3563.7,1304.7,63,PVC,540.1,3.92,34.39,34.56,11,6.72,0.17,0.0,Normal
2026-04-08,Kibugu-Nguviu,H,2129.3,1103.3,40,GI,479.9,4.43,45.99,48.57,5,3.24,2.58,0.0,Normal
2026-04-08,Embu Green,E,876.3,1141.9,63,PVC,146.2,5.65,46.31,42.68,9,1.8,-3.63,3.63,Normal
2026-04-08,Mwea Smallholder,E,1511.8,1017.4,32,PVC,506.1,4.29,51.32,49.62,5,0.51,-1.7,1.7,Normal
2026-04-08,Embu Green,B,3889.9,1226.8,50,HDPE,358.7,3.68,36.23,40.74,10,7.05,4.51,0.0,Normal
2026-04-08,Mwea Smallholder,B,3233.3,1214.0,50,GI,94.9,11.51,47.31,47.83,2,6.21,0.52,0.0,Normal
2026-04-08,Runyenjes East,E,184.4,1100.9,63,GI,256.4,6.89,42.99,35.05,7,2.29,-7.94,7.94,Normal
2026-04-09,Embu Green,C,2932.1,1251.6,25,PVC,151.1,2.21,35.9,32.1,8,5.73,-3.8,3.8,Normal
2026-04-09,Embu Green,C,4675.2,1107.9,40,PVC,317.1,4.17,44.0,47.79,2,2.5,3.79,0.0,Normal
2026-04-09,Mwea Smallholder,D,3254.2,1240.0,50,HDPE,394.7,4.01,37.68,33.74,4,0.93,-3.94,3.94,Normal
2026-04-09,Embu Green,F,3832.5,1094.0,40,HDPE,76.0,3.08,45.43,41.86,1,6.67,-3.57,3.57,Normal
2026-04-09,Mwea Smallholder,E,4673.9,1017.8,40,PVC,488.0,4.4,43.15,44.07,11,6.99,0.92,0.0,Normal
2026-04-10,Embu Green,D,2974.7,1186.3,40,PVC,632.2,5.13,37.35,46.51,6,0.73,9.16,0.0,Normal
2026-04-10,Kibugu-Nguviu,H,2303.8,1035.0,75,HDPE,565.7,5.58,43.8,43.66,4,4.53,-0.14,0.14,Normal
2026-04-11,Mwea Smallholder,H,1343.4,1304.9,75,PVC,505.9,4.33,31.37,28.14,2,3.98,-3.23,3.23,Normal
2026-04-11,Embu Green,G,1607.7,1067.8,75,PVC,697.0,9.88,47.97,50.56,3,5.14,2.59,0.0,High Pressure
2026-04-11,Runyenjes East,A,142.6,1069.6,75,PVC,190.4,5.98,48.28,45.56,9,7.35,-2.72,2.72,Normal
2026-04-11,Mwea Smallholder,B,1633.5,1140.6,75,PVC,294.5,3.45,47.3,41.92,5,5.73,-5.38,5.38,Normal
2026-04-11,Mwea Smallholder,B,3103.1,1281.5,40,HDPE,323.4,4.73,39.26,38.32,3,2.26,-0.94,0.94,Normal
2026-04-11,Embu Green,A,569.1,1210.1,75,PVC,798.6,5.8,30.44,25.52,10,6.8,-4.92,4.92,Normal
2026-04-11,Kibugu-Nguviu,F,2773.3,1156.8,50,PVC,272.2,8.83,42.73,39.89,1,1.73,-2.84,2.84,Normal
2026-04-11,Kibugu-Nguviu,B,1415.9,1287.0,40,PVC,536.0,4.87,32.65,26.55,7,6.67,-6.1,6.1,Normal
2026-04-12,Mwea Smallholder,G,4350.0,1326.0,50,PVC,496.3,7.43,32.01,36.09,10,3.33,4.08,0.0,Normal
2026-04-12,Runyenjes East,C,2454.0,1059.1,75,HDPE,799.1,4.29,38.21,35.22,8,7.34,-2.99,2.99,Normal
2026-04-12,Embu Green,F,2999.5,1219.7,75,PVC,46.6,4.71,40.57,37.42,11,7.18,-3.15,3.15,Normal
2026-04-12,Runyenjes East,G,3318.7,1279.4,25,HDPE,419.3,7.05,33.88,34.5,9,2.09,0.62,0.0,Normal
2026-04-12,Mwea Smallholder,G,1193.8,1161.0,50,HDPE,431.7,5.7,43.4,45.55,4,5.74,2.15,0.0,Normal
2026-04-12,Kibugu-Nguviu,D,2472.4,1291.4,40,HDPE,606.9,8.41,36.99,37.23,9,6.38,0.24,0.0,Normal
2026-04-12,Kibugu-Nguviu,A,2364.7,1224.5,40,HDPE,337.9,5.66,36.46,45.48,9,4.89,9.02,0.0,Normal
2026-04-12,Kibugu-Nguviu,D,656.4,1186.2,32,PVC,528.8,5.6,39.58,32.32,8,4.69,-7.26,7.26,Normal
2026-04-12,Kibugu-Nguviu,A,525.5,1103.6,75,HDPE,589.0,7.16,40.86,45.78,3,6.62,4.92,0.0,Normal
2026-04-13,Runyenjes East,G,4597.3,1001.7,90,HDPE,719.5,7.95,41.77,34.78,3,3.53,-6.99,6.99,Normal
2026-04-13,Runyenjes East,B,4313.7,1299.1,40,PVC,706.9,4.75,26.46,22.54,1,4.8,-3.92,3.92,Normal
2026-04-13,Runyenjes East,F,2957.8,1030.4,40,PVC,374.5,7.71,48.25,52.08,8,2.54,3.83,0.0,High Pressure
2026-04-13,Mwea Smallholder,C,1199.3,1034.1,63,PVC,309.5,3.5,45.59,44.61,1,4.7,-0.98,0.98,Normal
2026-04-13,Mwea Smallholder,C,3027.5,1288.9,63,GI,49.2,5.23,42.29,44.34,2,1.84,2.05,0.0,Normal
2026-04-13,Embu Green,D,674.8,1050.9,32,PVC,50.2,6.8,55.01,54.83,2,5.59,-0.18,0.18,High Pressure
2026-04-13,Runyenjes East,A,4904.7,1243.9,63,GI,41.2,6.2,43.99,45.14,1,1.18,1.15,0.0,Normal
2026-04-13,Kibugu-Nguviu,G,1480.6,1004.6,40,PVC,398.8,1.49,51.68,49.14,9,1.74,-2.54,2.54,Normal
2026-04-13,Kibugu-Nguviu,G,1193.4,966.5,75,GI,50.8,3.23,51.9,59.48,9,3.84,7.58,0.0,High Pressure
2026-04-14,Embu Green,F,436.6,1131.7,50,PVC,680.3,4.19,38.07,40.74,10,5.02,2.67,0.0,Normal
2026-04-14,Embu Green,E,2868.0,1328.8,32,PVC,723.2,3.7,29.63,25.8,2,7.07,-3.83,3.83,Normal
2026-04-14,Runyenjes East,A,3654.5,963.8,25,PVC,402.5,3.74,48.04,52.11,10,4.19,4.07,0.0,High Pressure
2026-04-14,Kibugu-Nguviu,G,3003.5,1181.4,50,PVC,465.6,6.34,47.34,40.16,10,3.53,-7.18,7.18,Normal
2026-04-14,Embu Green,C,556.2,1231.3,40,PVC,552.9,4.83,36.42,24.19,8,1.76,-12.23,12.23,Normal
2026-04-14,Runyenjes East,E,4783.9,1205.3,40,PVC,651.1,4.41,36.76,40.64,9,2.84,3.88,0.0,Normal
2026-04-14,Kibugu-Nguviu,B,2000.4,1221.1,63,HDPE,227.8,3.06,41.32,40.14,7,6.95,-1.18,1.18,Normal
2026-04-14,Kibugu-Nguviu,D,4407.5,1329.8,50,PVC,780.5,6.79,25.61,26.95,9,2.1,1.34,0.0,Normal
2026-04-14,Embu Green,E,4914.7,1284.0,90,PVC,473.7,7.09,31.93,29.34,6,2.65,-2.59,2.59,Normal
2026-04-14,Runyenjes East,G,1753.7,1178.3,40,PVC,51.5,3.71,49.45,54.29,1,1.55,4.84,0.0,High Pressure
2026-04-14,Mwea Smallholder,C,2957.4,992.3,75,PVC,727.2,5.82,42.1,43.47,5,2.78,1.37,0.0,Normal
2026-04-14,Mwea Smallholder,D,1249.3,1136.4,32,HDPE,743.8,6.41,43.01,40.92,6,0.55,-2.09,2.09,Normal
2026-04-14,Mwea Smallholder,E,3515.8,1335.6,32,HDPE,479.7,0.5,26.48,22.03,11,7.01,-4.45,4.45,Normal
2026-04-15,Kibugu-Nguviu,G,4858.4,1287.8,40,GI,354.2,10.13,35.36,34.07,8,7.85,-1.29,1.29,Normal
2026-04-15,Runyenjes East,F,2803.4,1234.6,32,PVC,466.9,3.6,33.46,27.98,9,7.46,-5.48,5.48,Normal
2026-04-15,Mwea Smallholder,F,2096.1,1284.1,40,HDPE,140.6,2.94,39.38,43.03,2,3.96,3.65,0.0,Normal
2026-04-15,Runyenjes East,D,451.0,1228.0,50,PVC,547.8,6.41,30.54,37.17,5,1.86,6.63,0.0,Normal
2026-04-15,Embu Green,E,665.4,1268.0,63,PVC,260.3,7.7,43.2,36.3,5,6.45,-6.9,6.9,Normal
2026-04-15,Embu Green,F,3614.7,1041.1,63,PVC,465.2,3.49,49.08,50.17,3,1.39,1.09,0.0,High Pressure
2026-04-15,Mwea Smallholder,A,4499.0,1022.6,25,PVC,603.2,2.61,48.29,47.3,9,6.88,-0.99,0.99,Normal
2026-04-15,Mwea Smallholder,B,1607.1,1256.1,63,PVC,699.1,7.17,33.1,35.8,3,1.14,2.7,0.0,Normal
2026-04-16,Embu Green,E,3587.7,1207.8,75,HDPE,296.6,3.89,37.89,36.89,5,3.33,-1.0,1.0,Normal
2026-04-16,Runyenjes East,D,199.3,1146.4,63,PVC,314.6,8.08,45.43,50.12,11,3.16,4.69,0.0,High Pressure
2026-04-16,Mwea Smallholder,H,2030.2,1042.8,50,HDPE,299.9,2.77,49.0,45.48,6,2.74,-3.52,3.52,Normal
2026-04-16,Kibugu-Nguviu,D,4887.3,1152.6,63,PVC,522.9,4.87,40.32,37.2,6,3.48,-3.12,3.12,Normal
2026-04-16,Mwea Smallholder,G,3650.9,1160.7,50,PVC,690.6,4.18,38.5,32.74,9,2.9,-5.76,5.76,Normal
2026-04-16,Kibugu-Nguviu,B,4457.2,1163.3,32,PVC,158.8,6.04,43.19,48.82,5,4.09,5.63,0.0,Normal
2026-04-17,Mwea Smallholder,D,1176.9,1207.6,25,PVC,60.1,8.35,41.16,38.84,11,3.35,-2.32,2.32,Normal
2026-04-17,Embu Green,A,1640.7,1267.7,90,PVC,635.9,4.69,36.94,33.17,7,6.65,-3.77,3.77,Normal
2026-04-17,Embu Green,D,2167.9,1342.7,90,PVC,532.7,5.37,30.2,26.92,4,2.4,-3.28,3.28,Normal
2026-04-17,Kibugu-Nguviu,H,3687.8,1295.2,75,PVC,584.1,8.26,35.76,39.75,7,1.48,3.99,0.0,Normal
2026-04-17,Runyenjes East,G,3314.0,1074.5,50,PVC,557.0,6.39,44.03,35.83,4,1.83,-8.2,8.2,Normal
2026-04-18,Kibugu-Nguviu,E,3024.4,1114.1,40,HDPE,681.5,6.72,40.86,37.11,7,4.65,-3.75,3.75,Normal
2026-04-18,Mwea Smallholder,A,3351.3,1087.0,40,PVC,566.0,3.26,43.29,39.87,3,2.18,-3.42,3.42,Normal
2026-04-18,Mwea Smallholder,H,1719.3,1177.3,75,PVC,32.7,5.26,40.07,39.45,11,3.62,-0.62,0.62,Normal
2026-04-18,Embu Green,G,3366.5,1294.3,40,PVC,280.1,3.3,41.03,36.38,1,5.61,-4.65,4.65,Normal
2026-04-18,Runyenjes East,A,2085.8,1032.4,50,PVC,285.9,0.5,42.98,39.17,4,5.58,-3.81,3.81,Normal
2026-04-18,Kibugu-Nguviu,E,1855.7,968.1,75,PVC,792.3,5.16,44.2,47.3,3,7.77,3.1,0.0,Normal
2026-04-18,Embu Green,C,4220.0,955.3,50,GI,448.3,3.88,49.21,44.06,2,5.57,-5.15,5.15,Normal
2026-04-18,Embu Green,G,1829.4,1083.1,40,PVC,781.6,7.3,35.23,37.46,3,1.32,2.23,0.0,Normal
2026-04-18,Mwea Smallholder,B,4900.6,1212.0,40,HDPE,697.7,5.39,36.06,37.2,8,2.16,1.14,0.0,Normal
2026-04-18,Runyenjes East,E,4890.8,1083.1,40,PVC,451.2,7.45,40.49,40.89,3,6.77,0.4,0.0,Normal
2026-04-18,Runyenjes East,F,232.3,1116.8,63,HDPE,460.0,6.63,43.0,40.39,11,1.02,-2.61,2.61,Normal
2026-04-18,Kibugu-Nguviu,G,4323.2,1108.0,63,HDPE,691.8,4.8,41.53,46.77,1,3.24,5.24,0.0,Normal
2026-04-18,Runyenjes East,C,445.2,995.2,90,PVC,505.0,6.35,47.39,40.41,7,6.04,-6.98,6.98,Normal
2026-04-18,Runyenjes East,C,1468.7,957.1,40,PVC,682.8,2.13,48.4,50.16,6,6.71,1.76,0.0,High Pressure
2026-04-19,Mwea Smallholder,B,2666.3,1012.5,40,PVC,527.1,7.53,44.69,39.94,1,7.71,-4.75,4.75,Normal
2026-04-19,Embu Green,B,36.4,1080.2,40,PVC,675.9,4.89,41.65,39.24,1,6.07,-2.41,2.41,Normal
2026-04-19,Runyenjes East,C,4982.6,1218.5,75,GI,470.3,7.58,35.37,36.14,10,6.93,0.77,0.0,Normal
2026-04-19,Kibugu-Nguviu,F,4678.3,1091.6,75,HDPE,163.4,5.77,49.55,48.3,3,5.93,-1.25,1.25,Normal
2026-04-19,Mwea Smallholder,E,1530.1,1266.7,75,PVC,116.1,3.13,35.96,30.42,7,4.12,-5.54,5.54,Normal
2026-04-19,Kibugu-Nguviu,G,1431.7,1339.2,50,HDPE,662.1,5.94,31.69,25.03,7,5.77,-6.66,6.66,Normal
2026-04-20,Embu Green,F,2068.6,969.5,50,PVC,568.9,5.34,45.86,41.62,10,4.31,-4.24,4.24,Normal
2026-04-20,Runyenjes East,F,3902.9,1231.5,75,PVC,644.9,2.84,33.15,35.37,2,3.33,2.22,0.0,Normal
2026-04-20,Embu Green,E,4622.8,1312.2,75,PVC,770.7,4.32,26.9,31.17,6,3.23,4.27,0.0,Normal
2026-04-20,Mwea Smallholder,B,602.3,988.3,90,PVC,316.0,5.61,48.23,54.61,8,3.65,6.38,0.0,High Pressure
2026-04-20,Kibugu-Nguviu,A,2689.9,1161.8,50,GI,591.0,3.3,39.73,38.49,10,2.57,-1.24,1.24,Normal
2026-04-20,Embu Green,A,3227.3,1250.5,90,PVC,78.1,5.79,39.95,34.85,2,5.59,-5.1,5.1,Normal
2026-04-20,Mwea Smallholder,F,2935.0,1348.8,63,PVC,398.7,4.06,33.02,28.17,9,1.3,-4.85,4.85,Normal
2026-04-20,Kibugu-Nguviu,A,4688.4,1045.0,63,GI,385.0,5.14,49.88,45.98,1,4.16,-3.9,3.9,Normal
2026-04-20,Runyenjes East,F,3154.9,1281.9,50,PVC,753.5,5.17,35.16,44.68,3,6.24,9.52,0.0,Normal
2026-04-21,Mwea Smallholder,F,1799.0,1078.5,75,HDPE,109.8,4.67,52.17,47.05,5,4.51,-5.12,5.12,Normal
2026-04-21,Embu Green,F,286.4,956.6,40,PVC,228.6,4.22,53.2,53.08,1,7.34,-0.12,0.12,High Pressure
2026-04-21,Runyenjes East,A,2296.1,1042.3,63,PVC,386.6,8.41,45.96,43.81,7,4.72,-2.15,2.15,Normal
2026-04-21,Embu Green,H,4686.7,1266.1,50,PVC,644.5,5.45,31.27,35.38,5,1.0,4.11,0.0,Normal
2026-04-21,Kibugu-Nguviu,C,3250.1,997.7,32,HDPE,184.8,1.3,48.48,32.93,3,2.77,-15.55,15.55,Normal
2026-04-21,Kibugu-Nguviu,F,4203.0,977.5,63,HDPE,445.1,5.63,46.94,42.03,1,2.6,-4.91,4.91,Normal
2026-04-21,Kibugu-Nguviu,B,573.6,1067.8,90,PVC,661.4,2.15,44.33,48.01,2,1.21,3.68,0.0,Normal
2026-04-21,Kibugu-Nguviu,B,2490.2,1073.5,40,PVC,503.5,7.14,44.65,48.96,4,3.8,4.31,0.0,Normal
2026-04-21,Embu Green,D,4580.8,1183.8,63,HDPE,732.9,2.54,34.06,39.24,1,0.9,5.18,0.0,Normal
2026-04-21,Runyenjes East,E,1618.0,1258.4,40,HDPE,385.7,4.8,30.77,30.95,1,3.01,0.18,0.0,Normal
2026-04-21,Runyenjes East,F,422.1,1150.1,40,PVC,57.1,6.57,50.47,48.82,8,7.24,-1.65,1.65,Normal
2026-04-21,Runyenjes East,B,573.1,1113.3,40,HDPE,323.8,7.98,46.4,49.36,10,5.62,2.96,0.0,Normal
2026-04-21,Embu Green,B,4420.2,1174.2,25,PVC,438.6,4.84,44.97,42.57,3,2.03,-2.4,2.4,Normal
2026-04-22,Mwea Smallholder,F,4249.8,971.6,75,PVC,339.8,0.5,52.7,46.36,6,1.17,-6.34,6.34,Normal
2026-04-22,Embu Green,C,501.3,1019.8,63,PVC,30.1,2.49,53.28,50.68,11,0.81,-2.6,2.6,High Pressure
2026-04-22,Runyenjes East,A,4900.8,1224.7,40,PVC,60.7,5.7,41.91,33.74,5,3.58,-8.17,8.17,Normal
2026-04-22,Kibugu-Nguviu,C,1003.6,1201.8,25,PVC,67.5,4.94,39.49,40.45,5,7.65,0.96,0.0,Normal
2026-04-22,Embu Green,B,1952.6,1094.0,25,PVC,69.4,3.86,44.78,43.62,6,7.15,-1.16,1.16,Normal
2026-04-22,Mwea Smallholder,D,4915.6,1302.2,63,PVC,55.1,3.98,37.56,33.59,5,6.5,-3.97,3.97,Normal
2026-04-22,Kibugu-Nguviu,D,2805.0,1216.3,32,PVC,617.9,6.23,37.22,25.52,9,6.07,-11.7,11.7,Normal
2026-04-22,Embu Green,F,609.4,988.2,40,PVC,701.0,0.68,39.76,41.39,7,4.64,1.63,0.0,Normal
2026-04-22,Runyenjes East,D,1947.3,1219.7,75,GI,376.8,4.13,41.3,35.6,8,2.35,-5.7,5.7,Normal
2026-04-22,Mwea Smallholder,B,498.3,1208.4,90,PVC,480.4,3.71,42.61,31.16,1,6.89,-11.45,11.45,Normal
2026-04-22,Kibugu-Nguviu,D,2489.9,1285.2,40,PVC,57.8,7.06,38.57,29.92,11,2.5,-8.65,8.65,Normal
2026-04-22,Kibugu-Nguviu,H,871.7,1189.8,63,PVC,617.8,4.57,35.02,38.42,9,3.19,3.4,0.0,Normal
2026-04-22,Runyenjes East,E,4128.5,1193.6,25,PVC,682.8,0.87,37.86,37.76,6,4.23,-0.1,0.1,Normal
2026-04-22,Mwea Smallholder,A,3349.7,1344.0,25,PVC,586.3,6.11,30.05,30.97,6,6.71,0.92,0.0,Normal
2026-04-22,Mwea Smallholder,E,3563.8,1338.6,63,PVC,253.9,5.27,37.36,45.13,9,6.03,7.77,0.0,Normal
2026-04-23,Runyenjes East,D,1609.3,1298.0,63,PVC,556.5,3.27,30.06,30.75,10,4.91,0.69,0.0,Normal
2026-04-23,Kibugu-Nguviu,D,3332.5,1069.2,50,PVC,564.6,5.54,45.19,39.75,8,6.82,-5.44,5.44,Normal
2026-04-23,Kibugu-Nguviu,H,2181.2,1108.9,75,PVC,734.3,2.9,46.88,48.97,7,0.89,2.09,0.0,Normal
2026-04-23,Mwea Smallholder,F,247.4,1053.3,75,PVC,648.5,6.4,42.79,46.84,6,3.51,4.05,0.0,Normal
2026-04-23,Kibugu-Nguviu,G,982.8,1311.8,32,PVC,576.9,6.61,32.42,27.68,6,1.12,-4.74,4.74,Normal
2026-04-23,Embu Green,E,1886.1,1082.6,75,HDPE,594.7,5.17,38.55,40.02,5,6.12,1.47,0.0,Normal
2026-04-23,Kibugu-Nguviu,E,4859.0,1218.8,63,PVC,125.2,6.92,44.3,45.02,6,2.22,0.72,0.0,Normal
2026-04-23,Mwea Smallholder,C,1641.7,1202.0,32,HDPE,540.4,6.15,40.0,43.32,4,1.45,3.32,0.0,Normal
2026-04-24,Embu Green,C,4885.4,979.0,50,PVC,643.7,5.75,46.75,42.63,9,5.16,-4.12,4.12,Normal
2026-04-24,Runyenjes East,D,3938.8,990.6,63,PVC,386.1,1.79,46.06,35.18,6,3.17,-10.88,10.88,Normal
2026-04-24,Mwea Smallholder,H,517.4,1094.6,90,PVC,726.4,3.64,42.16,45.62,7,5.87,3.46,0.0,Normal
2026-04-24,Runyenjes East,H,184.5,1071.0,32,PVC,682.9,5.83,39.23,35.3,8,5.64,-3.93,3.93,Normal
2026-04-24,Mwea Smallholder,G,1150.2,1002.4,90,PVC,128.5,4.99,50.07,50.57,1,7.3,0.5,0.0,High Pressure
2026-04-24,Runyenjes East,C,3509.6,999.2,50,GI,779.5,3.98,42.11,41.53,2,7.12,-0.58,0.58,Normal
2026-04-25,Mwea Smallholder,A,3070.6,1314.9,90,HDPE,426.6,8.08,32.96,24.46,4,3.55,-8.5,8.5,Normal
2026-04-25,Runyenjes East,C,2926.9,1038.1,63,HDPE,314.5,4.82,51.05,52.79,4,4.68,1.74,0.0,High Pressure
2026-04-25,Mwea Smallholder,H,2053.2,957.4,32,PVC,774.6,6.63,42.39,41.59,9,5.3,-0.8,0.8,Normal
2026-04-25,Runyenjes East,D,1295.0,998.3,63,PVC,146.4,4.99,54.8,49.93,10,0.59,-4.87,4.87,Normal
2026-04-25,Embu Green,C,3592.3,1306.9,75,PVC,497.3,3.5,30.37,26.87,10,1.05,-3.5,3.5,Normal
2026-04-25,Mwea Smallholder,A,2607.5,1015.5,40,HDPE,536.0,6.55,49.69,47.5,11,7.26,-2.19,2.19,Normal
2026-04-25,Mwea Smallholder,G,1730.6,1121.3,50,PVC,355.9,6.87,39.13,33.94,5,4.34,-5.19,5.19,Normal
2026-04-25,Embu Green,B,4752.6,1238.5,75,PVC,679.0,6.61,33.04,26.31,10,1.32,-6.73,6.73,Normal
2026-04-25,Runyenjes East,G,662.6,983.8,75,PVC,502.9,8.18,53.02,51.98,5,1.6,-1.04,1.04,High Pressure
2026-04-25,Kibugu-Nguviu,C,1498.9,1338.0,50,HDPE,708.8,3.9,27.58,25.74,5,5.07,-1.84,1.84,Normal
2026-04-26,Kibugu-Nguviu,D,887.2,1068.6,90,PVC,430.9,4.66,43.67,45.58,8,0.63,1.91,0.0,Normal
2026-04-26,Embu Green,F,978.4,1002.4,40,HDPE,197.4,6.33,48.38,48.8,3,1.11,0.42,0.0,Normal
2026-04-26,Mwea Smallholder,B,1906.6,1306.2,90,PVC,734.8,3.81,31.68,31.15,6,6.18,-0.53,0.53,Normal
2026-04-26,Runyenjes East,H,553.6,1187.7,40,PVC,288.5,6.84,40.8,40.71,9,6.97,-0.09,0.09,Normal
2026-04-26,Embu Green,E,238.5,1064.4,63,PVC,312.7,5.47,49.05,55.73,11,2.04,6.68,0.0,High Pressure
2026-04-26,Kibugu-Nguviu,B,3789.7,992.9,75,HDPE,738.0,3.4,46.38,37.47,1,3.09,-8.91,8.91,Normal
2026-04-26,Mwea Smallholder,H,2026.9,1268.1,63,HDPE,334.4,6.61,31.39,28.28,1,0.92,-3.11,3.11,Normal
2026-04-26,Embu Green,A,3594.8,1296.2,25,HDPE,766.4,2.08,30.98,30.23,3,4.37,-0.75,0.75,Normal
2026-04-26,Embu Green,H,1419.2,964.6,75,PVC,70.6,3.03,52.43,47.18,5,1.19,-5.25,5.25,Normal
2026-04-26,Mwea Smallholder,D,2941.3,1266.0,32,HDPE,46.4,8.13,39.92,42.26,10,2.9,2.34,0.0,Normal
2026-04-27,Mwea Smallholder,A,2512.0,1035.2,63,PVC,644.8,8.37,43.89,42.58,8,0.94,-1.31,1.31,Normal
2026-04-27,Kibugu-Nguviu,H,4386.7,1223.5,90,HDPE,181.8,5.42,42.73,40.18,1,5.68,-2.55,2.55,Normal
2026-04-27,Runyenjes East,A,2637.1,1260.4,90,PVC,347.5,7.24,37.42,42.42,9,6.22,5.0,0.0,Normal
2026-04-27,Kibugu-Nguviu,D,3811.0,1209.4,32,HDPE,721.6,5.39,35.93,35.12,7,6.12,-0.81,0.81,Normal
2026-04-28,Kibugu-Nguviu,B,355.5,1112.8,50,PVC,793.9,5.34,34.77,41.16,1,7.36,6.39,0.0,Normal
2026-04-28,Runyenjes East,G,2491.2,987.4,32,PVC,90.1,5.98,51.87,57.98,2,4.67,6.11,0.0,High Pressure
2026-04-28,Kibugu-Nguviu,C,1278.2,956.7,50,PVC,191.6,7.01,55.98,53.21,7,6.22,-2.77,2.77,High Pressure
2026-04-28,Embu Green,G,584.1,1105.0,63,PVC,639.3,4.77,40.72,40.25,8,7.25,-0.47,0.47,Normal
2026-04-28,Embu Green,D,2768.6,1214.2,50,HDPE,422.8,5.87,37.21,33.28,1,2.29,-3.93,3.93,Normal
2026-04-28,Runyenjes East,G,1485.7,1275.6,40,PVC,426.4,5.94,32.2,32.54,6,5.12,0.34,0.0,Normal
2026-04-28,Mwea Smallholder,G,1583.2,1064.5,50,PVC,111.2,4.08,52.13,48.25,5,0.51,-3.88,3.88,Normal
2026-04-28,Mwea Smallholder,C,4264.4,1315.0,90,HDPE,430.6,4.92,30.36,33.98,8,3.74,3.62,0.0,Normal
2026-04-29,Kibugu-Nguviu,G,4545.3,1207.2,50,HDPE,743.4,4.31,34.63,28.28,3,5.36,-6.35,6.35,Normal
2026-04-29,Kibugu-Nguviu,F,2966.4,960.6,25,PVC,243.4,2.73,52.11,58.47,6,6.98,6.36,0.0,High Pressure
2026-04-29,Embu Green,C,1114.2,1110.3,40,HDPE,435.7,4.12,43.0,41.55,2,4.89,-1.45,1.45,Normal
2026-04-29,Runyenjes East,E,3479.1,1331.2,63,HDPE,550.4,7.47,39.01,45.52,7,5.77,6.51,0.0,Normal
2026-04-29,Embu Green,G,1454.9,994.1,40,PVC,251.3,3.28,53.97,63.18,3,7.3,9.21,0.0,High Pressure
2026-04-29,Mwea Smallholder,D,3500.2,1253.6,75,PVC,590.6,4.52,33.95,33.21,1,6.7,-0.74,0.74,Normal
2026-04-29,Embu Green,B,2672.7,974.3,75,PVC,96.4,8.09,50.63,49.7,7,3.75,-0.93,0.93,Normal
2026-04-29,Embu Green,C,1914.6,1299.3,50,HDPE,177.2,4.37,39.01,39.81,2,4.67,0.8,0.0,Normal
2026-04-29,Kibugu-Nguviu,G,3747.5,1197.3,50,PVC,433.7,8.64,38.41,38.54,1,5.97,0.13,0.0,Normal
2026-04-30,Kibugu-Nguviu,B,3075.1,963.0,40,PVC,541.3,5.07,45.84,53.26,11,4.64,7.42,0.0,High Pressure
2026-04-30,Kibugu-Nguviu,F,890.9,1131.6,75,GI,435.2,1.42,37.34,30.69,10,5.41,-6.65,6.65,Normal
2026-04-30,Mwea Smallholder,E,1559.1,1069.1,50,GI,791.3,2.33,42.38,37.28,10,3.44,-5.1,5.1,Normal
2026-04-30,Kibugu-Nguviu,F,2689.2,986.7,90,HDPE,252.4,2.47,52.87,46.85,3,3.76,-6.02,6.02,Normal
2026-04-30,Mwea Smallholder,G,4283.5,1349.7,75,PVC,155.7,4.97,38.56,31.8,7,6.4,-6.76,6.76,Normal
2026-04-30,Embu Green,A,170.6,1295.7,40,PVC,482.3,4.39,36.84,29.13,3,5.15,-7.71,7.71,Normal
2026-04-30,Runyenjes East,C,4634.8,1210.5,75,PVC,417.2,6.26,42.83,41.72,2,2.35,-1.11,1.11,Normal
2026-05-01,Embu Green,D,113.0,1009.4,40,PVC,267.7,8.35,54.6,53.27,11,0.75,-1.33,1.33,High Pressure
2026-05-01,Embu Green,G,655.4,1305.9,40,PVC,438.6,5.01,35.35,31.98,9,3.41,-3.37,3.37,Normal
2026-05-01,Embu Green,E,3674.2,1108.5,63,HDPE,638.2,6.96,37.46,34.27,4,4.33,-3.19,3.19,Normal
2026-05-01,Embu Green,H,2498.7,1036.8,32,PVC,570.6,4.86,43.25,40.38,1,5.63,-2.87,2.87,Normal
2026-05-02,Embu Green,C,1826.9,1346.2,63,PVC,360.2,4.56,33.89,31.32,8,6.17,-2.57,2.57,Normal
2026-05-02,Kibugu-Nguviu,D,2433.4,1165.4,63,PVC,750.6,6.79,39.98,37.14,4,6.01,-2.84,2.84,Normal
2026-05-02,Mwea Smallholder,D,4380.0,1280.5,50,PVC,643.8,4.67,32.41,31.84,1,2.06,-0.57,0.57,Normal
2026-05-02,Embu Green,C,4889.8,1261.2,25,PVC,48.9,2.98,36.92,42.56,7,4.92,5.64,0.0,Normal
2026-05-03,Runyenjes East,H,1437.4,1230.9,90,PVC,766.0,3.18,32.84,37.45,2,2.86,4.61,0.0,Normal
2026-05-03,Kibugu-Nguviu,E,187.7,1162.7,50,HDPE,551.1,4.53,43.4,35.44,2,3.88,-7.96,7.96,Normal
2026-05-03,Kibugu-Nguviu,B,2261.2,975.1,75,PVC,219.1,2.75,55.34,54.31,3,7.78,-1.03,1.03,High Pressure
2026-05-03,Mwea Smallholder,G,1828.0,1211.2,50,HDPE,647.2,6.22,31.7,29.36,9,1.68,-2.34,2.34,Normal
2026-05-03,Embu Green,F,3005.6,1064.9,40,PVC,403.9,6.36,46.6,47.82,2,6.31,1.22,0.0,Normal
2026-05-03,Mwea Smallholder,H,3150.6,1107.4,75,HDPE,39.3,2.89,54.91,45.93,9,6.68,-8.98,8.98,Normal
2026-05-03,Embu Green,C,3678.1,1042.1,90,PVC,312.9,6.31,47.62,44.29,8,4.59,-3.33,3.33,Normal
2026-05-03,Embu Green,E,4754.2,1135.9,75,PVC,219.5,5.8,45.58,42.3,4,2.19,-3.28,3.28,Normal
2026-05-03,Kibugu-Nguviu,F,1061.5,1077.1,90,PVC,749.8,4.71,38.72,34.51,9,3.2,-4.21,4.21,Normal
2026-05-03,Mwea Smallholder,C,1461.5,1111.0,50,PVC,656.5,5.85,37.03,42.08,2,0.62,5.05,0.0,Normal
2026-05-03,Embu Green,D,4333.7,1297.6,50,PVC,135.1,5.66,39.4,34.73,10,6.97,-4.67,4.67,Normal
2026-05-04,Runyenjes East,C,4382.3,977.4,63,PVC,741.8,8.13,42.86,31.78,2,6.16,-11.08,11.08,Normal
2026-05-04,Embu Green,C,2863.2,1153.5,63,GI,454.0,4.83,40.92,35.12,1,2.96,-5.8,5.8,Normal
2026-05-04,Embu Green,B,2547.6,1225.8,75,PVC,55.9,5.35,40.16,45.74,7,6.44,5.58,0.0,Normal
2026-05-04,Mwea Smallholder,B,2032.2,1003.6,50,GI,158.1,3.53,50.43,51.47,1,4.47,1.04,0.0,High Pressure
2026-05-04,Embu Green,B,2633.9,1049.7,75,PVC,135.0,5.47,54.58,49.27,2,3.89,-5.31,5.31,Normal
2026-05-04,Kibugu-Nguviu,G,2743.4,1183.5,40,HDPE,199.1,5.15,33.15,42.44,8,7.53,9.29,0.0,Normal
2026-05-04,Mwea Smallholder,C,2931.6,1310.5,40,PVC,743.4,5.51,28.72,24.52,6,6.22,-4.2,4.2,Normal
2026-05-04,Kibugu-Nguviu,B,1851.6,1339.1,40,HDPE,506.1,4.35,38.53,36.08,8,2.74,-2.45,2.45,Normal
2026-05-04,Runyenjes East,B,4218.7,1178.5,25,PVC,725.4,4.99,33.13,31.38,5,4.61,-1.75,1.75,Normal
2026-05-05,Embu Green,E,1052.3,1043.4,32,PVC,277.0,7.53,45.88,47.6,4,6.9,1.72,0.0,Normal
2026-05-05,Embu Green,D,101.8,1249.4,32,PVC,95.6,5.77,47.04,44.3,8,4.4,-2.74,2.74,Normal
2026-05-05,Embu Green,D,256.0,962.6,25,GI,358.3,7.13,52.95,50.86,5,6.2,-2.09,2.09,High Pressure
2026-05-05,Kibugu-Nguviu,F,3249.2,963.0,63,GI,649.4,4.36,44.32,39.07,6,6.68,-5.25,5.25,Normal
2026-05-05,Runyenjes East,F,4466.7,990.1,50,GI,518.5,5.21,47.84,44.03,5,0.67,-3.81,3.81,Normal
2026-05-05,Embu Green,D,2970.3,1199.2,25,HDPE,344.0,6.73,44.09,38.11,5,2.81,-5.98,5.98,Normal
2026-05-05,Runyenjes East,H,987.0,999.5,32,GI,631.7,5.15,50.91,44.88,11,3.29,-6.03,6.03,Normal
2026-05-06,Embu Green,C,1732.7,1275.5,32,HDPE,485.0,2.22,29.19,31.64,8,4.87,2.45,0.0,Normal
2026-05-06,Embu Green,B,123.0,1243.1,63,PVC,698.2,6.97,26.87,28.72,7,3.68,1.85,0.0,Normal
2026-05-06,Embu Green,C,4603.6,1164.1,50,PVC,190.7,3.8,48.39,60.89,1,5.06,12.5,0.0,High Pressure
2026-05-06,Runyenjes East,F,2145.4,1219.5,75,HDPE,598.7,4.14,46.71,49.5,7,0.98,2.79,0.0,Normal
2026-05-06,Embu Green,C,1625.6,1091.4,50,PVC,552.9,7.67,44.06,47.6,9,7.13,3.54,0.0,Normal
2026-05-06,Mwea Smallholder,B,4056.4,1279.9,63,PVC,49.9,3.83,37.43,38.17,9,5.87,0.74,0.0,Normal
2026-05-06,Embu Green,G,1038.7,1032.5,63,HDPE,790.9,6.1,38.58,36.79,2,6.27,-1.79,1.79,Normal
2026-05-07,Kibugu-Nguviu,D,3352.5,1122.2,75,HDPE,273.0,5.62,39.17,40.88,1,5.68,1.71,0.0,Normal
2026-05-07,Kibugu-Nguviu,H,2386.3,1197.1,40,HDPE,408.8,4.97,37.12,42.15,7,3.49,5.03,0.0,Normal
2026-05-07,Runyenjes East,C,1815.0,1012.1,25,HDPE,267.3,6.63,46.18,38.81,4,1.95,-7.37,7.37,Normal
2026-05-07,Mwea Smallholder,D,4275.0,1044.9,40,GI,265.2,6.29,47.19,51.03,7,1.42,3.84,0.0,High Pressure
2026-05-08,Embu Green,E,354.7,1054.9,63,PVC,290.0,3.43,49.7,44.36,10,4.05,-5.34,5.34,Normal
2026-05-08,Runyenjes East,E,3819.7,1080.5,75,PVC,78.0,3.51,47.16,44.04,7,5.63,-3.12,3.12,Normal
2026-05-08,Embu Green,B,3344.3,1078.9,75,GI,609.9,1.12,41.41,37.81,7,3.63,-3.6,3.6,Normal
2026-05-08,Runyenjes East,H,1266.4,1129.9,50,PVC,494.5,3.84,41.03,44.6,6,1.54,3.57,0.0,Normal
2026-05-08,Runyenjes East,G,4023.3,951.1,40,PVC,677.4,6.35,41.42,38.42,8,1.57,-3.0,3.0,Normal
2026-05-08,Kibugu-Nguviu,D,50.6,1080.2,40,PVC,708.7,3.88,38.43,35.79,3,7.65,-2.64,2.64,Normal
2026-05-08,Kibugu-Nguviu,D,855.1,1131.7,90,PVC,308.9,3.96,48.84,57.73,9,3.67,8.89,0.0,High Pressure
2026-05-08,Runyenjes East,G,672.8,1011.6,32,HDPE,787.5,5.07,43.05,38.31,11,5.93,-4.74,4.74,Normal
2026-05-09,Embu Green,D,819.6,1081.3,63,PVC,771.3,3.56,39.29,33.76,8,7.89,-5.53,5.53,Normal
2026-05-09,Runyenjes East,E,25.3,1274.8,40,PVC,728.6,2.04,29.86,28.97,10,3.84,-0.89,0.89,Normal
2026-05-09,Runyenjes East,H,2114.9,1125.0,50,PVC,542.0,8.29,34.93,31.44,10,5.22,-3.49,3.49,Normal
2026-05-09,Runyenjes East,D,3509.5,1293.6,90,GI,384.2,4.85,37.51,43.95,5,3.64,6.44,0.0,Normal
2026-05-09,Kibugu-Nguviu,F,1274.6,1048.3,50,HDPE,162.7,5.74,49.94,47.64,11,6.09,-2.3,2.3,Normal
2026-05-09,Runyenjes East,H,2794.4,1283.1,50,PVC,557.7,5.73,37.89,37.9,6,6.82,0.01,0.0,Normal
2026-05-09,Runyenjes East,D,1808.6,1001.4,32,PVC,57.1,4.23,52.1,48.23,4,5.66,-3.87,3.87,Normal
2026-05-10,Kibugu-Nguviu,G,645.9,1164.1,32,HDPE,725.6,6.21,38.87,29.47,8,1.79,-9.4,9.4,Normal
2026-05-10,Embu Green,A,4449.1,1274.3,50,HDPE,679.2,3.94,30.03,21.0,5,1.79,-9.03,9.03,Normal
2026-05-10,Embu Green,B,107.1,1150.7,40,GI,189.1,6.28,41.91,40.58,11,5.55,-1.33,1.33,Normal
2026-05-10,Mwea Smallholder,F,1246.4,1197.5,90,PVC,714.5,10.86,35.87,30.52,7,7.5,-5.35,5.35,Normal
2026-05-10,Embu Green,C,3557.9,1203.2,75,HDPE,675.6,8.09,33.82,30.47,3,1.86,-3.35,3.35,Normal
2026-05-10,Kibugu-Nguviu,A,1221.7,1038.5,63,PVC,703.0,5.93,44.23,37.06,3,3.53,-7.17,7.17,Normal
2026-05-11,Kibugu-Nguviu,B,3268.1,1065.0,75,PVC,667.2,6.36,40.97,45.64,7,7.2,4.67,0.0,Normal
2026-05-11,Mwea Smallholder,D,2175.3,992.0,32,PVC,556.7,5.33,46.71,41.3,6,7.3,-5.41,5.41,Normal
2026-05-11,Runyenjes East,D,3353.7,1186.6,75,PVC,81.5,6.36,43.44,38.02,11,6.14,-5.42,5.42,Normal
2026-05-11,Kibugu-Nguviu,E,4776.5,1089.5,63,HDPE,52.6,8.18,50.89,47.81,2,3.66,-3.08,3.08,Normal
2026-05-11,Runyenjes East,C,4253.6,1152.0,63,HDPE,311.8,7.77,44.61,24.33,6,0.53,-20.28,20.28,Normal
2026-05-11,Kibugu-Nguviu,G,2225.3,1140.4,32,PVC,772.6,4.09,29.97,34.3,9,4.74,4.33,0.0,Normal
2026-05-11,Runyenjes East,G,3597.0,964.7,50,PVC,335.7,3.26,46.74,44.18,10,1.58,-2.56,2.56,Normal
2026-05-11,Kibugu-Nguviu,D,4144.7,1220.4,50,PVC,717.8,6.61,35.47,37.06,8,5.23,1.59,0.0,Normal
2026-05-11,Embu Green,A,3495.5,1111.3,50,PVC,202.8,4.3,47.41,48.35,6,6.43,0.94,0.0,Normal
2026-05-11,Runyenjes East,B,2043.4,1005.3,50,PVC,246.1,10.26,48.47,50.19,6,3.26,1.72,0.0,High Pressure
2026-05-12,Runyenjes East,A,1065.5,1072.6,63,PVC,710.2,2.72,43.43,45.72,1,3.88,2.29,0.0,Normal
2026-05-12,Kibugu-Nguviu,A,549.7,1199.9,90,PVC,193.1,4.47,42.91,39.07,5,1.47,-3.84,3.84,Normal
2026-05-12,Embu Green,B,410.5,1258.5,50,HDPE,119.4,5.77,41.16,45.16,11,4.18,4.0,0.0,Normal
2026-05-12,Kibugu-Nguviu,F,2435.3,1208.9,63,PVC,396.1,6.3,36.04,36.47,3,0.53,0.43,0.0,Normal
2026-05-12,Embu Green,G,4093.5,984.8,25,PVC,43.3,9.09,53.58,47.26,6,3.92,-6.32,6.32,Normal
2026-05-12,Runyenjes East,F,3946.1,1272.7,63,HDPE,771.4,2.86,31.16,25.29,3,7.49,-5.87,5.87,Normal
2026-05-12,Kibugu-Nguviu,E,4961.7,953.3,75,PVC,563.8,4.06,44.99,43.43,9,5.6,-1.56,1.56,Normal
2026-05-12,Kibugu-Nguviu,F,3807.0,1176.7,50,PVC,453.9,4.58,39.03,33.88,11,2.62,-5.15,5.15,Normal
2026-05-12,Embu Green,F,3474.8,1226.2,32,PVC,204.1,8.44,43.1,41.78,9,7.07,-1.32,1.32,Normal
2026-05-13,Kibugu-Nguviu,F,3251.6,1133.5,50,PVC,505.5,3.42,41.51,42.2,2,5.93,0.69,0.0,Normal
2026-05-13,Kibugu-Nguviu,H,3008.2,1340.8,32,PVC,774.1,4.36,26.47,11.04,9,4.97,-15.43,15.43,Normal
2026-05-13,Runyenjes East,H,134.8,1340.0,63,PVC,654.3,6.59,36.01,37.72,1,7.47,1.71,0.0,Normal
2026-05-13,Kibugu-Nguviu,G,2283.7,1049.9,63,PVC,782.8,7.54,45.4,47.25,9,2.07,1.85,0.0,Normal
2026-05-13,Embu Green,C,2142.8,1276.4,50,HDPE,282.0,6.97,26.82,23.78,3,1.82,-3.04,3.04,Normal
2026-05-13,Embu Green,C,3304.0,1084.3,63,PVC,667.1,2.16,40.31,38.9,7,7.06,-1.41,1.41,Normal
2026-05-13,Runyenjes East,H,3571.5,1319.4,63,GI,578.5,6.89,33.78,30.55,10,6.88,-3.23,3.23,Normal
2026-05-13,Mwea Smallholder,F,948.3,978.6,50,PVC,524.3,4.96,47.39,45.98,1,4.71,-1.41,1.41,Normal
2026-05-13,Embu Green,H,2344.3,1221.8,63,PVC,661.7,5.74,33.83,29.45,2,1.98,-4.38,4.38,Normal
2026-05-14,Kibugu-Nguviu,C,4927.9,1073.3,63,PVC,540.3,8.02,39.62,32.37,8,5.71,-7.25,7.25,Normal
2026-05-14,Embu Green,E,593.8,1172.6,25,HDPE,159.8,4.56,46.13,47.56,3,4.77,1.43,0.0,Normal
2026-05-14,Mwea Smallholder,A,1938.3,1290.3,63,PVC,403.3,2.65,34.85,32.63,2,7.07,-2.22,2.22,Normal
2026-05-14,Runyenjes East,A,2464.3,1092.7,90,PVC,245.5,7.4,40.29,41.53,8,5.96,1.24,0.0,Normal
2026-05-14,Kibugu-Nguviu,F,1635.0,1303.4,40,PVC,90.7,7.14,39.86,45.01,8,1.44,5.15,0.0,Normal
2026-05-14,Runyenjes East,G,36.3,1204.8,25,HDPE,201.3,2.09,42.22,43.47,5,6.59,1.25,0.0,Normal
2026-05-14,Runyenjes East,A,2497.3,1217.4,32,PVC,690.0,2.88,33.8,27.0,7,1.45,-6.8,6.8,Normal
2026-05-14,Runyenjes East,H,2640.1,1161.3,40,HDPE,345.3,7.25,40.56,36.17,10,2.17,-4.39,4.39,Normal
2026-05-14,Embu Green,E,1886.6,1140.9,90,PVC,673.4,5.71,40.94,37.64,9,1.05,-3.3,3.3,Normal
2026-05-14,Embu Green,D,2901.3,1206.7,50,PVC,637.9,5.11,33.37,38.42,11,5.9,5.05,0.0,Normal
2026-05-15,Embu Green,G,512.8,1340.6,75,HDPE,132.6,3.79,36.08,40.87,1,3.1,4.79,0.0,Normal
2026-05-15,Kibugu-Nguviu,H,2809.6,1115.6,90,HDPE,713.1,6.89,40.2,36.29,5,4.41,-3.91,3.91,Normal
2026-05-15,Mwea Smallholder,F,4217.4,1000.0,63,GI,430.3,6.29,49.99,42.03,3,5.13,-7.96,7.96,Normal
2026-05-16,Kibugu-Nguviu,E,1613.5,1038.0,75,PVC,434.0,5.63,46.65,53.65,11,6.77,7.0,0.0,High Pressure
2026-05-16,Embu Green,A,305.4,1126.1,75,HDPE,245.5,7.57,49.58,51.1,4,5.3,1.52,0.0,High Pressure
2026-05-16,Kibugu-Nguviu,G,162.8,974.4,50,PVC,419.6,5.03,46.86,48.64,9,4.12,1.78,0.0,Normal
2026-05-16,Embu Green,F,1076.5,1127.0,90,PVC,787.4,3.55,35.05,36.0,4,3.39,0.95,0.0,Normal
2026-05-16,Runyenjes East,C,804.9,1298.1,50,PVC,299.2,3.81,29.55,24.93,5,7.42,-4.62,4.62,Normal
2026-05-16,Kibugu-Nguviu,A,3155.5,995.7,50,PVC,255.9,3.73,48.57,35.9,7,3.22,-12.67,12.67,Normal
2026-05-16,Mwea Smallholder,H,72.4,1308.9,25,PVC,577.3,4.75,38.99,39.46,10,3.74,0.47,0.0,Normal
2026-05-16,Embu Green,G,229.2,1038.4,32,PVC,604.1,2.76,43.9,54.34,6,1.54,10.44,0.0,High Pressure
2026-05-16,Mwea Smallholder,B,2118.5,1102.9,50,GI,206.7,6.25,47.56,50.56,8,5.97,3.0,0.0,High Pressure
2026-05-16,Mwea Smallholder,C,1187.2,967.8,40,PVC,163.2,3.62,53.04,53.05,8,1.12,0.01,0.0,High Pressure
2026-05-16,Runyenjes East,B,431.2,1262.2,90,PVC,554.0,10.85,39.29,35.75,9,1.82,-3.54,3.54,Normal
2026-05-16,Embu Green,C,953.0,1331.7,40,PVC,171.9,5.43,30.66,30.71,9,2.15,0.05,0.0,Normal
2026-05-17,Mwea Smallholder,F,1980.8,1096.4,40,PVC,458.5,4.4,34.95,35.28,10,1.11,0.33,0.0,Normal
2026-05-17,Kibugu-Nguviu,F,2439.2,1311.2,32,GI,198.7,6.15,38.93,43.53,1,3.96,4.6,0.0,Normal
2026-05-17,Embu Green,H,2926.9,1068.1,75,GI,379.4,7.0,45.14,47.96,3,4.82,2.82,0.0,Normal
2026-05-17,Embu Green,E,1190.0,1216.3,90,PVC,272.7,8.49,41.92,32.05,7,2.18,-9.87,9.87,Normal
2026-05-17,Runyenjes East,D,2069.6,1263.0,90,PVC,738.6,5.41,34.31,36.17,4,6.74,1.86,0.0,Normal
2026-05-17,Mwea Smallholder,C,3561.8,1141.3,50,PVC,385.2,7.15,45.85,35.43,10,2.35,-10.42,10.42,Normal
2026-05-17,Runyenjes East,H,2160.6,1098.9,32,PVC,257.3,0.5,51.8,52.69,2,7.6,0.89,0.0,High Pressure
2026-05-17,Mwea Smallholder,B,2265.7,991.9,75,HDPE,56.3,5.74,55.18,52.31,11,5.79,-2.87,2.87,High Pressure
2026-05-18,Mwea Smallholder,E,273.6,1338.5,40,PVC,140.6,7.4,38.66,42.9,7,7.71,4.24,0.0,Normal
2026-05-18,Runyenjes East,B,1711.9,1042.6,50,PVC,694.0,7.74,43.54,40.66,7,3.24,-2.88,2.88,Normal
2026-05-18,Mwea Smallholder,F,3883.6,1219.3,25,PVC,708.7,3.9,30.76,33.95,9,6.04,3.19,0.0,Normal
2026-05-18,Embu Green,E,4034.4,1265.2,63,HDPE,666.9,6.86,33.79,29.79,7,3.56,-4.0,4.0,Normal
2026-05-18,Kibugu-Nguviu,E,4304.4,1107.9,40,HDPE,332.1,4.78,43.93,36.53,1,7.31,-7.4,7.4,Normal
2026-05-19,Kibugu-Nguviu,A,195.8,1131.5,63,GI,242.2,3.87,45.59,39.17,7,3.54,-6.42,6.42,Normal
2026-05-19,Kibugu-Nguviu,D,3341.1,1010.0,40,GI,584.1,5.79,45.82,45.33,3,1.38,-0.49,0.49,Normal
2026-05-19,Kibugu-Nguviu,D,1813.4,1047.3,50,PVC,534.0,3.13,44.39,47.54,1,2.48,3.15,0.0,Normal
2026-05-19,Kibugu-Nguviu,B,1000.6,1251.3,32,PVC,371.2,6.32,31.16,35.16,5,3.44,4.0,0.0,Normal
2026-05-19,Embu Green,C,4630.5,1342.6,25,PVC,210.3,6.03,36.86,37.69,3,7.9,0.83,0.0,Normal
2026-05-19,Kibugu-Nguviu,G,1201.5,1184.9,40,HDPE,271.3,5.75,40.14,38.96,6,0.71,-1.18,1.18,Normal
2026-05-19,Embu Green,E,2234.5,1339.1,40,PVC,670.2,5.03,26.71,29.92,9,2.28,3.21,0.0,Normal
2026-05-19,Mwea Smallholder,C,1089.1,1240.3,50,PVC,271.0,1.49,36.25,38.02,4,3.51,1.77,0.0,Normal
2026-05-19,Kibugu-Nguviu,A,729.7,1111.1,90,PVC,303.6,4.16,41.39,35.27,8,1.14,-6.12,6.12,Normal
2026-05-19,Mwea Smallholder,G,3789.4,1034.5,50,PVC,459.6,6.83,50.42,53.41,9,4.42,2.99,0.0,High Pressure
2026-05-20,Kibugu-Nguviu,A,2214.9,1116.8,50,PVC,159.6,2.85,47.42,45.21,5,2.04,-2.21,2.21,Normal
2026-05-20,Kibugu-Nguviu,C,1817.1,1063.9,40,HDPE,756.7,7.78,38.68,28.85,3,3.61,-9.83,9.83,Normal
2026-05-20,Mwea Smallholder,H,4264.9,1174.8,50,HDPE,386.6,4.25,37.53,29.34,6,4.39,-8.19,8.19,Normal
2026-05-20,Kibugu-Nguviu,H,4385.5,1227.6,75,PVC,684.4,6.62,35.22,36.13,10,4.01,0.91,0.0,Normal
2026-05-20,Kibugu-Nguviu,C,3661.3,1017.6,75,HDPE,720.6,5.55,43.11,42.52,3,0.66,-0.59,0.59,Normal
2026-05-20,Runyenjes East,C,1396.8,1038.3,25,HDPE,391.4,3.68,51.48,50.67,7,2.19,-0.81,0.81,High Pressure
2026-05-20,Runyenjes East,H,2976.0,1336.3,75,PVC,304.4,7.69,32.59,33.21,1,0.82,0.62,0.0,Normal
2026-05-21,Embu Green,D,1662.4,1255.6,50,PVC,414.1,2.84,33.12,32.88,4,5.98,-0.24,0.24,Normal
2026-05-21,Runyenjes East,G,77.8,1088.0,63,PVC,141.3,7.66,44.0,38.61,6,7.56,-5.39,5.39,Normal
2026-05-21,Kibugu-Nguviu,F,2384.1,1218.5,75,GI,642.7,6.85,31.5,29.41,4,2.73,-2.09,2.09,Normal
2026-05-21,Embu Green,F,3606.3,1034.9,75,PVC,629.5,6.05,48.89,44.03,8,6.44,-4.86,4.86,Normal
2026-05-22,Runyenjes East,B,4389.3,1193.6,50,PVC,485.5,7.05,39.34,31.28,6,6.66,-8.06,8.06,Normal
2026-05-22,Kibugu-Nguviu,B,3481.4,1234.1,40,PVC,680.3,3.96,31.88,29.94,4,5.57,-1.94,1.94,Normal
2026-05-22,Mwea Smallholder,E,1393.1,1186.8,90,PVC,711.2,2.96,40.61,46.73,6,7.07,6.12,0.0,Normal
2026-05-22,Kibugu-Nguviu,H,2363.6,983.7,75,PVC,229.4,4.38,50.15,50.44,6,1.34,0.29,0.0,High Pressure
2026-05-22,Runyenjes East,D,3602.7,1034.4,63,GI,673.4,6.78,39.68,40.96,2,1.7,1.28,0.0,Normal
2026-05-22,Embu Green,F,4112.6,1156.4,75,PVC,51.9,8.83,51.01,47.74,5,4.68,-3.27,3.27,Normal
2026-05-23,Embu Green,D,2122.7,1128.2,75,PVC,48.0,4.62,48.48,42.52,1,2.52,-5.96,5.96,Normal
2026-05-23,Kibugu-Nguviu,A,1574.6,1146.9,75,PVC,54.8,7.4,46.01,50.67,4,6.8,4.66,0.0,High Pressure
2026-05-23,Mwea Smallholder,G,2185.7,979.5,75,PVC,798.4,7.22,43.71,36.95,6,2.18,-6.76,6.76,Normal
2026-05-23,Runyenjes East,G,2969.4,1190.3,50,PVC,724.9,7.54,34.79,35.02,10,6.39,0.23,0.0,Normal
2026-05-23,Runyenjes East,G,1774.1,1044.4,63,PVC,181.0,5.89,54.56,53.18,8,6.32,-1.38,1.38,High Pressure
2026-05-23,Embu Green,G,904.3,1331.7,50,PVC,487.2,2.27,31.1,31.64,11,3.58,0.54,0.0,Normal
2026-05-23,Kibugu-Nguviu,E,2360.6,1106.0,90,PVC,759.2,5.42,35.23,30.75,5,2.49,-4.48,4.48,Normal
2026-05-23,Embu Green,B,4245.4,1108.2,50,HDPE,531.8,3.06,37.22,36.45,1,3.2,-0.77,0.77,Normal
2026-05-24,Runyenjes East,A,3203.4,1256.4,40,PVC,219.0,1.87,39.81,34.8,7,6.9,-5.01,5.01,Normal
2026-05-24,Runyenjes East,A,1141.3,1179.5,75,HDPE,238.7,2.53,40.59,42.89,9,1.53,2.3,0.0,Normal
2026-05-24,Mwea Smallholder,D,506.9,1224.8,40,PVC,296.3,4.72,38.52,34.97,11,5.97,-3.55,3.55,Normal
2026-05-24,Embu Green,A,460.4,1290.8,40,HDPE,297.9,3.36,37.58,39.22,9,5.74,1.64,0.0,Normal
2026-05-24,Embu Green,F,4198.6,995.6,75,HDPE,478.6,6.15,46.55,40.6,5,7.65,-5.95,5.95,Normal
2026-05-24,Embu Green,F,225.6,1128.3,32,GI,626.7,6.82,36.58,37.3,7,2.7,0.72,0.0,Normal
2026-05-25,Embu Green,A,441.6,1254.6,63,PVC,346.5,8.03,36.7,34.16,4,5.68,-2.54,2.54,Normal
2026-05-25,Runyenjes East,B,4564.2,971.7,63,PVC,121.1,5.02,56.15,52.76,1,5.48,-3.39,3.39,High Pressure
2026-05-25,Runyenjes East,D,4957.0,1076.4,90,HDPE,693.1,4.82,41.7,39.89,1,6.97,-1.81,1.81,Normal
2026-05-25,Kibugu-Nguviu,D,1271.0,1183.7,40,PVC,240.0,5.76,40.47,36.41,7,4.09,-4.06,4.06,Normal
2026-05-25,Runyenjes East,A,2075.7,953.1,75,PVC,637.0,7.93,45.5,41.51,5,6.6,-3.99,3.99,Normal
2026-05-25,Kibugu-Nguviu,D,4227.0,1186.5,50,PVC,377.6,5.86,36.88,33.38,5,3.84,-3.5,3.5,Normal
2026-05-25,Embu Green,D,2902.2,1119.7,32,PVC,172.2,4.82,48.25,43.65,11,1.94,-4.6,4.6,Normal
2026-05-25,Runyenjes East,F,1695.6,1155.3,32,HDPE,311.0,5.95,42.45,32.88,7,2.08,-9.57,9.57,Normal
2026-05-26,Kibugu-Nguviu,F,693.9,1021.8,25,PVC,202.9,5.95,48.57,45.98,10,0.68,-2.59,2.59,Normal
2026-05-26,Mwea Smallholder,B,1487.3,1070.3,40,PVC,53.2,6.3,52.53,52.33,11,6.47,-0.2,0.2,High Pressure
2026-05-26,Mwea Smallholder,G,1041.8,1064.3,50,PVC,543.1,6.36,38.32,34.3,1,7.89,-4.02,4.02,Normal
2026-05-26,Kibugu-Nguviu,C,2158.8,973.7,50,HDPE,481.9,6.02,46.33,47.98,10,4.67,1.65,0.0,Normal
2026-05-26,Kibugu-Nguviu,D,981.9,1072.7,63,PVC,698.4,3.7,37.25,35.03,7,4.72,-2.22,2.22,Normal
2026-05-26,Mwea Smallholder,A,162.5,1293.5,75,PVC,261.9,5.26,36.27,38.13,9,6.4,1.86,0.0,Normal
2026-05-27,Mwea Smallholder,G,3973.5,1238.6,40,PVC,171.0,6.45,41.01,46.88,4,4.1,5.87,0.0,Normal
2026-05-27,Kibugu-Nguviu,B,3290.4,1213.7,25,PVC,501.7,6.0,37.89,32.21,1,6.28,-5.68,5.68,Normal
2026-05-27,Runyenjes East,G,4200.7,1208.2,32,PVC,622.4,6.08,41.03,43.22,7,3.41,2.19,0.0,Normal
2026-05-27,Runyenjes East,B,3786.9,1191.4,75,GI,271.6,2.16,38.37,36.64,7,7.64,-1.73,1.73,Normal
2026-05-27,Embu Green,E,2743.7,976.1,50,PVC,611.9,3.74,48.37,49.67,8,5.2,1.3,0.0,Normal
2026-05-27,Embu Green,A,3282.7,1003.5,50,PVC,364.7,4.57,47.33,50.67,10,3.92,3.34,0.0,High Pressure
2026-05-27,Mwea Smallholder,D,761.9,1031.9,32,HDPE,374.6,4.05,51.91,41.57,2,4.31,-10.34,10.34,Normal
2026-05-27,Embu Green,D,711.4,1105.3,63,PVC,248.3,2.72,43.63,45.02,10,1.12,1.39,0.0,Normal
2026-05-27,Runyenjes East,A,1836.7,1075.4,90,GI,757.3,2.95,38.09,40.36,5,0.93,2.27,0.0,Normal
2026-05-27,Runyenjes East,G,1494.2,1069.1,50,GI,595.8,6.4,45.26,45.68,3,0.77,0.42,0.0,Normal
2026-05-28,Runyenjes East,E,3418.1,1287.3,40,HDPE,501.0,1.55,30.99,28.08,9,4.53,-2.91,2.91,Normal
2026-05-28,Runyenjes East,B,4344.8,999.4,32,PVC,626.0,4.59,46.04,50.64,11,2.18,4.6,0.0,High Pressure
2026-05-28,Embu Green,G,301.7,1120.8,40,PVC,68.5,6.39,50.08,44.64,9,7.31,-5.44,5.44,Normal
2026-05-28,Runyenjes East,E,2682.6,958.3,32,PVC,768.2,4.67,43.9,45.2,2,4.57,1.3,0.0,Normal
2026-05-28,Mwea Smallholder,C,3406.1,1308.1,50,HDPE,379.9,5.76,31.72,29.82,2,0.92,-1.9,1.9,Normal
2026-05-28,Mwea Smallholder,H,848.0,952.2,40,PVC,721.7,4.13,48.18,48.63,6,5.96,0.45,0.0,Normal
2026-05-28,Mwea Smallholder,B,4736.1,1325.3,50,PVC,402.4,4.52,34.05,33.01,4,5.49,-1.04,1.04,Normal
2026-05-28,Mwea Smallholder,H,2318.2,1099.2,40,GI,786.8,4.28,42.61,40.59,8,1.28,-2.02,2.02,Normal
2026-05-28,Runyenjes East,G,3188.6,1105.4,40,PVC,135.4,3.03,48.83,48.63,8,3.89,-0.2,0.2,Normal
2026-05-29,Runyenjes East,F,1437.5,1221.8,90,HDPE,80.7,3.95,46.45,47.17,11,0.59,0.72,0.0,Normal
2026-05-29,Kibugu-Nguviu,G,2590.3,964.5,75,PVC,439.4,2.44,46.38,34.71,5,7.2,-11.67,11.67,Normal
2026-05-29,Runyenjes East,H,3179.4,1285.3,25,PVC,41.8,5.14,42.23,47.48,7,4.94,5.25,0.0,Normal
2026-05-29,Mwea Smallholder,C,1118.5,1299.0,63,HDPE,223.0,7.85,38.05,42.65,9,6.19,4.6,0.0,Normal
2026-05-29,Embu Green,E,453.1,1318.6,32,HDPE,787.8,7.26,29.62,25.94,2,3.67,-3.68,3.68,Normal
2026-05-29,Embu Green,A,3271.8,1265.0,32,HDPE,184.5,7.3,42.14,35.17,8,4.05,-6.97,6.97,Normal
2026-05-30,Runyenjes East,G,2196.6,1269.3,75,HDPE,487.7,6.82,36.59,33.76,9,3.47,-2.83,2.83,Normal
2026-05-30,Runyenjes East,B,624.6,1002.8,40,GI,471.2,3.94,50.76,49.58,9,1.08,-1.18,1.18,Normal
2026-05-30,Runyenjes East,F,4930.6,954.2,25,PVC,55.2,7.12,51.72,51.62,3,0.82,-0.1,0.1,High Pressure
2026-05-30,Mwea Smallholder,H,3354.9,1252.7,50,HDPE,387.6,6.88,39.96,39.87,2,5.89,-0.09,0.09,Normal
2026-05-30,Mwea Smallholder,A,379.3,1289.4,50,PVC,659.1,8.88,32.25,28.85,11,3.14,-3.4,3.4,Normal
2026-05-30,Runyenjes East,E,3159.1,975.9,50,PVC,647.1,4.83,45.82,39.31,4,5.39,-6.51,6.51,Normal
2026-05-30,Mwea Smallholder,E,2900.9,1033.4,90,HDPE,613.1,3.03,51.46,44.95,4,3.23,-6.51,6.51,Normal
2026-05-30,Runyenjes East,H,982.0,1313.2,50,PVC,59.3,7.0,35.98,37.2,2,5.19,1.22,0.0,Normal
2026-05-30,Runyenjes East,A,3240.7,1314.9,50,HDPE,134.6,5.25,36.26,36.58,10,3.12,0.32,0.0,Normal
2026-05-31,Runyenjes East,A,4233.4,1184.4,75,GI,441.7,8.55,39.05,41.81,6,4.17,2.76,0.0,Normal
2026-05-31,Embu Green,E,1479.7,1028.7,75,HDPE,665.4,7.53,39.64,37.83,1,3.26,-1.81,1.81,Normal
2026-05-31,Runyenjes East,C,3057.6,1266.2,50,HDPE,768.6,4.3,32.83,28.67,3,3.02,-4.16,4.16,Normal
2026-05-31,Runyenjes East,G,4643.8,1242.4,90,PVC,641.3,6.04,31.71,35.6,1,7.9,3.89,0.0,Normal
2026-05-31,Embu Green,H,802.7,1195.8,50,PVC,388.2,1.97,38.78,44.09,9,3.28,5.31,0.0,Normal
2026-05-31,Kibugu-Nguviu,E,4362.7,1046.2,40,PVC,775.6,5.88,41.95,49.08,3,7.0,7.13,0.0,Normal
2026-05-31,Runyenjes East,F,706.8,1094.3,50,HDPE,710.8,6.4,37.88,39.66,7,3.33,1.78,0.0,Normal
2026-05-31,Embu Green,D,3626.8,1302.3,50,HDPE,338.6,4.87,29.54,22.04,4,5.13,-7.5,7.5,Normal
2026-05-31,Mwea Smallholder,E,1941.8,1296.3,63,PVC,88.4,10.14,43.22,33.76,2,3.68,-9.46,9.46,Normal
2026-05-31,Kibugu-Nguviu,F,410.0,1257.2,50,HDPE,115.9,2.68,44.04,40.58,1,3.0,-3.46,3.46,Normal
2026-06-01,Embu Green,G,3674.4,1293.9,25,PVC,382.7,3.5,36.39,38.05,2,7.62,1.66,0.0,Normal
2026-06-01,Kibugu-Nguviu,E,4820.5,1309.2,50,PVC,709.0,5.44,29.28,28.59,6,3.34,-0.69,0.69,Normal
2026-06-02,Embu Green,E,77.8,1243.5,75,HDPE,267.2,4.67,37.19,33.53,9,2.46,-3.66,3.66,Normal
2026-06-02,Kibugu-Nguviu,D,1643.6,1306.5,50,HDPE,214.4,4.22,30.58,35.22,10,4.79,4.64,0.0,Normal
2026-06-02,Mwea Smallholder,A,445.8,1306.6,90,PVC,387.8,5.99,32.35,38.6,3,1.24,6.25,0.0,Normal
2026-06-02,Embu Green,B,3147.7,1127.1,63,PVC,508.8,5.65,38.66,41.38,5,3.59,2.72,0.0,Normal
2026-06-02,Runyenjes East,G,4713.2,1148.7,40,GI,180.6,3.74,44.92,43.32,5,2.13,-1.6,1.6,Normal
2026-06-02,Embu Green,C,3581.6,1334.9,50,PVC,90.2,3.47,33.39,29.42,5,2.05,-3.97,3.97,Normal
2026-06-02,Runyenjes East,F,905.1,1328.5,40,HDPE,240.7,7.19,37.27,33.81,6,7.83,-3.46,3.46,Normal
2026-06-02,Embu Green,D,1518.6,1279.7,32,PVC,438.7,2.22,36.32,35.45,9,5.2,-0.87,0.87,Normal
2026-06-02,Embu Green,D,337.5,1046.5,63,HDPE,630.2,5.78,44.52,42.75,1,1.6,-1.77,1.77,Normal
2026-06-02,Embu Green,B,1892.3,1150.1,90,PVC,510.9,5.88,41.69,37.73,3,3.35,-3.96,3.96,Normal
2026-06-03,Kibugu-Nguviu,A,2374.5,1298.6,63,GI,251.2,3.42,34.52,39.06,1,5.59,4.54,0.0,Normal
2026-06-03,Embu Green,H,463.5,950.6,50,HDPE,674.1,3.68,46.7,44.28,10,3.89,-2.42,2.42,Normal
2026-06-03,Runyenjes East,E,1883.9,1189.8,63,PVC,739.9,7.57,33.76,22.74,11,2.35,-11.02,11.02,Normal
2026-06-03,Runyenjes East,F,289.4,1334.4,63,PVC,750.3,6.24,24.89,22.63,7,4.52,-2.26,2.26,Normal
2026-06-03,Mwea Smallholder,D,1220.5,1012.9,63,PVC,557.8,4.12,50.77,49.9,8,2.3,-0.87,0.87,Normal
2026-06-03,Mwea Smallholder,G,3210.8,1110.3,63,PVC,97.4,4.89,46.1,37.23,4,5.2,-8.87,8.87,Normal
2026-06-03,Kibugu-Nguviu,A,4383.4,1108.3,32,PVC,685.0,5.82,40.65,40.34,9,7.62,-0.31,0.31,Normal
2026-06-03,Embu Green,H,371.1,1113.6,50,PVC,690.4,3.98,39.01,36.26,6,6.53,-2.75,2.75,Normal
2026-06-04,Mwea Smallholder,G,2240.3,1212.2,75,PVC,757.7,8.26,39.8,40.0,3,6.32,0.2,0.0,Normal
2026-06-04,Kibugu-Nguviu,A,4491.5,1019.7,40,HDPE,416.4,6.18,46.04,38.15,6,2.09,-7.89,7.89,Normal
2026-06-04,Embu Green,A,3262.7,1114.4,75,PVC,490.4,10.26,40.32,36.04,10,6.58,-4.28,4.28,Normal
2026-06-04,Runyenjes East,D,2529.0,1187.9,75,PVC,534.7,3.38,36.89,35.11,3,1.14,-1.78,1.78,Normal
2026-06-04,Mwea Smallholder,F,2033.6,1045.4,32,PVC,757.3,7.99,37.54,34.75,10,1.69,-2.79,2.79,Normal
2026-06-04,Kibugu-Nguviu,C,580.4,1304.3,32,PVC,751.0,1.88,24.49,18.64,6,3.36,-5.85,5.85,Normal
2026-06-04,Mwea Smallholder,H,2335.3,1193.5,50,PVC,149.1,4.99,45.25,46.05,2,6.53,0.8,0.0,Normal
2026-06-04,Embu Green,A,4081.9,1205.2,75,PVC,148.1,6.47,41.04,38.32,1,1.06,-2.72,2.72,Normal
2026-06-04,Mwea Smallholder,F,3671.8,1029.2,90,HDPE,270.6,4.48,41.91,45.72,11,2.9,3.81,0.0,Normal
2026-06-05,Mwea Smallholder,C,422.9,1154.0,63,PVC,438.3,3.34,42.41,46.94,3,7.99,4.53,0.0,Normal
2026-06-05,Kibugu-Nguviu,F,3821.5,1101.9,75,HDPE,476.3,0.9,42.17,41.71,8,1.94,-0.46,0.46,Normal
2026-06-05,Mwea Smallholder,A,4329.5,1103.7,50,HDPE,452.8,2.56,43.05,34.96,7,0.78,-8.09,8.09,Normal
2026-06-05,Mwea Smallholder,F,224.2,1040.3,32,PVC,725.3,3.34,44.39,48.57,7,7.03,4.18,0.0,Normal
2026-06-06,Kibugu-Nguviu,D,379.0,1098.8,50,PVC,715.0,6.91,41.7,42.37,3,1.36,0.67,0.0,Normal
2026-06-06,Embu Green,D,594.8,1235.0,63,HDPE,87.7,2.54,39.48,52.42,9,0.52,12.94,0.0,High Pressure
2026-06-06,Kibugu-Nguviu,F,2322.5,1033.8,40,PVC,157.3,7.74,44.54,42.96,6,2.79,-1.58,1.58,Normal
2026-06-06,Embu Green,E,4492.5,1066.0,40,GI,552.1,2.24,42.91,38.92,8,1.99,-3.99,3.99,Normal
2026-06-06,Runyenjes East,B,3824.8,1052.6,40,PVC,498.7,7.81,41.97,36.39,7,5.07,-5.58,5.58,Normal
2026-06-06,Runyenjes East,H,830.6,1205.0,50,PVC,96.8,6.04,37.47,42.75,2,4.91,5.28,0.0,Normal
2026-06-07,Runyenjes East,H,1799.5,1028.6,40,HDPE,444.2,2.68,47.02,51.02,6,4.21,4.0,0.0,High Pressure
2026-06-07,Mwea Smallholder,G,723.0,1205.9,32,GI,361.3,4.68,36.95,44.25,8,3.16,7.3,0.0,Normal
2026-06-07,Embu Green,F,2600.3,973.1,32,PVC,428.8,2.68,58.04,58.1,6,2.12,0.06,0.0,High Pressure
2026-06-07,Kibugu-Nguviu,F,332.7,1159.9,40,PVC,166.4,2.85,42.34,43.63,11,6.42,1.29,0.0,Normal
2026-06-08,Kibugu-Nguviu,A,1000.5,1058.6,32,HDPE,271.9,5.93,44.37,47.35,11,1.44,2.98,0.0,Normal
2026-06-08,Embu Green,D,2926.8,1240.0,63,PVC,290.9,1.76,36.48,33.19,11,4.49,-3.29,3.29,Normal
2026-06-08,Mwea Smallholder,F,304.5,1246.5,63,PVC,484.4,6.05,36.08,34.94,10,7.6,-1.14,1.14,Normal
2026-06-08,Embu Green,G,2628.2,1339.9,50,GI,666.1,3.07,31.12,34.11,1,5.52,2.99,0.0,Normal
2026-06-08,Runyenjes East,C,3523.6,1281.0,50,PVC,499.9,3.7,36.69,34.67,2,2.96,-2.02,2.02,Normal
2026-06-09,Kibugu-Nguviu,G,2108.2,1113.2,75,GI,144.1,5.55,44.29,42.81,6,4.44,-1.48,1.48,Normal
2026-06-09,Kibugu-Nguviu,A,1306.9,1240.7,63,HDPE,675.8,4.98,30.56,27.72,8,6.26,-2.84,2.84,Normal
2026-06-09,Runyenjes East,H,4578.8,986.0,90,HDPE,357.0,1.62,43.72,43.47,8,0.89,-0.25,0.25,Normal
2026-06-09,Mwea Smallholder,C,2736.6,1049.4,90,PVC,211.9,4.42,49.45,47.95,11,5.38,-1.5,1.5,Normal
2026-06-09,Mwea Smallholder,E,956.7,1015.2,63,PVC,136.3,7.15,46.07,54.72,4,3.06,8.65,0.0,High Pressure
2026-06-09,Mwea Smallholder,E,1325.4,1201.5,63,GI,203.8,5.03,38.98,41.42,7,5.01,2.44,0.0,Normal
2026-06-09,Kibugu-Nguviu,C,929.5,967.5,32,HDPE,43.0,5.4,54.08,59.94,10,6.77,5.86,0.0,High Pressure
2026-06-09,Kibugu-Nguviu,G,3869.1,1263.1,50,PVC,713.3,7.12,32.67,24.42,2,7.26,-8.25,8.25,Normal
2026-06-10,Mwea Smallholder,H,1077.8,1097.6,50,PVC,646.0,1.52,37.94,42.44,4,6.17,4.5,0.0,Normal
2026-06-10,Embu Green,C,1094.6,1291.1,50,GI,564.0,1.79,34.57,31.58,7,2.8,-2.99,2.99,Normal
2026-06-10,Mwea Smallholder,A,1289.5,968.6,63,PVC,356.6,5.3,52.73,53.17,9,2.74,0.44,0.0,High Pressure
2026-06-10,Kibugu-Nguviu,A,4552.9,1348.7,40,GI,589.4,5.6,24.12,20.88,11,3.34,-3.24,3.24,Normal
2026-06-11,Mwea Smallholder,A,4309.6,1323.5,75,PVC,704.2,0.5,27.1,22.82,1,2.75,-4.28,4.28,Normal
2026-06-11,Embu Green,B,651.9,1007.1,63,PVC,97.7,2.9,53.24,47.34,7,1.99,-5.9,5.9,Normal
2026-06-11,Embu Green,E,3162.2,1071.0,50,PVC,170.7,4.59,50.63,48.07,1,4.45,-2.56,2.56,Normal
2026-06-12,Kibugu-Nguviu,A,3959.0,1139.8,90,PVC,474.2,6.0,46.54,40.48,2,7.15,-6.06,6.06,Normal
2026-06-12,Embu Green,E,1165.9,1032.1,75,PVC,729.8,3.26,40.06,39.53,6,6.16,-0.53,0.53,Normal
2026-06-12,Embu Green,F,4860.2,1068.2,75,GI,499.6,5.3,44.94,47.21,7,5.17,2.27,0.0,Normal
2026-06-12,Mwea Smallholder,H,3367.7,985.7,32,PVC,789.5,4.52,46.95,47.66,4,7.36,0.71,0.0,Normal
2026-06-12,Mwea Smallholder,C,2746.1,1200.8,90,PVC,672.0,2.54,35.08,28.52,5,3.73,-6.56,6.56,Normal
2026-06-13,Kibugu-Nguviu,A,602.4,1163.2,75,GI,74.5,5.79,43.0,42.57,4,5.41,-0.43,0.43,Normal
2026-06-13,Mwea Smallholder,G,1307.6,984.5,50,HDPE,55.9,8.34,47.09,42.34,7,2.63,-4.75,4.75,Normal
2026-06-13,Mwea Smallholder,G,2249.8,986.8,50,PVC,306.9,5.24,46.94,41.38,5,5.35,-5.56,5.56,Normal
2026-06-13,Runyenjes East,A,945.6,995.0,75,PVC,119.3,5.22,48.89,53.81,5,3.31,4.92,0.0,High Pressure
2026-06-13,Kibugu-Nguviu,E,1701.1,1143.5,63,PVC,654.9,3.18,40.76,35.53,2,0.87,-5.23,5.23,Normal
2026-06-13,Kibugu-Nguviu,H,1026.9,1104.6,63,PVC,52.7,7.08,50.55,50.13,9,3.11,-0.42,0.42,High Pressure
2026-06-13,Mwea Smallholder,E,3437.9,1159.0,25,HDPE,768.8,0.5,39.54,40.0,7,6.44,0.46,0.0,Normal
2026-06-13,Embu Green,A,2669.6,1303.9,75,PVC,557.2,9.49,30.93,30.43,4,7.11,-0.5,0.5,Normal
2026-06-14,Runyenjes East,H,2298.3,1216.3,50,PVC,527.3,4.7,31.93,33.64,2,4.49,1.71,0.0,Normal
2026-06-14,Kibugu-Nguviu,E,39.1,1166.7,32,HDPE,573.2,3.28,29.77,37.29,8,1.47,7.52,0.0,Normal
2026-06-14,Embu Green,D,2955.1,1058.9,40,HDPE,768.2,5.65,38.93,32.07,9,3.4,-6.86,6.86,Normal
2026-06-14,Runyenjes East,F,4837.0,962.4,90,HDPE,336.2,6.2,50.03,55.37,9,5.95,5.34,0.0,High Pressure
2026-06-14,Embu Green,E,4463.5,1020.1,63,GI,295.5,6.21,52.13,43.67,1,3.56,-8.46,8.46,Normal
2026-06-14,Runyenjes East,A,1101.0,1241.5,40,PVC,100.3,6.57,35.97,30.4,2,5.44,-5.57,5.57,Normal
2026-06-14,Runyenjes East,D,4047.8,1238.3,40,PVC,176.2,5.33,39.94,40.03,10,7.71,0.09,0.0,Normal
2026-06-14,Mwea Smallholder,E,1158.6,1279.1,63,PVC,256.0,5.53,38.96,40.04,8,6.65,1.08,0.0,Normal
2026-06-14,Kibugu-Nguviu,C,4603.8,1078.7,63,PVC,391.7,4.3,48.42,43.37,6,0.67,-5.05,5.05,Normal
2026-06-14,Kibugu-Nguviu,E,1437.2,1349.5,75,PVC,121.4,7.2,41.66,36.16,6,3.22,-5.5,5.5,Normal
2026-06-15,Mwea Smallholder,C,1112.7,1058.4,25,HDPE,658.3,4.22,40.63,43.31,9,5.56,2.68,0.0,Normal
2026-06-15,Embu Green,F,1188.3,1039.8,50,PVC,101.7,5.84,48.34,44.57,8,5.07,-3.77,3.77,Normal
2026-06-15,Runyenjes East,E,4584.6,1187.0,32,PVC,656.7,1.62,27.04,29.47,6,5.73,2.43,0.0,Normal
2026-06-15,Mwea Smallholder,F,1274.1,965.0,32,PVC,194.6,4.95,47.9,44.28,8,0.54,-3.62,3.62,Normal
2026-06-15,Embu Green,H,3392.0,1116.7,90,PVC,704.0,2.39,34.39,28.09,8,6.83,-6.3,6.3,Normal
2026-06-15,Mwea Smallholder,A,1251.3,1235.8,40,GI,751.1,7.7,28.86,28.85,2,2.22,-0.01,0.01,Normal
2026-06-15,Mwea Smallholder,F,3003.6,1253.5,25,GI,677.6,4.53,31.96,32.85,5,5.71,0.89,0.0,Normal
2026-06-15,Embu Green,G,2288.8,1143.2,75,PVC,153.3,3.63,39.76,32.11,10,5.71,-7.65,7.65,Normal
2026-06-15,Embu Green,D,1589.9,1087.7,90,HDPE,58.8,7.98,43.26,37.46,10,6.46,-5.8,5.8,Normal
2026-06-16,Runyenjes East,B,368.5,1246.0,90,GI,499.3,2.4,40.59,40.11,9,4.22,-0.48,0.48,Normal
2026-06-16,Kibugu-Nguviu,H,3360.2,1132.3,40,GI,675.4,6.96,40.61,40.04,10,4.92,-0.57,0.57,Normal
2026-06-16,Kibugu-Nguviu,H,3856.0,1271.0,50,PVC,375.9,3.41,30.86,30.02,7,5.31,-0.84,0.84,Normal
2026-06-16,Runyenjes East,B,4804.0,1175.8,63,PVC,648.5,6.61,32.11,27.29,10,3.78,-4.82,4.82,Normal
2026-06-16,Mwea Smallholder,F,4765.7,1326.2,75,PVC,88.1,4.07,37.43,41.31,5,2.78,3.88,0.0,Normal
2026-06-16,Mwea Smallholder,D,1622.1,1275.5,40,PVC,48.1,7.88,44.71,48.79,7,7.52,4.08,0.0,Normal
2026-06-16,Kibugu-Nguviu,G,2880.7,962.7,32,PVC,76.5,3.74,55.42,58.04,9,6.74,2.62,0.0,High Pressure
2026-06-17,Embu Green,C,4736.5,1001.9,25,PVC,412.0,6.98,48.85,49.94,3,1.76,1.09,0.0,Normal
2026-06-17,Runyenjes East,B,3367.4,1300.3,75,HDPE,365.3,4.22,31.64,35.66,9,7.26,4.02,0.0,Normal
2026-06-17,Runyenjes East,C,3166.4,1044.2,63,PVC,589.1,3.99,44.7,47.86,3,5.34,3.16,0.0,Normal
2026-06-17,Runyenjes East,H,4508.0,1108.8,32,PVC,180.0,5.23,44.91,48.08,11,3.92,3.17,0.0,Normal
2026-06-17,Runyenjes East,F,4106.7,1221.1,63,PVC,69.5,4.42,43.67,49.24,8,4.16,5.57,0.0,Normal
2026-06-17,Runyenjes East,C,1090.1,1161.4,25,PVC,515.0,5.85,38.4,32.86,2,3.91,-5.54,5.54,Normal
2026-06-17,Embu Green,H,4966.8,1163.8,25,HDPE,760.8,5.31,40.8,41.91,4,3.46,1.11,0.0,Normal
2026-06-18,Embu Green,D,4833.1,1254.9,40,PVC,396.4,5.14,36.52,36.77,7,5.05,0.25,0.0,Normal
2026-06-18,Mwea Smallholder,D,3336.3,1220.5,40,HDPE,268.6,2.42,37.87,37.74,1,3.16,-0.13,0.13,Normal
2026-06-18,Runyenjes East,D,1651.8,1158.5,40,PVC,467.5,5.8,44.94,45.43,2,5.95,0.49,0.0,Normal
2026-06-18,Kibugu-Nguviu,D,1650.9,1075.8,32,PVC,649.6,5.3,41.84,43.8,4,1.17,1.96,0.0,Normal
2026-06-19,Kibugu-Nguviu,C,1311.9,1204.0,32,PVC,275.2,5.16,45.25,43.08,1,2.07,-2.17,2.17,Normal
2026-06-19,Runyenjes East,F,4753.8,970.8,75,HDPE,539.9,6.88,50.67,51.61,7,4.91,0.94,0.0,High Pressure
2026-06-19,Embu Green,A,3362.7,1336.1,63,PVC,690.7,8.27,26.42,34.23,7,6.09,7.81,0.0,Normal
2026-06-19,Mwea Smallholder,B,2437.7,1012.4,90,PVC,785.2,7.72,40.52,36.74,8,4.91,-3.78,3.78,Normal
2026-06-19,Embu Green,G,4514.7,1158.3,40,PVC,302.9,5.28,41.84,43.63,7,7.55,1.79,0.0,Normal
2026-06-19,Kibugu-Nguviu,D,2224.0,1109.7,63,HDPE,45.4,4.01,47.73,41.91,7,5.3,-5.82,5.82,Normal
2026-06-19,Kibugu-Nguviu,D,315.8,1164.3,63,PVC,259.1,4.13,43.4,43.04,10,1.06,-0.36,0.36,Normal
2026-06-19,Kibugu-Nguviu,H,2645.8,1053.4,75,PVC,584.7,5.19,44.69,42.33,10,4.77,-2.36,2.36,Normal
2026-06-19,Runyenjes East,C,4995.9,1156.9,40,PVC,611.1,3.72,35.56,31.67,11,5.94,-3.89,3.89,Normal
2026-06-19,Runyenjes East,H,775.8,1275.3,63,PVC,712.3,6.86,36.18,36.64,1,4.71,0.46,0.0,Normal
2026-06-19,Mwea Smallholder,C,1965.5,951.6,32,PVC,392.7,7.3,53.97,50.55,9,2.18,-3.42,3.42,High Pressure
2026-06-20,Kibugu-Nguviu,G,3837.3,974.5,63,PVC,627.3,6.49,46.57,32.77,6,4.55,-13.8,13.8,Normal
2026-06-20,Embu Green,D,2159.0,1182.8,63,PVC,523.8,10.36,37.21,38.49,7,6.91,1.28,0.0,Normal
2026-06-20,Runyenjes East,F,1511.0,1261.0,75,PVC,136.5,8.75,39.14,44.05,3,2.72,4.91,0.0,Normal
2026-06-20,Embu Green,H,2284.5,1037.6,75,HDPE,359.1,4.02,43.74,38.66,3,7.26,-5.08,5.08,Normal
2026-06-20,Mwea Smallholder,C,4618.1,1293.8,40,PVC,267.2,6.11,38.14,35.64,1,4.15,-2.5,2.5,Normal
2026-06-20,Mwea Smallholder,A,1644.6,1062.5,32,PVC,677.1,4.61,41.81,45.05,11,4.43,3.24,0.0,Normal
2026-06-20,Embu Green,G,3024.5,999.6,25,PVC,115.2,9.67,48.98,42.84,4,3.47,-6.14,6.14,Normal
2026-06-20,Mwea Smallholder,G,3592.6,1067.0,63,PVC,80.8,5.38,49.24,49.09,5,1.9,-0.15,0.15,Normal
2026-06-20,Kibugu-Nguviu,C,386.4,1274.8,63,HDPE,342.9,2.87,37.64,41.15,1,6.3,3.51,0.0,Normal
2026-06-21,Runyenjes East,C,411.8,1184.4,63,PVC,302.2,6.53,41.56,44.75,1,1.46,3.19,0.0,Normal
2026-06-21,Kibugu-Nguviu,C,1583.0,1276.7,40,PVC,760.7,3.77,33.02,30.52,5,3.6,-2.5,2.5,Normal
2026-06-21,Kibugu-Nguviu,B,3303.4,1013.0,90,PVC,406.0,9.63,46.13,41.97,11,3.66,-4.16,4.16,Normal
2026-06-22,Mwea Smallholder,D,1507.6,996.8,90,HDPE,620.9,1.95,46.58,42.45,1,6.6,-4.13,4.13,Normal
2026-06-22,Embu Green,G,2249.7,1025.3,50,HDPE,141.4,7.24,47.95,45.63,2,1.08,-2.32,2.32,Normal
2026-06-22,Mwea Smallholder,F,4756.5,1223.4,75,PVC,469.3,6.32,30.79,31.28,11,1.29,0.49,0.0,Normal
2026-06-22,Runyenjes East,F,426.6,1155.0,32,PVC,108.7,2.88,45.46,43.29,5,4.4,-2.17,2.17,Normal
2026-06-23,Embu Green,H,871.6,1183.6,40,HDPE,469.8,4.45,39.4,36.47,11,2.92,-2.93,2.93,Normal
2026-06-23,Kibugu-Nguviu,C,1540.9,1152.9,32,PVC,614.5,4.05,38.57,41.79,7,3.24,3.22,0.0,Normal
2026-06-23,Mwea Smallholder,A,64.2,1232.2,40,HDPE,795.8,7.72,29.46,25.45,11,7.42,-4.01,4.01,Normal
2026-06-23,Runyenjes East,F,1206.4,1226.1,32,PVC,350.8,1.79,40.21,38.96,6,5.5,-1.25,1.25,Normal
2026-06-23,Runyenjes East,C,4675.9,1192.8,75,PVC,308.2,10.44,43.91,39.12,6,1.81,-4.79,4.79,Normal
2026-06-24,Mwea Smallholder,C,1394.3,1246.8,50,PVC,161.7,7.07,37.69,37.86,11,1.42,0.17,0.0,Normal
2026-06-24,Runyenjes East,H,202.3,1143.7,50,HDPE,611.0,5.05,33.99,34.59,11,2.73,0.6,0.0,Normal
2026-06-24,Runyenjes East,E,1787.5,1347.0,32,GI,151.8,3.93,34.49,34.07,8,7.12,-0.42,0.42,Normal
2026-06-24,Kibugu-Nguviu,H,4226.1,1240.2,40,PVC,217.5,4.54,43.73,44.54,11,2.21,0.81,0.0,Normal
2026-06-24,Embu Green,D,3398.7,1309.4,63,PVC,418.8,4.16,36.68,25.33,3,6.94,-11.35,11.35,Normal
2026-06-24,Runyenjes East,G,1716.7,1118.2,40,PVC,551.1,3.61,41.26,45.16,5,0.71,3.9,0.0,Normal
2026-06-24,Runyenjes East,E,4980.6,988.4,32,PVC,307.7,6.21,45.65,44.9,1,1.77,-0.75,0.75,Normal
2026-06-24,Mwea Smallholder,A,784.9,1221.3,90,PVC,745.3,4.26,29.37,31.61,1,6.12,2.24,0.0,Normal
2026-06-24,Mwea Smallholder,B,4716.8,1021.3,32,PVC,501.3,0.92,50.0,53.0,8,5.78,3.0,0.0,High Pressure
2026-06-24,Embu Green,H,3223.2,1113.7,75,HDPE,721.9,5.66,37.93,44.53,11,0.58,6.6,0.0,Normal
2026-06-25,Kibugu-Nguviu,D,3431.2,1266.6,75,GI,509.4,3.85,32.63,32.92,6,2.04,0.29,0.0,Normal
2026-06-25,Kibugu-Nguviu,C,799.9,1197.3,75,PVC,484.3,5.35,35.96,44.59,1,0.99,8.63,0.0,Normal
2026-06-25,Embu Green,E,4678.6,999.5,50,HDPE,114.7,3.45,55.44,48.49,3,4.27,-6.95,6.95,Normal
2026-06-25,Embu Green,B,3119.7,1261.0,25,HDPE,442.7,4.9,33.2,34.23,7,4.37,1.03,0.0,Normal
2026-06-25,Kibugu-Nguviu,H,374.5,981.3,25,PVC,616.5,6.48,42.53,35.24,1,4.82,-7.29,7.29,Normal
2026-06-25,Mwea Smallholder,E,2972.3,1334.4,50,PVC,218.9,4.67,28.78,25.78,5,1.64,-3.0,3.0,Normal
2026-06-25,Kibugu-Nguviu,F,4031.7,1247.7,40,PVC,453.9,5.81,32.66,31.95,4,3.18,-0.71,0.71,Normal
2026-06-25,Mwea Smallholder,H,1909.4,1291.7,63,PVC,756.9,6.66,29.46,36.02,1,4.46,6.56,0.0,Normal
2026-06-26,Runyenjes East,C,3565.6,1244.0,32,HDPE,774.7,4.17,27.12,34.2,8,4.95,7.08,0.0,Normal
2026-06-26,Runyenjes East,A,3785.2,995.9,75,PVC,218.0,3.32,49.14,50.98,5,3.36,1.84,0.0,High Pressure
2026-06-26,Embu Green,C,3791.9,1291.4,40,HDPE,81.3,2.35,41.01,42.77,8,3.92,1.76,0.0,Normal
2026-06-26,Embu Green,H,3138.0,1294.3,75,GI,639.1,3.49,33.22,26.92,3,2.06,-6.3,6.3,Normal
2026-06-26,Embu Green,E,1785.7,1181.7,40,PVC,716.9,5.38,35.16,34.34,5,7.2,-0.82,0.82,Normal
2026-06-26,Runyenjes East,E,1521.6,1112.2,63,GI,515.2,6.37,37.53,40.31,9,4.13,2.78,0.0,Normal
2026-06-26,Mwea Smallholder,E,4897.1,1081.7,40,PVC,422.4,5.73,47.91,46.13,1,5.6,-1.78,1.78,Normal
2026-06-26,Mwea Smallholder,C,3382.0,951.6,75,PVC,780.0,4.47,45.33,46.88,10,4.57,1.55,0.0,Normal
2026-06-26,Kibugu-Nguviu,H,965.5,1147.1,90,GI,452.1,3.71,37.71,36.49,9,7.94,-1.22,1.22,Normal
2026-06-27,Runyenjes East,H,1938.8,1159.8,50,PVC,638.0,2.35,37.55,27.9,5,2.0,-9.65,9.65,Normal
2026-06-27,Mwea Smallholder,D,1940.5,1275.4,75,PVC,464.8,4.58,39.75,35.92,6,3.75,-3.83,3.83,Normal
2026-06-27,Runyenjes East,F,3704.1,967.0,50,PVC,50.0,5.96,57.36,53.86,6,2.76,-3.5,3.5,High Pressure
2026-06-27,Embu Green,C,3265.0,1221.1,40,PVC,63.2,3.16,43.62,37.68,11,4.96,-5.94,5.94,Normal
2026-06-27,Embu Green,C,1837.7,1026.2,63,PVC,203.7,4.2,49.23,42.05,4,3.62,-7.18,7.18,Normal
2026-06-27,Embu Green,D,3492.8,1236.4,75,PVC,449.2,7.42,36.41,32.43,1,5.85,-3.98,3.98,Normal
2026-06-28,Embu Green,F,638.6,1261.8,63,HDPE,612.2,7.37,33.57,30.0,6,1.17,-3.57,3.57,Normal
2026-06-28,Embu Green,E,1899.6,1281.3,50,GI,174.8,5.49,35.28,37.45,6,5.29,2.17,0.0,Normal
2026-06-28,Embu Green,C,2509.9,1325.4,40,GI,532.2,3.04,35.51,32.71,11,3.93,-2.8,2.8,Normal
2026-06-28,Embu Green,H,2779.3,991.4,90,PVC,145.2,5.67,52.51,60.95,11,2.17,8.44,0.0,High Pressure
2026-06-29,Mwea Smallholder,D,2368.6,1323.1,63,PVC,491.9,3.78,32.09,32.03,7,5.79,-0.06,0.06,Normal
2026-06-29,Kibugu-Nguviu,G,565.6,1017.7,50,PVC,711.2,7.34,47.01,42.24,4,7.29,-4.77,4.77,Normal
2026-06-29,Mwea Smallholder,B,2858.0,1078.0,90,PVC,405.4,5.99,40.8,37.01,4,1.76,-3.79,3.79,Normal
2026-06-29,Runyenjes East,H,3183.8,1039.1,40,HDPE,112.4,3.49,54.69,52.58,2,7.86,-2.11,2.11,High Pressure
2026-06-30,Kibugu-Nguviu,D,4918.2,1100.8,75,HDPE,693.6,3.36,37.79,34.89,9,4.08,-2.9,2.9,Normal
2026-06-30,Kibugu-Nguviu,B,1625.4,1026.5,32,PVC,437.5,0.5,48.13,46.48,11,3.81,-1.65,1.65,Normal
2026-06-30,Mwea Smallholder,B,4184.3,1201.1,40,GI,514.0,5.11,32.77,31.0,7,6.94,-1.77,1.77,Normal
2026-06-30,Runyenjes East,H,643.9,1257.3,50,PVC,473.8,3.53,32.71,30.29,1,3.57,-2.42,2.42,Normal
2026-06-30,Mwea Smallholder,C,4336.5,1183.0,50,HDPE,664.8,5.87,43.53,47.42,5,2.47,3.89,0.0,Normal
2026-06-30,Embu Green,E,4411.7,1161.5,50,PVC,558.1,3.67,35.8,40.93,8,2.86,5.13,0.0,Normal
2026-06-30,Kibugu-Nguviu,E,508.7,1260.4,50,HDPE,102.2,7.5,43.56,39.67,10,5.83,-3.89,3.89,Normal
2026-06-30,Kibugu-Nguviu,E,4794.5,1229.8,25,PVC,194.1,5.35,40.31,44.72,4,7.78,4.41,0.0,Normal
2026-07-01,Runyenjes East,H,1045.0,1205.2,90,GI,440.9,5.72,37.75,34.18,1,0.59,-3.57,3.57,Normal
2026-07-01,Embu Green,F,3756.9,1167.4,75,GI,693.5,5.51,40.39,38.24,4,4.42,-2.15,2.15,Normal
2026-07-01,Embu Green,C,901.1,1342.3,32,PVC,553.8,2.41,25.22,19.48,6,4.56,-5.74,5.74,Normal
2026-07-01,Mwea Smallholder,E,1094.3,1171.2,75,PVC,392.6,5.08,37.19,35.24,3,3.96,-1.95,1.95,Normal
2026-07-01,Mwea Smallholder,G,112.4,1171.6,50,PVC,331.6,5.87,44.97,44.99,10,6.66,0.02,0.0,Normal
2026-07-01,Embu Green,A,3589.5,1333.3,63,PVC,375.4,6.24,30.29,35.5,10,0.86,5.21,0.0,Normal
2026-07-01,Runyenjes East,B,3800.6,1308.4,25,PVC,675.3,1.37,33.06,32.25,3,4.88,-0.81,0.81,Normal
2026-07-01,Kibugu-Nguviu,F,292.9,984.1,50,HDPE,413.9,7.11,48.66,47.02,6,7.09,-1.64,1.64,Normal
2026-07-01,Runyenjes East,E,2608.0,1215.3,63,PVC,772.4,8.4,29.38,29.73,3,7.93,0.35,0.0,Normal
2026-07-01,Mwea Smallholder,G,113.4,1032.3,25,HDPE,537.3,1.71,47.76,49.75,3,5.1,1.99,0.0,Normal
2026-07-01,Embu Green,E,3030.5,1210.0,25,GI,563.2,7.26,39.66,38.97,6,5.31,-0.69,0.69,Normal
2026-07-01,Mwea Smallholder,C,1203.7,1181.9,63,PVC,409.9,7.29,41.12,39.5,4,1.85,-1.62,1.62,Normal
2026-07-01,Kibugu-Nguviu,B,4051.4,957.6,50,PVC,511.9,3.4,48.96,49.49,7,7.72,0.53,0.0,Normal
2026-07-02,Mwea Smallholder,G,2645.6,987.4,63,HDPE,89.2,4.72,53.91,52.29,6,1.15,-1.62,1.62,High Pressure
2026-07-02,Embu Green,E,3646.9,1188.4,75,PVC,605.5,6.04,40.84,34.14,4,7.19,-6.7,6.7,Normal
2026-07-02,Embu Green,E,1067.9,1306.5,32,PVC,301.5,6.34,30.8,23.94,6,3.82,-6.86,6.86,Normal
2026-07-02,Runyenjes East,E,3980.1,1332.1,75,HDPE,513.8,2.08,31.34,36.3,9,4.75,4.96,0.0,Normal
2026-07-02,Mwea Smallholder,F,1000.9,1286.5,90,GI,417.1,3.43,32.15,38.5,6,3.05,6.35,0.0,Normal
2026-07-02,Kibugu-Nguviu,B,283.2,1044.5,40,PVC,561.3,5.96,45.34,50.67,5,7.21,5.33,0.0,High Pressure
2026-07-02,Embu Green,H,2902.2,996.9,50,PVC,588.0,1.51,44.29,46.81,2,5.44,2.52,0.0,Normal
2026-07-02,Runyenjes East,B,3531.0,1038.9,63,PVC,50.9,4.17,52.86,52.41,2,2.42,-0.45,0.45,High Pressure
2026-07-02,Embu Green,G,2303.6,1113.6,40,HDPE,472.3,6.47,39.27,38.78,11,0.76,-0.49,0.49,Normal
2026-07-03,Embu Green,F,86.9,988.3,75,PVC,198.4,4.93,49.45,49.71,5,6.95,0.26,0.0,Normal
2026-07-03,Kibugu-Nguviu,G,2543.4,1335.0,63,PVC,534.7,1.63,35.06,31.84,10,5.52,-3.22,3.22,Normal
2026-07-03,Runyenjes East,F,1048.3,1210.2,50,PVC,656.5,4.86,34.95,26.8,5,7.53,-8.15,8.15,Normal
2026-07-03,Mwea Smallholder,C,4032.3,1186.1,40,HDPE,389.5,3.35,40.17,43.38,8,7.92,3.21,0.0,Normal
2026-07-03,Runyenjes East,G,4864.3,1096.4,40,PVC,137.7,3.34,43.88,40.84,9,3.33,-3.04,3.04,Normal
2026-07-03,Runyenjes East,D,2396.9,1156.3,25,HDPE,588.8,3.59,38.53,40.72,4,1.03,2.19,0.0,Normal
2026-07-03,Kibugu-Nguviu,D,3687.9,958.9,75,PVC,585.4,6.13,52.74,40.73,7,6.51,-12.01,12.01,Normal
2026-07-04,Embu Green,B,4856.6,1021.2,32,PVC,31.8,4.67,51.17,57.01,10,7.53,5.84,0.0,High Pressure
2026-07-04,Runyenjes East,C,1588.2,964.5,40,PVC,533.2,5.61,46.08,46.76,9,5.93,0.68,0.0,Normal
2026-07-04,Mwea Smallholder,D,708.6,1284.4,90,PVC,408.6,4.31,39.77,33.13,2,2.89,-6.64,6.64,Normal
2026-07-04,Runyenjes East,A,3596.4,1072.6,50,GI,125.1,7.37,46.13,40.52,9,7.04,-5.61,5.61,Normal
2026-07-04,Mwea Smallholder,H,4232.3,1244.4,50,PVC,558.3,3.32,36.73,34.63,7,7.32,-2.1,2.1,Normal
2026-07-05,Embu Green,C,3024.1,1055.2,40,PVC,660.5,6.56,39.46,38.04,7,4.85,-1.42,1.42,Normal
2026-07-05,Kibugu-Nguviu,H,3944.4,1120.1,90,HDPE,450.7,5.58,41.97,46.54,6,7.74,4.57,0.0,Normal
2026-07-05,Embu Green,E,3115.7,1158.7,90,PVC,624.1,1.0,34.01,38.09,11,0.99,4.08,0.0,Normal
2026-07-05,Kibugu-Nguviu,H,1592.2,968.1,63,PVC,614.9,3.87,42.92,35.89,9,6.2,-7.03,7.03,Normal
2026-07-05,Kibugu-Nguviu,C,1026.4,1178.1,63,GI,60.1,4.28,40.09,39.13,6,1.99,-0.96,0.96,Normal
2026-07-05,Runyenjes East,G,4425.3,1299.0,50,PVC,440.6,4.0,33.02,29.12,5,2.3,-3.9,3.9,Normal
2026-07-05,Embu Green,E,684.5,1202.5,40,GI,631.6,4.39,37.28,31.83,3,1.69,-5.45,5.45,Normal
2026-07-05,Runyenjes East,A,3662.8,1306.8,40,HDPE,575.4,3.83,29.92,28.35,2,5.0,-1.57,1.57,Normal
2026-07-06,Kibugu-Nguviu,H,1194.7,981.1,40,GI,250.8,8.7,51.03,54.83,3,7.29,3.8,0.0,High Pressure
2026-07-06,Mwea Smallholder,E,1075.8,1143.0,25,PVC,52.8,5.34,45.05,46.47,9,6.43,1.42,0.0,Normal
2026-07-06,Runyenjes East,C,2349.6,1057.2,75,PVC,294.0,4.52,43.67,42.73,2,4.95,-0.94,0.94,Normal
2026-07-06,Runyenjes East,A,1039.3,1250.2,40,HDPE,400.9,5.67,35.59,40.57,4,4.62,4.98,0.0,Normal
2026-07-06,Mwea Smallholder,B,1472.9,1187.9,40,PVC,568.5,8.35,37.04,35.77,8,6.09,-1.27,1.27,Normal
2026-07-06,Runyenjes East,B,1890.4,1230.6,63,HDPE,780.1,5.38,34.43,33.64,11,0.67,-0.79,0.79,Normal
2026-07-07,Mwea Smallholder,B,3086.3,986.7,25,PVC,503.0,6.12,49.03,53.79,9,5.22,4.76,0.0,High Pressure
2026-07-07,Kibugu-Nguviu,D,132.9,1271.6,50,PVC,533.4,3.09,33.57,40.33,9,1.38,6.76,0.0,Normal
2026-07-07,Kibugu-Nguviu,G,3600.9,1128.4,50,PVC,129.3,4.3,45.1,43.65,2,6.66,-1.45,1.45,Normal
2026-07-07,Runyenjes East,G,172.0,1231.5,63,PVC,415.1,4.66,35.99,42.79,8,1.44,6.8,0.0,Normal
2026-07-08,Kibugu-Nguviu,G,464.5,956.4,63,HDPE,201.8,3.96,50.22,43.46,1,5.65,-6.76,6.76,Normal
2026-07-08,Embu Green,A,4953.6,1284.9,32,PVC,160.9,6.73,35.3,29.59,9,2.33,-5.71,5.71,Normal
2026-07-08,Mwea Smallholder,D,1244.7,968.3,32,HDPE,717.5,9.25,43.84,39.17,2,3.65,-4.67,4.67,Normal
2026-07-08,Kibugu-Nguviu,F,3350.7,1142.9,50,PVC,752.2,3.41,41.5,46.05,2,4.87,4.55,0.0,Normal
2026-07-08,Embu Green,G,2595.3,1127.2,90,PVC,691.8,8.06,39.05,40.72,10,3.78,1.67,0.0,Normal
2026-07-09,Kibugu-Nguviu,A,4157.5,986.9,50,PVC,357.0,4.2,47.38,45.63,7,4.11,-1.75,1.75,Normal
2026-07-09,Kibugu-Nguviu,G,3309.3,1026.2,25,PVC,134.6,5.85,51.33,51.62,10,5.95,0.29,0.0,High Pressure
2026-07-09,Mwea Smallholder,A,1543.1,1199.9,75,HDPE,518.3,7.05,36.65,32.9,5,4.98,-3.75,3.75,Normal
2026-07-09,Kibugu-Nguviu,G,1480.1,1036.8,50,PVC,340.6,5.65,47.81,53.91,1,5.46,6.1,0.0,High Pressure
2026-07-09,Runyenjes East,C,2955.0,1306.0,32,PVC,770.1,3.64,23.54,13.53,5,6.86,-10.01,10.01,Normal
2026-07-10,Mwea Smallholder,D,2063.8,1202.9,32,GI,461.0,4.39,37.4,29.65,7,6.24,-7.75,7.75,Normal
2026-07-10,Embu Green,F,1127.9,965.4,63,PVC,563.6,2.26,42.48,40.11,7,6.91,-2.37,2.37,Normal
2026-07-10,Mwea Smallholder,E,1516.3,1286.4,75,HDPE,680.2,3.25,32.17,18.44,1,7.56,-13.73,13.73,Normal
2026-07-10,Runyenjes East,C,795.4,1066.7,90,PVC,506.9,2.87,43.62,40.03,8,1.17,-3.59,3.59,Normal
2026-07-10,Mwea Smallholder,B,2571.8,1179.1,25,HDPE,682.0,5.97,35.79,23.12,10,3.03,-12.67,12.67,Normal
2026-07-10,Embu Green,A,4547.9,1291.6,75,PVC,408.5,4.99,32.84,28.89,4,4.62,-3.95,3.95,Normal
2026-07-10,Kibugu-Nguviu,C,2216.2,1024.1,25,PVC,264.7,2.35,50.69,50.43,5,5.14,-0.26,0.26,High Pressure
2026-07-10,Kibugu-Nguviu,C,4486.6,1096.3,50,PVC,616.9,7.57,42.53,47.24,11,4.83,4.71,0.0,Normal
2026-07-10,Kibugu-Nguviu,H,4930.3,1174.8,50,PVC,209.2,2.87,37.72,29.63,10,7.7,-8.09,8.09,Normal
2026-07-11,Embu Green,A,1227.8,1137.5,40,HDPE,137.3,8.67,41.26,44.85,2,5.37,3.59,0.0,Normal
2026-07-11,Embu Green,D,695.4,1007.5,63,PVC,279.3,5.25,50.21,49.36,1,3.85,-0.85,0.85,Normal
2026-07-11,Embu Green,D,3300.4,1053.1,50,HDPE,526.8,6.08,42.37,38.72,2,6.0,-3.65,3.65,Normal
2026-07-11,Mwea Smallholder,A,3791.6,1309.0,75,HDPE,267.6,7.12,35.91,30.83,8,4.71,-5.08,5.08,Normal
2026-07-11,Embu Green,D,4462.0,1106.6,63,HDPE,421.5,5.97,44.77,44.21,3,1.18,-0.56,0.56,Normal
2026-07-11,Mwea Smallholder,E,1676.9,1007.2,40,PVC,96.6,6.88,49.96,51.68,2,3.57,1.72,0.0,High Pressure
2026-07-11,Runyenjes East,F,385.5,964.6,90,HDPE,620.2,1.09,47.11,41.42,7,6.71,-5.69,5.69,Normal
2026-07-11,Kibugu-Nguviu,G,489.6,1276.7,75,PVC,671.3,3.84,29.48,28.77,3,6.94,-0.71,0.71,Normal
2026-07-12,Embu Green,F,2131.5,1195.5,50,PVC,77.8,0.87,42.65,43.27,10,3.73,0.62,0.0,Normal
2026-07-12,Kibugu-Nguviu,E,2810.1,1044.2,50,PVC,347.3,4.01,47.97,45.15,9,6.46,-2.82,2.82,Normal
2026-07-12,Kibugu-Nguviu,D,2667.6,1182.5,75,HDPE,376.2,6.16,40.03,39.14,3,5.86,-0.89,0.89,Normal
2026-07-12,Runyenjes East,G,2953.5,1301.2,63,PVC,276.4,2.77,40.36,34.21,7,1.69,-6.15,6.15,Normal
2026-07-12,Kibugu-Nguviu,H,199.3,1248.5,32,PVC,65.4,6.59,37.62,37.65,11,6.23,0.03,0.0,Normal
2026-07-12,Runyenjes East,B,3222.1,1049.6,40,GI,544.0,5.42,47.42,48.24,6,5.72,0.82,0.0,Normal
2026-07-13,Kibugu-Nguviu,H,2673.4,967.4,90,PVC,185.5,4.07,50.58,53.53,2,7.94,2.95,0.0,High Pressure
2026-07-13,Embu Green,B,665.6,958.9,90,HDPE,480.2,5.4,42.85,36.37,1,1.6,-6.48,6.48,Normal
2026-07-13,Kibugu-Nguviu,A,735.7,1164.6,32,PVC,111.6,6.09,36.15,40.22,4,5.58,4.07,0.0,Normal
2026-07-13,Embu Green,F,4164.7,1313.3,75,PVC,354.8,5.12,32.9,24.73,6,2.92,-8.17,8.17,Normal
2026-07-13,Mwea Smallholder,C,4242.0,1287.2,50,PVC,208.0,4.34,36.89,38.77,1,7.98,1.88,0.0,Normal
2026-07-13,Mwea Smallholder,C,2719.8,955.9,50,PVC,733.3,3.12,44.89,45.85,4,6.55,0.96,0.0,Normal
2026-07-13,Kibugu-Nguviu,A,1982.8,1077.9,63,PVC,504.9,6.11,45.74,44.19,9,5.53,-1.55,1.55,Normal
2026-07-13,Embu Green,D,3840.8,962.6,63,PVC,637.9,2.36,46.96,48.1,9,1.72,1.14,0.0,Normal
2026-07-14,Mwea Smallholder,F,2022.5,1278.6,25,PVC,722.9,8.28,32.73,23.33,1,2.0,-9.4,9.4,Normal
2026-07-14,Embu Green,E,1939.2,1000.6,25,PVC,172.6,7.5,53.1,45.22,11,3.61,-7.88,7.88,Normal
2026-07-14,Embu Green,D,1835.4,1250.9,63,PVC,175.5,6.63,39.09,45.22,7,5.05,6.13,0.0,Normal
2026-07-14,Embu Green,C,2599.5,1009.4,90,PVC,217.6,6.28,51.64,59.91,3,7.39,8.27,0.0,High Pressure
2026-07-14,Runyenjes East,F,3441.7,1023.2,50,HDPE,740.6,5.35,44.06,48.27,10,5.0,4.21,0.0,Normal
2026-07-14,Mwea Smallholder,E,325.8,1321.4,40,PVC,326.9,5.54,28.18,26.77,2,7.07,-1.41,1.41,Normal
2026-07-14,Embu Green,E,478.1,958.8,75,HDPE,720.3,5.52,45.26,43.6,6,5.46,-1.66,1.66,Normal
2026-07-14,Kibugu-Nguviu,D,4428.5,1217.7,63,HDPE,57.5,2.54,43.05,38.01,7,7.98,-5.04,5.04,Normal
2026-07-15,Embu Green,G,4148.7,955.4,50,PVC,201.3,2.07,45.12,43.14,1,1.61,-1.98,1.98,Normal
2026-07-15,Embu Green,F,2756.7,1099.1,63,PVC,755.5,6.53,43.57,43.61,5,2.77,0.04,0.0,Normal
2026-07-15,Runyenjes East,B,2346.9,1056.2,50,PVC,738.5,5.45,46.24,39.4,1,2.07,-6.84,6.84,Normal
2026-07-15,Kibugu-Nguviu,A,1310.3,1266.9,75,GI,698.1,5.69,31.96,28.9,6,4.55,-3.06,3.06,Normal
2026-07-15,Embu Green,C,1313.1,1052.0,40,HDPE,482.4,7.47,43.39,44.4,2,6.01,1.01,0.0,Normal
2026-07-15,Runyenjes East,A,1263.2,1180.7,50,PVC,663.8,8.08,34.34,35.73,11,5.77,1.39,0.0,Normal
2026-07-16,Runyenjes East,B,972.3,1015.2,50,PVC,277.9,5.63,48.33,41.51,3,3.01,-6.82,6.82,Normal
2026-07-16,Mwea Smallholder,F,437.0,1246.3,63,GI,260.4,5.29,35.33,36.52,1,4.85,1.19,0.0,Normal
2026-07-16,Embu Green,A,1867.0,1315.0,32,HDPE,604.1,3.86,39.58,41.07,2,6.84,1.49,0.0,Normal
2026-07-16,Runyenjes East,E,3080.7,1311.4,32,PVC,457.8,5.74,33.89,36.24,9,4.9,2.35,0.0,Normal
2026-07-16,Embu Green,G,3485.8,1336.7,75,PVC,627.9,3.59,33.44,34.74,10,6.16,1.3,0.0,Normal
2026-07-16,Embu Green,F,1240.2,1228.5,63,GI,724.6,5.94,32.05,26.36,9,3.23,-5.69,5.69,Normal
2026-07-16,Kibugu-Nguviu,E,2982.9,1161.1,40,PVC,352.4,4.59,39.13,44.96,1,1.01,5.83,0.0,Normal
2026-07-17,Kibugu-Nguviu,E,140.5,1299.6,32,GI,634.2,5.77,33.96,35.43,5,5.89,1.47,0.0,Normal
2026-07-17,Embu Green,E,3679.7,1270.3,63,HDPE,69.7,2.76,41.66,40.3,5,1.56,-1.36,1.36,Normal
2026-07-17,Kibugu-Nguviu,C,1453.0,1081.3,32,HDPE,226.0,1.98,48.6,40.91,6,5.25,-7.69,7.69,Normal
2026-07-17,Mwea Smallholder,A,18.6,1101.1,32,PVC,316.0,3.83,47.99,45.23,10,4.65,-2.76,2.76,Normal
2026-07-17,Embu Green,F,3725.2,1176.4,40,PVC,215.3,2.66,40.59,37.78,11,2.45,-2.81,2.81,Normal
2026-07-17,Runyenjes East,A,3909.9,1297.6,63,GI,695.3,8.74,27.27,25.6,6,0.96,-1.67,1.67,Normal
2026-07-17,Runyenjes East,D,1954.3,1307.3,25,PVC,638.9,5.13,30.2,18.35,7,5.5,-11.85,11.85,Normal
2026-07-18,Embu Green,D,2645.3,1067.5,90,HDPE,300.7,4.01,44.24,43.97,4,5.53,-0.27,0.27,Normal
2026-07-18,Embu Green,G,391.4,1085.9,32,HDPE,258.5,5.72,47.24,48.0,5,6.46,0.76,0.0,Normal
2026-07-18,Kibugu-Nguviu,F,4525.8,957.5,40,PVC,508.6,4.41,47.5,45.32,10,7.47,-2.18,2.18,Normal
2026-07-18,Embu Green,G,1297.5,964.9,40,GI,547.7,7.29,45.21,48.22,3,4.75,3.01,0.0,Normal
2026-07-18,Runyenjes East,B,4405.7,1197.7,25,PVC,744.1,6.48,38.3,40.67,10,1.76,2.37,0.0,Normal
2026-07-18,Kibugu-Nguviu,B,3520.5,1318.8,50,HDPE,431.3,4.5,34.09,28.04,3,3.27,-6.05,6.05,Normal
2026-07-18,Runyenjes East,D,1259.9,1299.9,75,HDPE,401.1,3.93,33.66,40.9,7,5.79,7.24,0.0,Normal
2026-07-18,Runyenjes East,C,477.8,1299.7,75,PVC,651.3,2.54,32.38,32.98,6,4.97,0.6,0.0,Normal
2026-07-18,Embu Green,B,3170.5,1125.3,40,GI,468.5,2.66,40.09,41.51,10,3.96,1.42,0.0,Normal
2026-07-18,Embu Green,H,949.8,1088.0,25,HDPE,477.8,3.82,41.05,34.47,1,2.88,-6.58,6.58,Normal
2026-07-18,Runyenjes East,F,4552.5,1245.0,40,PVC,563.3,8.28,39.82,37.56,6,2.07,-2.26,2.26,Normal
2026-07-18,Embu Green,F,3217.7,1309.0,32,PVC,71.9,3.43,31.5,31.67,2,6.69,0.17,0.0,Normal
2026-07-19,Embu Green,C,2853.5,1302.3,50,PVC,379.4,5.6,38.75,42.42,9,5.04,3.67,0.0,Normal
2026-07-19,Embu Green,B,3288.6,1325.2,40,PVC,727.0,7.26,27.06,24.6,5,4.55,-2.46,2.46,Normal
2026-07-19,Embu Green,G,1247.2,1349.9,50,PVC,99.4,5.35,38.24,41.69,5,0.58,3.45,0.0,Normal
2026-07-19,Runyenjes East,A,1542.4,1010.2,75,PVC,344.8,8.05,50.46,54.79,4,5.33,4.33,0.0,High Pressure
2026-07-19,Kibugu-Nguviu,C,4868.6,1075.4,63,GI,339.1,6.6,39.87,40.58,8,7.18,0.71,0.0,Normal
2026-07-20,Mwea Smallholder,H,694.6,1063.4,90,HDPE,282.3,4.87,48.77,50.39,11,0.68,1.62,0.0,High Pressure
2026-07-20,Runyenjes East,B,1424.4,1140.2,63,PVC,397.2,3.6,46.09,47.75,1,3.99,1.66,0.0,Normal
2026-07-20,Embu Green,F,353.0,1049.8,50,PVC,105.4,3.49,51.23,42.11,4,0.84,-9.12,9.12,Normal
2026-07-20,Embu Green,E,4539.4,1091.0,40,PVC,98.2,4.56,50.26,44.89,10,0.53,-5.37,5.37,Normal
2026-07-21,Mwea Smallholder,F,1349.3,1349.4,90,PVC,343.6,5.02,32.23,32.17,1,1.29,-0.06,0.06,Normal
2026-07-21,Runyenjes East,B,2756.4,1294.8,90,HDPE,132.7,3.77,33.48,36.73,1,4.94,3.25,0.0,Normal
2026-07-21,Runyenjes East,E,203.4,1017.8,63,PVC,360.8,3.23,46.51,48.71,1,5.02,2.2,0.0,Normal
2026-07-21,Embu Green,D,1640.6,1236.7,63,PVC,161.6,3.85,41.53,36.13,3,0.79,-5.4,5.4,Normal
2026-07-21,Embu Green,H,3145.9,1247.0,40,PVC,78.4,6.27,41.09,39.56,1,3.28,-1.53,1.53,Normal
2026-07-21,Runyenjes East,D,2431.6,978.7,40,HDPE,547.7,5.48,49.11,55.36,8,4.79,6.25,0.0,High Pressure
2026-07-22,Kibugu-Nguviu,D,577.8,1093.6,50,PVC,486.5,5.24,40.63,37.31,6,6.0,-3.32,3.32,Normal
2026-07-22,Embu Green,G,2133.3,1231.1,32,HDPE,151.6,8.17,42.3,48.45,1,1.38,6.15,0.0,Normal
2026-07-22,Mwea Smallholder,F,4756.6,1308.3,25,HDPE,227.9,3.84,36.76,40.67,1,3.38,3.91,0.0,Normal
2026-07-22,Mwea Smallholder,B,1441.2,1322.0,40,PVC,221.0,6.03,36.4,34.28,4,6.45,-2.12,2.12,Normal
2026-07-23,Mwea Smallholder,A,651.7,1227.2,63,PVC,587.5,4.9,37.86,29.49,9,6.9,-8.37,8.37,Normal
2026-07-23,Embu Green,H,2322.5,1274.5,40,PVC,50.8,3.87,42.01,41.14,9,3.67,-0.87,0.87,Normal
2026-07-23,Runyenjes East,E,2767.7,1015.4,75,PVC,425.7,4.61,45.94,46.85,4,3.07,0.91,0.0,Normal
2026-07-23,Mwea Smallholder,E,773.2,1166.0,40,PVC,284.0,6.32,39.72,41.85,4,4.39,2.13,0.0,Normal
2026-07-23,Mwea Smallholder,A,2933.3,1051.1,75,HDPE,494.6,5.61,42.63,40.9,9,4.93,-1.73,1.73,Normal
2026-07-23,Embu Green,F,3327.5,1070.2,50,PVC,599.4,5.13,40.55,41.26,2,2.64,0.71,0.0,Normal
2026-07-23,Runyenjes East,B,4922.0,1100.3,90,PVC,605.8,4.94,43.29,44.87,2,4.22,1.58,0.0,Normal
2026-07-23,Embu Green,E,3613.6,1085.3,90,PVC,538.3,4.15,44.29,40.72,9,2.41,-3.57,3.57,Normal
2026-07-23,Embu Green,B,2912.0,1243.7,63,PVC,667.2,1.98,33.11,28.92,7,6.12,-4.19,4.19,Normal
2026-07-23,Kibugu-Nguviu,C,2851.4,998.1,50,PVC,422.5,3.65,48.05,49.74,3,3.41,1.69,0.0,Normal
2026-07-23,Embu Green,C,2879.5,1338.0,75,PVC,274.2,6.19,40.27,39.94,2,3.58,-0.33,0.33,Normal
2026-07-24,Kibugu-Nguviu,D,887.5,1192.6,75,PVC,754.6,5.56,34.87,39.12,3,7.08,4.25,0.0,Normal
2026-07-24,Embu Green,C,1065.4,1055.9,50,PVC,755.2,6.13,39.11,35.53,5,2.07,-3.58,3.58,Normal
2026-07-24,Kibugu-Nguviu,D,1297.8,1248.0,32,PVC,536.5,4.31,35.79,41.47,5,5.62,5.68,0.0,Normal
2026-07-24,Mwea Smallholder,E,2567.6,1250.5,63,HDPE,474.2,4.67,32.98,31.31,8,2.05,-1.67,1.67,Normal
2026-07-24,Mwea Smallholder,F,4375.4,1117.1,90,PVC,194.8,3.05,48.62,52.55,1,5.08,3.93,0.0,High Pressure
2026-07-24,Kibugu-Nguviu,G,752.7,1047.5,63,HDPE,149.1,8.74,49.07,47.32,11,2.87,-1.75,1.75,Normal
2026-07-24,Mwea Smallholder,A,1049.4,1320.0,75,PVC,122.5,0.91,37.14,37.29,10,2.8,0.15,0.0,Normal
2026-07-24,Mwea Smallholder,H,4322.3,1307.7,40,HDPE,116.2,7.35,36.14,30.65,1,1.7,-5.49,5.49,Normal
2026-07-24,Runyenjes East,H,2542.7,1226.3,50,HDPE,42.0,5.76,44.52,47.16,3,2.78,2.64,0.0,Normal
2026-07-25,Mwea Smallholder,F,398.2,1338.7,40,PVC,736.9,3.77,26.03,23.56,6,3.35,-2.47,2.47,Normal
2026-07-25,Runyenjes East,H,596.2,1144.8,25,PVC,607.4,1.76,36.07,37.96,5,3.98,1.89,0.0,Normal
2026-07-25,Embu Green,A,4309.1,1197.5,50,HDPE,357.7,4.47,45.73,41.35,3,1.39,-4.38,4.38,Normal
2026-07-25,Embu Green,B,819.9,1167.1,32,HDPE,125.1,2.91,47.64,52.6,1,6.23,4.96,0.0,High Pressure
2026-07-25,Runyenjes East,B,3043.2,1227.4,63,PVC,757.0,5.32,31.3,29.57,3,0.72,-1.73,1.73,Normal
2026-07-25,Embu Green,D,3709.6,1084.7,75,HDPE,210.9,3.06,43.21,41.77,5,0.56,-1.44,1.44,Normal
2026-07-25,Kibugu-Nguviu,C,3487.3,1007.0,75,PVC,504.6,6.72,47.62,43.0,9,3.96,-4.62,4.62,Normal
2026-07-25,Runyenjes East,G,140.2,1219.2,90,PVC,645.5,7.17,33.61,34.26,10,0.59,0.65,0.0,Normal
2026-07-25,Embu Green,G,4648.2,1230.0,40,PVC,281.5,6.97,42.04,38.94,6,6.7,-3.1,3.1,Normal
2026-07-26,Kibugu-Nguviu,F,125.2,981.7,50,HDPE,714.6,3.15,42.16,45.16,7,1.68,3.0,0.0,Normal
2026-07-26,Kibugu-Nguviu,B,1282.1,1196.9,90,PVC,538.3,4.29,33.54,27.49,3,4.46,-6.05,6.05,Normal
2026-07-26,Kibugu-Nguviu,H,1363.7,1149.5,50,GI,310.9,3.75,39.25,38.43,8,3.86,-0.82,0.82,Normal
2026-07-26,Mwea Smallholder,F,3789.6,1138.4,40,PVC,378.9,6.01,44.45,49.26,11,2.08,4.81,0.0,Normal
2026-07-27,Runyenjes East,C,3140.3,1181.2,75,PVC,126.9,7.62,39.02,40.28,1,0.65,1.26,0.0,Normal
2026-07-27,Kibugu-Nguviu,F,128.4,1223.1,75,HDPE,743.3,7.03,31.65,24.18,5,3.55,-7.47,7.47,Normal
2026-07-27,Kibugu-Nguviu,H,781.7,1016.3,63,PVC,260.3,4.01,48.64,50.51,4,1.7,1.87,0.0,High Pressure
2026-07-27,Runyenjes East,A,3925.0,1204.7,25,HDPE,728.7,6.26,32.3,27.06,1,5.46,-5.24,5.24,Normal
2026-07-27,Runyenjes East,F,585.3,1105.9,75,PVC,231.2,4.89,46.05,38.96,8,0.83,-7.09,7.09,Normal
2026-07-27,Kibugu-Nguviu,F,3286.7,958.3,63,PVC,211.2,4.85,55.64,56.33,3,4.4,0.69,0.0,High Pressure
2026-07-27,Runyenjes East,A,4524.4,1047.9,90,GI,422.1,3.75,45.77,41.08,11,2.9,-4.69,4.69,Normal
2026-07-27,Kibugu-Nguviu,H,3767.6,1156.7,63,GI,104.2,4.52,42.56,41.44,10,3.57,-1.12,1.12,Normal
2026-07-27,Kibugu-Nguviu,A,102.4,1325.2,40,PVC,414.4,5.91,30.71,32.64,10,6.13,1.93,0.0,Normal
2026-07-27,Kibugu-Nguviu,G,2692.6,1070.0,40,HDPE,290.2,4.16,45.05,48.26,9,7.61,3.21,0.0,Normal
2026-07-28,Runyenjes East,E,3715.3,1044.8,90,PVC,413.7,5.9,49.45,44.53,10,4.96,-4.92,4.92,Normal
2026-07-28,Runyenjes East,F,40.6,1224.0,40,PVC,465.9,3.29,35.46,34.87,11,5.55,-0.59,0.59,Normal
2026-07-28,Kibugu-Nguviu,A,4098.7,1097.8,63,GI,37.1,7.28,50.77,46.26,4,2.74,-4.51,4.51,Normal
2026-07-28,Kibugu-Nguviu,H,3650.0,951.5,25,HDPE,797.5,8.52,47.13,41.74,9,7.62,-5.39,5.39,Normal
2026-07-28,Runyenjes East,C,1895.4,971.4,63,PVC,463.1,9.15,46.29,48.33,5,2.22,2.04,0.0,Normal
2026-07-28,Runyenjes East,B,1952.2,1151.7,75,PVC,126.1,4.07,40.33,38.85,1,3.28,-1.48,1.48,Normal
2026-07-29,Runyenjes East,B,4642.1,1187.3,75,GI,88.0,3.59,41.91,34.6,10,5.88,-7.31,7.31,Normal
2026-07-29,Mwea Smallholder,C,4996.2,1163.3,40,PVC,164.5,5.7,45.7,47.05,7,5.3,1.35,0.0,Normal
2026-07-29,Embu Green,A,3114.7,1330.8,32,GI,531.6,2.65,36.2,36.04,4,5.9,-0.16,0.16,Normal
2026-07-29,Mwea Smallholder,C,2525.4,1160.5,90,PVC,240.6,3.93,40.17,41.25,5,0.94,1.08,0.0,Normal
2026-07-30,Kibugu-Nguviu,G,78.5,1180.2,25,HDPE,433.3,6.3,41.37,33.58,5,5.99,-7.79,7.79,Normal
2026-07-30,Embu Green,F,1407.5,1211.3,90,HDPE,63.1,4.16,37.73,34.0,4,2.36,-3.73,3.73,Normal
2026-07-30,Kibugu-Nguviu,H,1932.8,1114.6,50,PVC,728.3,1.51,37.72,40.09,11,1.01,2.37,0.0,Normal
2026-07-30,Kibugu-Nguviu,C,2363.2,1047.7,90,PVC,390.9,3.43,44.21,46.29,2,2.38,2.08,0.0,Normal
2026-07-30,Mwea Smallholder,B,4949.8,1331.2,25,GI,632.0,8.41,30.7,33.95,7,7.02,3.25,0.0,Normal
2026-07-30,Runyenjes East,A,248.3,1251.5,32,HDPE,100.0,3.93,44.03,41.9,1,3.29,-2.13,2.13,Normal
2026-07-30,Embu Green,G,49.8,1179.6,63,HDPE,68.4,4.72,39.16,37.96,1,4.33,-1.2,1.2,Normal
2026-07-31,Runyenjes East,E,4642.6,1005.5,32,PVC,453.8,3.68,45.9,44.79,1,7.18,-1.11,1.11,Normal
2026-07-31,Kibugu-Nguviu,H,832.4,1204.8,90,PVC,54.1,7.12,40.98,32.2,1,4.92,-8.78,8.78,Normal
2026-07-31,Kibugu-Nguviu,G,1157.0,993.5,32,HDPE,392.0,0.5,57.99,60.02,3,5.1,2.03,0.0,High Pressure
2026-07-31,Mwea Smallholder,F,25.7,1322.6,75,HDPE,336.9,4.9,34.26,39.29,9,5.31,5.03,0.0,Normal
2026-07-31,Kibugu-Nguviu,E,1507.4,1265.9,75,PVC,655.0,5.81,33.06,29.58,9,1.8,-3.48,3.48,Normal
2026-07-31,Embu Green,E,1285.6,1299.6,63,HDPE,367.6,4.21,30.29,27.85,3,1.4,-2.44,2.44,Normal
2026-07-31,Embu Green,H,2363.0,1018.7,75,PVC,722.6,5.08,44.26,41.4,4,3.9,-2.86,2.86,Normal
2026-07-31,Runyenjes East,F,1377.9,954.9,75,PVC,699.4,7.08,45.03,41.01,11,2.16,-4.02,4.02,Normal
2026-07-31,Runyenjes East,D,1245.3,995.1,32,PVC,298.6,5.47,49.35,46.82,3,3.9,-2.53,2.53,Normal
2026-08-01,Mwea Smallholder,A,417.1,1062.5,25,PVC,139.7,0.94,47.63,46.26,6,1.58,-1.37,1.37,Normal
2026-08-01,Embu Green,F,3024.0,1128.7,32,PVC,512.5,1.89,35.55,31.91,5,3.82,-3.64,3.64,Normal
2026-08-01,Mwea Smallholder,F,3081.6,1253.0,75,GI,477.8,4.2,44.95,53.61,2,5.37,8.66,0.0,High Pressure
2026-08-01,Mwea Smallholder,C,3890.7,976.9,75,PVC,483.5,6.37,50.62,48.44,2,6.35,-2.18,2.18,Normal
2026-08-01,Mwea Smallholder,B,646.4,1126.0,75,HDPE,73.5,4.98,45.42,41.51,10,7.92,-3.91,3.91,Normal
2026-08-01,Embu Green,A,472.0,1200.4,25,GI,613.7,6.44,38.64,35.06,8,5.7,-3.58,3.58,Normal
2026-08-01,Embu Green,C,2986.9,1318.0,40,PVC,224.4,3.8,35.26,37.24,2,6.91,1.98,0.0,Normal
2026-08-01,Runyenjes East,H,4091.5,1033.6,40,PVC,726.4,1.15,45.02,41.23,9,0.5,-3.79,3.79,Normal
2026-08-01,Runyenjes East,D,4616.5,972.3,63,HDPE,683.3,5.36,43.64,43.42,3,6.62,-0.22,0.22,Normal
2026-08-01,Mwea Smallholder,D,3909.3,1286.7,40,HDPE,622.7,3.75,32.77,33.84,10,2.0,1.07,0.0,Normal
2026-08-02,Kibugu-Nguviu,B,2573.5,1061.4,25,PVC,50.8,7.02,50.74,51.68,1,1.76,0.94,0.0,High Pressure
2026-08-02,Kibugu-Nguviu,E,3540.3,1020.5,63,HDPE,223.3,8.03,44.66,42.59,2,5.61,-2.07,2.07,Normal
2026-08-02,Runyenjes East,H,1239.7,1284.9,50,PVC,711.4,0.86,34.65,36.62,6,6.05,1.97,0.0,Normal
2026-08-02,Runyenjes East,D,2272.9,982.6,90,PVC,569.7,7.08,45.78,44.38,4,5.37,-1.4,1.4,Normal
2026-08-02,Mwea Smallholder,A,2820.7,1266.7,40,PVC,77.6,3.37,34.92,34.17,4,5.84,-0.75,0.75,Normal
2026-08-02,Mwea Smallholder,C,85.8,1323.4,25,HDPE,506.9,0.72,30.37,23.67,4,6.33,-6.7,6.7,Normal
2026-08-02,Embu Green,B,4163.3,1095.9,32,PVC,124.5,6.21,46.67,45.28,3,5.33,-1.39,1.39,Normal
2026-08-02,Mwea Smallholder,G,1253.2,1261.2,40,HDPE,382.5,3.01,37.6,31.04,5,4.22,-6.56,6.56,Normal
2026-08-02,Embu Green,C,2109.1,1037.7,40,HDPE,471.3,1.84,47.44,51.43,9,2.76,3.99,0.0,High Pressure
2026-08-03,Runyenjes East,G,2800.7,1323.3,90,PVC,544.9,6.09,34.02,32.6,4,4.95,-1.42,1.42,Normal
2026-08-03,Kibugu-Nguviu,C,2976.9,1217.4,75,HDPE,621.7,5.54,38.95,36.12,3,5.9,-2.83,2.83,Normal
2026-08-03,Kibugu-Nguviu,A,4113.6,1049.3,50,HDPE,490.2,4.56,39.84,41.05,11,2.27,1.21,0.0,Normal
2026-08-03,Kibugu-Nguviu,H,1144.4,1232.5,75,HDPE,30.9,3.97,45.63,50.98,6,3.25,5.35,0.0,High Pressure
2026-08-03,Embu Green,B,1540.7,1118.4,63,PVC,456.5,4.35,36.81,41.11,7,3.38,4.3,0.0,Normal
2026-08-03,Kibugu-Nguviu,A,499.5,1165.5,25,PVC,499.8,2.85,34.57,34.91,10,3.46,0.34,0.0,Normal
2026-08-03,Embu Green,D,4517.5,1295.3,75,HDPE,296.1,3.12,33.54,40.17,8,1.47,6.63,0.0,Normal
2026-08-04,Runyenjes East,A,1789.7,1242.7,25,PVC,653.8,6.69,38.45,38.3,8,4.15,-0.15,0.15,Normal
2026-08-04,Runyenjes East,D,2894.7,1233.0,25,HDPE,783.0,9.15,28.66,25.52,11,1.53,-3.14,3.14,Normal
2026-08-04,Embu Green,D,834.4,1107.8,32,PVC,187.2,5.87,47.91,47.14,2,1.9,-0.77,0.77,Normal
2026-08-04,Embu Green,H,4347.4,1132.4,40,PVC,135.4,4.52,47.77,44.19,5,0.92,-3.58,3.58,Normal
2026-08-04,Mwea Smallholder,D,4635.0,979.3,75,HDPE,165.5,11.12,51.77,54.41,6,5.82,2.64,0.0,High Pressure
2026-08-04,Embu Green,E,1222.6,1099.9,63,PVC,453.7,7.68,44.2,44.74,10,4.38,0.54,0.0,Normal
2026-08-04,Mwea Smallholder,E,1402.6,1122.6,32,PVC,535.8,5.88,39.53,38.85,1,3.38,-0.68,0.68,Normal
2026-08-04,Embu Green,H,451.5,1253.1,40,GI,120.4,2.97,42.06,39.85,1,7.41,-2.21,2.21,Normal
2026-08-05,Runyenjes East,D,537.6,985.4,50,HDPE,293.9,6.62,50.22,47.26,10,1.05,-2.96,2.96,Normal
2026-08-05,Kibugu-Nguviu,E,4219.0,1109.8,25,HDPE,61.4,4.4,48.94,49.53,3,1.02,0.59,0.0,Normal
2026-08-05,Mwea Smallholder,H,759.0,1062.0,63,HDPE,688.3,3.7,42.55,39.41,8,3.54,-3.14,3.14,Normal
2026-08-05,Runyenjes East,A,2261.6,1003.9,40,PVC,601.8,6.49,41.33,35.76,6,5.67,-5.57,5.57,Normal
2026-08-05,Runyenjes East,A,3950.4,1151.8,50,HDPE,652.3,2.95,37.58,33.33,11,1.3,-4.25,4.25,Normal
2026-08-05,Runyenjes East,D,3904.8,1260.0,63,PVC,716.1,6.87,27.47,25.36,7,3.1,-2.11,2.11,Normal
2026-08-06,Mwea Smallholder,F,653.4,1347.2,40,PVC,375.8,5.49,33.44,39.04,5,2.31,5.6,0.0,Normal
2026-08-06,Embu Green,F,2241.2,1242.3,50,PVC,371.7,3.44,43.08,31.26,3,1.77,-11.82,11.82,Normal
2026-08-06,Runyenjes East,E,4188.2,1349.5,25,PVC,396.0,3.09,32.51,35.75,7,2.15,3.24,0.0,Normal
2026-08-06,Embu Green,A,1618.5,1320.7,40,PVC,660.8,7.48,29.98,31.85,7,5.95,1.87,0.0,Normal
2026-08-06,Mwea Smallholder,A,577.5,1134.5,75,PVC,530.9,8.36,43.31,44.59,7,7.79,1.28,0.0,Normal
2026-08-06,Kibugu-Nguviu,H,2955.3,1040.1,75,PVC,216.6,4.92,45.18,39.32,5,7.29,-5.86,5.86,Normal
2026-08-07,Embu Green,H,4065.8,1023.6,25,PVC,104.5,5.39,50.62,42.02,11,4.19,-8.6,8.6,Normal
2026-08-07,Mwea Smallholder,G,2497.4,1332.6,90,PVC,756.3,5.9,30.85,34.88,4,5.95,4.03,0.0,Normal
2026-08-07,Kibugu-Nguviu,F,1758.9,1328.6,25,PVC,408.5,3.55,33.06,25.56,9,4.96,-7.5,7.5,Normal
2026-08-07,Mwea Smallholder,E,1970.9,1122.4,32,HDPE,266.5,7.05,49.7,42.23,3,5.09,-7.47,7.47,Normal
2026-08-07,Runyenjes East,G,1799.2,1297.4,40,PVC,151.0,6.65,38.15,26.49,10,0.64,-11.66,11.66,Normal
2026-08-07,Runyenjes East,F,4420.5,1320.9,50,PVC,392.6,5.36,31.31,27.28,3,6.11,-4.03,4.03,Normal
2026-08-07,Kibugu-Nguviu,C,1216.6,1288.6,40,PVC,88.4,5.8,39.0,34.99,1,1.05,-4.01,4.01,Normal
2026-08-08,Runyenjes East,D,4647.6,1343.3,50,PVC,299.9,2.63,35.91,40.37,3,3.2,4.46,0.0,Normal
2026-08-08,Runyenjes East,B,2387.4,976.9,63,HDPE,768.2,4.19,41.58,41.01,9,5.27,-0.57,0.57,Normal
2026-08-08,Embu Green,E,1329.0,1246.7,40,HDPE,694.8,4.36,33.93,30.95,10,4.94,-2.98,2.98,Normal
2026-08-08,Kibugu-Nguviu,F,143.8,1031.5,40,HDPE,34.8,7.61,48.54,53.83,1,5.62,5.29,0.0,High Pressure
2026-08-08,Runyenjes East,F,2751.2,1292.0,63,PVC,763.4,5.3,30.73,27.17,7,1.54,-3.56,3.56,Normal
2026-08-08,Embu Green,C,3496.4,1009.6,50,HDPE,717.8,6.14,42.75,40.76,3,7.63,-1.99,1.99,Normal
2026-08-09,Embu Green,F,3382.2,1135.2,63,PVC,308.8,3.07,46.97,47.04,2,5.36,0.07,0.0,Normal
2026-08-09,Mwea Smallholder,F,2702.7,1201.2,75,PVC,411.2,3.35,39.37,40.48,8,4.89,1.11,0.0,Normal
2026-08-09,Runyenjes East,D,388.2,1094.6,40,PVC,646.5,1.62,42.53,35.84,3,1.95,-6.69,6.69,Normal
2026-08-09,Runyenjes East,H,1730.4,1018.6,40,PVC,245.5,5.0,51.3,48.34,10,3.67,-2.96,2.96,Normal
2026-08-09,Runyenjes East,F,4295.3,1026.6,63,PVC,770.8,2.71,40.15,39.23,8,4.62,-0.92,0.92,Normal
2026-08-09,Mwea Smallholder,H,3399.8,1315.1,50,HDPE,415.7,4.05,30.18,20.86,4,0.55,-9.32,9.32,Normal
2026-08-10,Kibugu-Nguviu,G,2618.9,975.4,40,PVC,32.4,2.95,49.62,47.96,8,0.99,-1.66,1.66,Normal
2026-08-10,Kibugu-Nguviu,D,1753.3,1102.1,40,PVC,431.4,8.64,45.42,46.27,7,4.34,0.85,0.0,Normal
2026-08-10,Runyenjes East,H,266.8,1068.4,63,GI,659.0,4.27,44.55,42.17,1,3.1,-2.38,2.38,Normal
2026-08-10,Embu Green,B,1428.7,1286.8,50,HDPE,261.4,4.42,41.46,44.79,2,2.68,3.33,0.0,Normal
2026-08-10,Runyenjes East,F,3537.5,1183.6,63,PVC,364.9,3.61,40.36,37.82,8,0.96,-2.54,2.54,Normal
2026-08-11,Kibugu-Nguviu,A,358.5,1302.5,63,GI,86.4,4.81,39.9,41.72,5,0.97,1.82,0.0,Normal
2026-08-11,Runyenjes East,F,433.8,1266.6,75,PVC,501.3,4.27,36.89,44.03,3,2.99,7.14,0.0,Normal
2026-08-11,Runyenjes East,G,4828.8,1341.4,63,GI,253.6,4.79,39.37,34.66,10,1.74,-4.71,4.71,Normal
2026-08-11,Embu Green,G,1846.1,975.9,75,PVC,502.9,4.18,45.93,47.0,9,4.99,1.07,0.0,Normal
2026-08-11,Embu Green,H,1483.0,1350.0,50,HDPE,145.2,2.03,40.94,32.31,11,1.81,-8.63,8.63,Normal
2026-08-11,Mwea Smallholder,E,1103.2,1170.3,25,PVC,158.6,7.64,45.1,38.38,1,5.23,-6.72,6.72,Normal
2026-08-11,Kibugu-Nguviu,F,4586.6,1234.9,90,HDPE,416.0,4.69,33.46,21.49,8,5.61,-11.97,11.97,Normal
2026-08-12,Runyenjes East,G,4634.7,1105.5,75,HDPE,521.9,5.91,39.85,44.94,3,2.03,5.09,0.0,Normal
2026-08-12,Embu Green,G,3641.6,1286.3,40,HDPE,332.6,5.33,32.85,31.58,1,1.35,-1.27,1.27,Normal
2026-08-12,Mwea Smallholder,G,2479.4,1319.1,50,PVC,792.6,4.77,25.01,19.15,8,0.52,-5.86,5.86,Normal
2026-08-12,Embu Green,E,468.8,1228.2,75,PVC,782.2,3.14,31.92,39.07,8,0.86,7.15,0.0,Normal
2026-08-12,Runyenjes East,F,460.0,1253.1,75,HDPE,775.9,1.84,38.26,34.83,4,6.03,-3.43,3.43,Normal
2026-08-12,Mwea Smallholder,B,242.2,1092.9,32,HDPE,74.6,6.56,46.91,46.21,1,1.5,-0.7,0.7,Normal
2026-08-12,Embu Green,E,1726.1,1287.9,63,HDPE,459.2,6.17,41.57,40.93,3,6.85,-0.64,0.64,Normal
2026-08-12,Runyenjes East,A,2545.9,1302.2,90,PVC,499.9,6.22,30.88,35.53,1,2.74,4.65,0.0,Normal
2026-08-12,Embu Green,A,4486.6,1048.2,75,GI,725.4,3.56,42.97,45.96,4,7.5,2.99,0.0,Normal
2026-08-12,Runyenjes East,D,3753.7,1001.6,63,GI,641.4,4.78,46.61,48.7,3,5.54,2.09,0.0,Normal
2026-08-12,Runyenjes East,A,2984.2,1239.3,40,PVC,601.7,3.93,30.21,25.42,7,1.84,-4.79,4.79,Normal
2026-08-12,Embu Green,B,4423.3,1169.3,50,HDPE,187.5,5.06,38.99,27.5,10,3.71,-11.49,11.49,Normal
2026-08-13,Kibugu-Nguviu,A,534.3,1271.3,90,PVC,504.3,6.81,36.97,41.82,1,5.42,4.85,0.0,Normal
2026-08-13,Kibugu-Nguviu,B,2044.4,1296.2,75,PVC,718.6,4.71,34.22,36.67,7,3.02,2.45,0.0,Normal
2026-08-13,Kibugu-Nguviu,F,1354.7,1186.9,25,PVC,498.4,4.15,40.28,38.26,10,5.97,-2.02,2.02,Normal
2026-08-13,Mwea Smallholder,F,611.0,1209.0,40,HDPE,182.6,4.71,41.95,39.93,11,6.51,-2.02,2.02,Normal
2026-08-13,Embu Green,F,2465.3,1200.8,40,HDPE,260.3,5.53,50.7,56.18,4,1.31,5.48,0.0,High Pressure
2026-08-13,Runyenjes East,C,3575.9,1312.4,90,PVC,468.1,1.22,32.84,27.01,8,1.19,-5.83,5.83,Normal
2026-08-13,Embu Green,F,2175.3,1054.9,50,GI,476.4,4.25,44.72,42.85,5,5.46,-1.87,1.87,Normal
2026-08-13,Kibugu-Nguviu,D,2396.4,1343.7,50,PVC,415.0,1.21,36.62,40.28,11,4.2,3.66,0.0,Normal
2026-08-13,Runyenjes East,F,3899.4,1050.5,40,HDPE,606.3,6.47,44.62,48.44,11,6.47,3.82,0.0,Normal
2026-08-14,Mwea Smallholder,C,1177.7,983.3,50,PVC,322.7,5.43,48.91,52.9,8,1.51,3.99,0.0,High Pressure
2026-08-14,Embu Green,D,4088.8,1154.2,75,PVC,792.3,3.03,37.11,36.74,9,1.14,-0.37,0.37,Normal
2026-08-14,Runyenjes East,G,879.6,1217.3,50,PVC,550.7,7.21,43.26,48.1,10,0.9,4.84,0.0,Normal
2026-08-14,Embu Green,H,535.7,1144.7,75,HDPE,654.8,0.5,38.43,35.44,11,0.52,-2.99,2.99,Normal
2026-08-14,Mwea Smallholder,B,2869.3,1343.2,75,HDPE,468.8,4.92,29.77,27.03,9,7.78,-2.74,2.74,Normal
2026-08-15,Kibugu-Nguviu,B,4394.8,1058.2,75,PVC,546.4,7.57,44.3,45.73,2,0.71,1.43,0.0,Normal
2026-08-15,Runyenjes East,D,437.9,1011.8,50,PVC,379.5,7.58,48.01,45.0,10,7.79,-3.01,3.01,Normal
2026-08-15,Kibugu-Nguviu,F,4446.9,1106.3,75,PVC,59.2,4.58,53.19,51.5,7,6.83,-1.69,1.69,High Pressure
2026-08-15,Runyenjes East,F,2423.8,1095.6,32,PVC,781.4,4.79,37.41,38.77,5,1.61,1.36,0.0,Normal
2026-08-15,Embu Green,G,2749.7,1009.0,25,PVC,139.4,6.9,53.83,50.13,1,2.99,-3.7,3.7,High Pressure
2026-08-15,Embu Green,H,2662.1,1239.8,50,HDPE,616.9,5.68,33.03,22.54,1,0.75,-10.49,10.49,Normal
2026-08-15,Runyenjes East,A,3559.3,1046.9,90,HDPE,618.5,2.56,44.53,43.72,11,4.33,-0.81,0.81,Normal
2026-08-15,Runyenjes East,C,3529.3,1096.7,75,HDPE,636.9,4.7,43.2,36.85,10,1.08,-6.35,6.35,Normal
2026-08-16,Embu Green,A,465.5,1249.3,50,HDPE,77.6,3.12,38.4,47.32,8,7.05,8.92,0.0,Normal
2026-08-16,Kibugu-Nguviu,D,738.5,1326.8,90,PVC,568.7,9.29,30.38,31.9,2,6.17,1.52,0.0,Normal
2026-08-16,Kibugu-Nguviu,A,1059.6,1198.8,25,HDPE,37.2,5.53,46.64,45.75,2,4.61,-0.89,0.89,Normal
2026-08-16,Kibugu-Nguviu,F,2752.4,1106.7,25,PVC,33.6,3.55,53.33,53.29,6,6.41,-0.04,0.04,High Pressure
2026-08-16,Embu Green,G,1174.5,1316.2,90,PVC,352.7,7.13,39.37,41.31,9,3.3,1.94,0.0,Normal
2026-08-16,Embu Green,D,658.2,1254.0,63,PVC,205.9,6.1,40.4,44.16,4,2.66,3.76,0.0,Normal
2026-08-16,Kibugu-Nguviu,A,4951.9,1269.9,90,GI,490.9,5.13,33.66,30.41,5,5.55,-3.25,3.25,Normal
2026-08-16,Kibugu-Nguviu,F,1601.5,1063.0,63,PVC,631.3,2.58,43.56,38.19,9,3.42,-5.37,5.37,Normal
2026-08-16,Mwea Smallholder,D,1651.8,1270.1,50,GI,787.3,5.21,26.06,29.55,2,2.01,3.49,0.0,Normal
2026-08-17,Kibugu-Nguviu,A,565.7,1057.4,63,HDPE,622.0,5.55,44.04,42.44,11,6.2,-1.6,1.6,Normal
2026-08-17,Kibugu-Nguviu,G,4738.3,1317.1,90,GI,33.0,8.1,34.57,27.97,11,7.54,-6.6,6.6,Normal
2026-08-17,Mwea Smallholder,H,649.6,997.6,32,PVC,592.5,2.89,45.47,45.23,10,1.9,-0.24,0.24,Normal
2026-08-17,Kibugu-Nguviu,A,3210.2,969.9,50,HDPE,447.1,3.19,50.33,47.03,6,5.48,-3.3,3.3,Normal
2026-08-17,Runyenjes East,G,4985.8,1298.1,32,GI,176.1,3.77,34.28,19.04,2,7.27,-15.24,15.24,Normal
2026-08-17,Mwea Smallholder,H,4627.2,1328.5,40,PVC,92.0,10.43,38.75,37.68,5,1.94,-1.07,1.07,Normal
2026-08-18,Mwea Smallholder,F,3052.2,1306.2,90,HDPE,93.5,4.05,38.0,37.26,5,1.16,-0.74,0.74,Normal
2026-08-18,Mwea Smallholder,H,952.9,1302.9,63,HDPE,618.1,5.48,29.57,28.51,3,5.74,-1.06,1.06,Normal
2026-08-18,Kibugu-Nguviu,E,330.6,1123.1,25,HDPE,212.2,10.61,44.12,39.71,6,7.19,-4.41,4.41,Normal
2026-08-18,Runyenjes East,C,2523.7,1337.9,63,PVC,377.5,4.36,34.07,31.58,7,0.97,-2.49,2.49,Normal
2026-08-18,Mwea Smallholder,G,3049.9,1155.5,40,PVC,142.5,5.9,42.07,44.49,3,5.85,2.42,0.0,Normal
2026-08-18,Kibugu-Nguviu,F,558.5,988.8,50,PVC,515.7,2.04,53.33,53.18,4,5.26,-0.15,0.15,High Pressure
2026-08-18,Kibugu-Nguviu,A,3264.4,1036.9,63,PVC,377.8,4.12,50.35,55.31,8,0.51,4.96,0.0,High Pressure
2026-08-18,Embu Green,E,3521.1,1298.2,75,PVC,196.8,5.87,36.29,31.19,6,4.65,-5.1,5.1,Normal
2026-08-19,Embu Green,D,4360.0,1070.4,63,HDPE,287.6,6.24,47.32,43.17,10,3.78,-4.15,4.15,Normal
2026-08-19,Kibugu-Nguviu,G,2678.4,1234.2,50,HDPE,694.2,3.73,34.52,36.36,4,1.12,1.84,0.0,Normal
2026-08-20,Runyenjes East,E,3470.8,1169.9,40,PVC,552.2,4.06,40.39,42.7,10,1.4,2.31,0.0,Normal
2026-08-20,Kibugu-Nguviu,B,791.8,1017.1,90,HDPE,307.8,6.06,48.4,48.63,1,2.78,0.23,0.0,Normal
2026-08-20,Embu Green,C,4355.8,1027.8,63,HDPE,507.3,6.68,46.98,40.8,10,5.46,-6.18,6.18,Normal
2026-08-20,Embu Green,F,903.9,1242.4,63,PVC,221.3,9.51,34.9,43.69,9,3.1,8.79,0.0,Normal
2026-08-21,Embu Green,A,3290.2,1162.9,90,HDPE,572.7,3.34,36.8,29.12,10,4.2,-7.68,7.68,Normal
2026-08-21,Mwea Smallholder,A,1963.3,1180.5,40,HDPE,103.2,3.56,44.58,33.25,3,5.15,-11.33,11.33,Normal
2026-08-22,Mwea Smallholder,D,4115.6,990.6,63,HDPE,590.0,8.2,43.4,45.62,8,7.87,2.22,0.0,Normal
2026-08-22,Runyenjes East,A,2861.1,1117.4,40,HDPE,542.1,6.34,41.91,46.75,5,0.91,4.84,0.0,Normal
2026-08-22,Runyenjes East,F,2600.1,1268.4,32,HDPE,773.8,2.16,37.01,37.36,4,5.45,0.35,0.0,Normal
2026-08-22,Kibugu-Nguviu,D,1354.8,990.4,63,PVC,706.7,3.51,43.61,34.38,10,6.11,-9.23,9.23,Normal
2026-08-22,Runyenjes East,A,3955.3,1299.9,32,HDPE,750.8,5.35,30.56,28.33,4,7.19,-2.23,2.23,Normal
2026-08-23,Embu Green,F,2547.1,1027.0,50,GI,779.2,6.55,44.56,45.54,3,1.91,0.98,0.0,Normal
2026-08-23,Embu Green,F,3.0,1143.8,75,PVC,393.0,3.84,46.9,50.47,7,5.51,3.57,0.0,High Pressure
2026-08-23,Runyenjes East,G,633.8,1073.5,25,PVC,228.1,3.79,45.0,42.84,8,1.99,-2.16,2.16,Normal
2026-08-23,Runyenjes East,F,1718.1,1124.7,32,PVC,561.3,2.7,38.96,40.01,6,6.41,1.05,0.0,Normal
2026-08-23,Kibugu-Nguviu,H,4734.8,1068.7,50,PVC,154.2,3.84,46.6,34.86,7,2.8,-11.74,11.74,Normal
2026-08-23,Mwea Smallholder,D,1350.1,1162.5,63,PVC,421.9,4.08,42.91,36.86,11,7.16,-6.05,6.05,Normal
2026-08-24,Mwea Smallholder,G,3769.8,1133.6,40,PVC,57.6,6.46,51.58,46.57,2,1.72,-5.01,5.01,Normal
2026-08-24,Mwea Smallholder,C,1197.2,1068.5,63,PVC,663.5,5.27,40.78,38.76,2,0.84,-2.02,2.02,Normal
2026-08-24,Mwea Smallholder,B,3874.1,1147.2,32,PVC,158.8,3.7,44.01,50.81,4,5.65,6.8,0.0,High Pressure
2026-08-24,Mwea Smallholder,G,1724.4,953.1,50,PVC,616.4,1.49,50.87,47.6,1,1.22,-3.27,3.27,Normal
2026-08-24,Runyenjes East,C,3647.3,1245.9,63,PVC,572.4,2.96,39.2,43.89,8,0.6,4.69,0.0,Normal
2026-08-24,Runyenjes East,D,2171.5,1069.2,50,PVC,423.0,4.12,47.22,48.31,2,1.17,1.09,0.0,Normal
2026-08-24,Kibugu-Nguviu,C,1670.0,1067.1,40,PVC,175.5,7.72,53.9,53.04,6,1.03,-0.86,0.86,High Pressure
2026-08-24,Runyenjes East,G,4767.4,1246.4,75,PVC,467.2,2.34,35.46,38.56,1,1.95,3.1,0.0,Normal
2026-08-24,Embu Green,F,4081.4,1279.6,50,PVC,687.3,8.58,34.7,31.04,7,4.07,-3.66,3.66,Normal
2026-08-25,Runyenjes East,A,722.7,1143.0,40,PVC,265.8,4.4,38.53,36.77,1,7.86,-1.76,1.76,Normal
2026-08-25,Kibugu-Nguviu,E,3444.3,1042.1,32,PVC,725.2,8.0,44.78,45.37,9,6.42,0.59,0.0,Normal
2026-08-25,Mwea Smallholder,C,3591.3,1341.6,40,PVC,406.9,6.49,28.52,25.42,9,1.83,-3.1,3.1,Normal
2026-08-25,Embu Green,F,138.5,1269.2,40,HDPE,188.0,4.51,39.96,35.82,6,1.13,-4.14,4.14,Normal
2026-08-25,Kibugu-Nguviu,G,4480.0,1059.0,90,PVC,289.0,2.08,49.92,44.26,9,5.27,-5.66,5.66,Normal
2026-08-25,Mwea Smallholder,C,1177.7,1324.7,63,HDPE,33.1,6.41,41.14,40.34,6,3.24,-0.8,0.8,Normal
2026-08-25,Embu Green,G,1909.0,975.8,63,GI,52.3,7.44,52.33,44.09,3,5.83,-8.24,8.24,Normal
2026-08-25,Kibugu-Nguviu,G,4032.7,1102.7,63,GI,233.7,6.22,47.72,49.07,8,4.21,1.35,0.0,Normal
2026-08-26,Mwea Smallholder,D,1836.4,1143.6,63,GI,598.5,0.61,35.63,41.73,1,1.56,6.1,0.0,Normal
2026-08-26,Kibugu-Nguviu,F,1887.0,1122.2,50,HDPE,349.8,7.19,41.08,39.18,3,1.45,-1.9,1.9,Normal
2026-08-26,Runyenjes East,F,3599.2,1032.8,32,HDPE,569.9,6.63,41.87,41.38,7,7.19,-0.49,0.49,Normal
2026-08-26,Runyenjes East,E,4041.4,1125.1,90,PVC,455.1,5.61,47.96,43.43,4,2.2,-4.53,4.53,Normal
2026-08-26,Mwea Smallholder,E,1701.4,1073.1,50,PVC,113.5,6.14,48.18,53.0,1,7.28,4.82,0.0,High Pressure
2026-08-26,Mwea Smallholder,E,2918.9,1033.0,75,HDPE,763.0,5.28,42.7,38.88,11,4.09,-3.82,3.82,Normal
2026-08-26,Embu Green,C,1188.3,1065.5,32,PVC,312.6,3.09,46.54,36.8,10,4.79,-9.74,9.74,Normal
2026-08-26,Mwea Smallholder,C,2975.7,1203.7,75,PVC,451.1,6.37,30.71,36.67,5,2.91,5.96,0.0,Normal
2026-08-26,Kibugu-Nguviu,C,1201.9,1104.9,50,PVC,685.0,5.06,36.39,45.52,10,3.16,9.13,0.0,Normal
2026-08-26,Runyenjes East,D,2520.7,1208.3,32,PVC,377.9,6.05,39.18,42.14,10,7.64,2.96,0.0,Normal
2026-08-27,Embu Green,B,4156.3,1208.7,63,PVC,319.6,7.16,42.11,38.92,6,1.15,-3.19,3.19,Normal
2026-08-27,Embu Green,B,2332.6,996.0,50,HDPE,588.5,6.59,50.0,49.46,2,1.39,-0.54,0.54,Normal
2026-08-27,Mwea Smallholder,F,245.6,1313.9,90,PVC,672.0,7.05,34.91,33.58,10,1.32,-1.33,1.33,Normal
2026-08-27,Mwea Smallholder,C,1128.5,1067.5,32,PVC,98.9,6.74,45.53,47.09,6,3.07,1.56,0.0,Normal
2026-08-27,Kibugu-Nguviu,B,2869.2,1246.5,63,PVC,113.0,5.12,38.84,35.84,2,4.94,-3.0,3.0,Normal
2026-08-27,Embu Green,D,4861.8,1199.1,40,PVC,650.8,7.44,38.64,35.8,6,5.36,-2.84,2.84,Normal
2026-08-28,Runyenjes East,G,3091.4,965.6,50,HDPE,295.8,8.2,46.01,45.02,11,4.77,-0.99,0.99,Normal
2026-08-28,Runyenjes East,A,2518.7,1323.9,50,HDPE,248.6,3.49,36.11,40.36,2,7.28,4.25,0.0,Normal
2026-08-28,Kibugu-Nguviu,G,3691.7,1125.5,25,HDPE,60.9,3.59,47.25,40.23,3,4.01,-7.02,7.02,Normal
2026-08-28,Mwea Smallholder,A,68.7,1051.5,75,PVC,106.2,5.47,50.58,47.33,9,3.74,-3.25,3.25,Normal
2026-08-28,Kibugu-Nguviu,G,3532.1,1063.7,63,HDPE,90.6,6.54,50.18,47.65,2,2.53,-2.53,2.53,Normal
2026-08-28,Runyenjes East,H,713.7,1223.1,90,PVC,91.1,6.88,47.65,36.28,5,2.5,-11.37,11.37,Normal
2026-08-28,Embu Green,B,1314.9,979.4,63,PVC,330.7,6.56,49.98,52.2,7,5.58,2.22,0.0,High Pressure
2026-08-28,Mwea Smallholder,F,1401.9,1126.5,32,PVC,307.9,4.28,36.13,38.81,6,5.23,2.68,0.0,Normal
2026-08-28,Mwea Smallholder,E,3965.5,983.7,75,PVC,503.2,2.7,45.29,46.19,6,4.32,0.9,0.0,Normal
2026-08-28,Embu Green,A,3427.1,1271.9,75,HDPE,371.2,0.93,38.43,31.02,5,0.54,-7.41,7.41,Normal
2026-08-29,Kibugu-Nguviu,D,3413.6,1137.9,50,PVC,665.4,5.55,38.51,38.74,3,7.12,0.23,0.0,Normal
2026-08-29,Embu Green,E,4249.0,1233.1,75,HDPE,51.1,6.24,44.2,43.04,7,0.83,-1.16,1.16,Normal
2026-08-29,Mwea Smallholder,H,3707.0,1045.9,90,PVC,540.1,2.15,42.73,51.79,10,2.84,9.06,0.0,High Pressure
2026-08-29,Mwea Smallholder,C,3120.4,1057.7,40,HDPE,748.4,9.0,40.47,43.47,10,4.34,3.0,0.0,Normal
2026-08-29,Runyenjes East,B,4615.1,1010.2,75,GI,512.3,5.93,43.21,40.91,9,5.34,-2.3,2.3,Normal
2026-08-29,Mwea Smallholder,C,4040.4,1114.8,32,HDPE,628.4,4.55,36.93,31.27,11,2.31,-5.66,5.66,Normal
2026-08-29,Runyenjes East,H,2366.8,982.0,32,GI,365.3,4.79,46.17,41.47,2,3.99,-4.7,4.7,Normal
2026-08-29,Kibugu-Nguviu,B,2955.7,965.8,75,HDPE,638.7,5.37,48.98,42.38,10,4.41,-6.6,6.6,Normal
2026-08-29,Runyenjes East,C,3669.0,1347.1,50,GI,432.8,3.94,30.04,32.6,7,4.73,2.56,0.0,Normal
2026-08-30,Embu Green,H,2832.1,1282.8,32,PVC,144.5,6.45,37.7,37.89,6,1.08,0.19,0.0,Normal
2026-08-30,Kibugu-Nguviu,B,4644.5,1032.0,63,HDPE,692.1,4.59,40.94,50.0,8,2.35,9.06,0.0,Normal
2026-08-30,Runyenjes East,G,73.6,1300.3,40,PVC,490.4,4.54,28.71,22.54,3,7.1,-6.17,6.17,Normal
2026-08-30,Mwea Smallholder,D,4339.4,1349.1,63,GI,116.3,4.24,38.08,32.46,8,1.49,-5.62,5.62,Normal
2026-08-30,Runyenjes East,B,1304.5,966.7,50,HDPE,763.3,1.71,47.48,47.62,11,6.65,0.14,0.0,Normal
2026-08-31,Runyenjes East,B,1249.7,1263.9,25,HDPE,570.6,3.23,38.2,45.27,7,6.71,7.07,0.0,Normal
2026-08-31,Embu Green,H,658.0,964.3,32,PVC,579.0,6.39,48.28,45.38,1,3.98,-2.9,2.9,Normal
2026-08-31,Embu Green,D,195.8,967.1,32,HDPE,645.1,2.7,46.04,47.2,5,4.79,1.16,0.0,Normal
2026-08-31,Kibugu-Nguviu,G,4160.9,1266.8,75,GI,341.6,7.52,30.48,34.33,5,5.02,3.85,0.0,Normal
